/*
 * Auto-generated LVGL v8 font: lv_font_roboto_42
 * Size: 42px, line_height=50, baseline=11
 * Chars: 0x20-0x7E + 0xB0 (degree sign)
 */

#include "lvgl.h"

/*---- Bitmap data (29607 bytes, 4bpp) ----*/
static const uint8_t lv_font_roboto_42_glyph_bitmap[] = {
    0x00, 0x09, 0xff, 0xf6, 0x00, 0x00, 0x00, 0x8f, 0xff, 0x60, 0x00, 0x00, 0x08, 0xff, 0xf6, 0x00,
    0x00, 0x00, 0x8f, 0xff, 0x50, 0x00, 0x00, 0x08, 0xff, 0xf5, 0x00, 0x00, 0x00, 0x8f, 0xff, 0x50,
    0x00, 0x00, 0x07, 0xff, 0xf5, 0x00, 0x00, 0x00, 0x7f, 0xff, 0x50, 0x00, 0x00, 0x07, 0xff, 0xf4,
    0x00, 0x00, 0x00, 0x7f, 0xff, 0x40, 0x00, 0x00, 0x07, 0xff, 0xf4, 0x00, 0x00, 0x00, 0x6f, 0xff,
    0x40, 0x00, 0x00, 0x06, 0xff, 0xf4, 0x00, 0x00, 0x00, 0x6f, 0xff, 0x30, 0x00, 0x00, 0x06, 0xff,
    0xf3, 0x00, 0x00, 0x00, 0x5f, 0xff, 0x30, 0x00, 0x00, 0x05, 0xff, 0xf3, 0x00, 0x00, 0x00, 0x5f,
    0xff, 0x30, 0x00, 0x00, 0x05, 0xff, 0xf2, 0x00, 0x00, 0x00, 0x5f, 0xff, 0x20, 0x00, 0x00, 0x04,
    0xff, 0xf2, 0x00, 0x00, 0x00, 0x4f, 0xff, 0x20, 0x00, 0x00, 0x00, 0x00, 0x00, 0x00, 0x00, 0x00,
    0x00, 0x00, 0x00, 0x00, 0x00, 0x00, 0x00, 0x00, 0x00, 0x00, 0x00, 0x00, 0x00, 0x00, 0x00, 0x00,
    0x02, 0xcf, 0xd2, 0x00, 0x00, 0x00, 0x9f, 0xff, 0xb0, 0x00, 0x00, 0x09, 0xff, 0xfb, 0x00, 0x00,
    0x00, 0x2c, 0xfd, 0x20, 0x00, 0x00, 0x3f, 0xfb, 0x00, 0xaf, 0xf3, 0x00, 0x03, 0xff, 0xb0, 0x0a,
    0xff, 0x30, 0x00, 0x3f, 0xfb, 0x00, 0xaf, 0xf3, 0x00, 0x03, 0xff, 0xa0, 0x0a, 0xff, 0x20, 0x00,
    0x3f, 0xf8, 0x00, 0xaf, 0xf1, 0x00, 0x03, 0xff, 0x70, 0x0a, 0xff, 0x00, 0x00, 0x3f, 0xf6, 0x00,
    0xaf, 0xe0, 0x00, 0x03, 0xff, 0x40, 0x0a, 0xfd, 0x00, 0x00, 0x3f, 0xf3, 0x00, 0xaf, 0xc0, 0x00,
    0x03, 0xff, 0x20, 0x0a, 0xfa, 0x00, 0x00, 0x00, 0x00, 0x00, 0x00, 0x00, 0x00, 0x00, 0x00, 0x00,
    0x00, 0x00, 0x00, 0x00, 0x00, 0x00, 0x00, 0x00, 0x00, 0x00, 0x00, 0x00, 0x00, 0x00, 0x00, 0x00,
    0x00, 0x00, 0x00, 0x00, 0x00, 0x00, 0x00, 0x00, 0x00, 0x00, 0x00, 0x00, 0x00, 0x00, 0x00, 0x00,
    0x00, 0x00, 0x00, 0x00, 0x00, 0x00, 0x00, 0x00, 0x00, 0x00, 0x00, 0x00, 0x00, 0x00, 0x00, 0x00,
    0x00, 0x00, 0x00, 0x00, 0x00, 0x00, 0x00, 0x00, 0x00, 0x00, 0x00, 0x00, 0x00, 0x00, 0x00, 0x00,
    0x00, 0x00, 0x00, 0x00, 0x00, 0x00, 0x00, 0x00, 0x00, 0x00, 0x00, 0x00, 0x00, 0x00, 0x00, 0x00,
    0x00, 0x00, 0x00, 0x00, 0x00, 0x00, 0x00, 0x00, 0x00, 0x00, 0x00, 0x00, 0x00, 0x00, 0x00, 0x00,
    0x00, 0x00, 0x00, 0x00, 0x00, 0x00, 0x00, 0x00, 0x00, 0x00, 0x00, 0x00, 0x00, 0x00, 0x00, 0x00,
    0x00, 0x00, 0x00, 0x00, 0x00, 0x00, 0x00, 0x00, 0x00, 0x00, 0x00, 0x00, 0x00, 0x00, 0x00, 0x00,
    0x00, 0x00, 0x00, 0x00, 0x00, 0x00, 0x00, 0x00, 0x00, 0x00, 0x09, 0xff, 0x60, 0x00, 0x03, 0xff,
    0xb0, 0x00, 0x00, 0x00, 0x00, 0x00, 0x00, 0x0c, 0xff, 0x30, 0x00, 0x06, 0xff, 0x80, 0x00, 0x00,
    0x00, 0x00, 0x00, 0x00, 0x0f, 0xff, 0x00, 0x00, 0x09, 0xff, 0x50, 0x00, 0x00, 0x00, 0x00, 0x00,
    0x00, 0x2f, 0xfc, 0x00, 0x00, 0x0c, 0xff, 0x20, 0x00, 0x00, 0x00, 0x00, 0x00, 0x00, 0x5f, 0xf9,
    0x00, 0x00, 0x0f, 0xff, 0x00, 0x00, 0x00, 0x00, 0x00, 0x00, 0x00, 0x8f, 0xf6, 0x00, 0x00, 0x2f,
    0xfc, 0x00, 0x00, 0x00, 0x00, 0x00, 0x00, 0x00, 0xbf, 0xf3, 0x00, 0x00, 0x5f, 0xf9, 0x00, 0x00,
    0x00, 0x00, 0x00, 0x00, 0x00, 0xef, 0xf0, 0x00, 0x00, 0x9f, 0xf5, 0x00, 0x00, 0x00, 0x00, 0xdd,
    0xdd, 0xdd, 0xff, 0xfd, 0xdd, 0xdd, 0xff, 0xfe, 0xdd, 0xd4, 0x00, 0x00, 0xff, 0xff, 0xff, 0xff,
    0xff, 0xff, 0xff, 0xff, 0xff, 0xff, 0xf5, 0x00, 0x00, 0xff, 0xff, 0xff, 0xff, 0xff, 0xff, 0xff,
    0xff, 0xff, 0xff, 0xf5, 0x00, 0x00, 0x00, 0x00, 0x0b, 0xff, 0x40, 0x00, 0x05, 0xff, 0x90, 0x00,
    0x00, 0x00, 0x00, 0x00, 0x00, 0x0e, 0xff, 0x00, 0x00, 0x08, 0xff, 0x60, 0x00, 0x00, 0x00, 0x00,
    0x00, 0x00, 0x1f, 0xfd, 0x00, 0x00, 0x0b, 0xff, 0x30, 0x00, 0x00, 0x00, 0x00, 0x00, 0x00, 0x4f,
    0xfa, 0x00, 0x00, 0x0e, 0xff, 0x00, 0x00, 0x00, 0x00, 0x00, 0x00, 0x00, 0x7f, 0xf7, 0x00, 0x00,
    0x1f, 0xfd, 0x00, 0x00, 0x00, 0x00, 0x00, 0x00, 0x00, 0xaf, 0xf4, 0x00, 0x00, 0x5f, 0xf9, 0x00,
    0x00, 0x00, 0x00, 0x00, 0x00, 0x00, 0xdf, 0xf1, 0x00, 0x00, 0x8f, 0xf6, 0x00, 0x00, 0x00, 0x00,
    0x00, 0x00, 0x00, 0xff, 0xe0, 0x00, 0x00, 0xbf, 0xf3, 0x00, 0x00, 0x00, 0x00, 0x9f, 0xff, 0xff,
    0xff, 0xff, 0xff, 0xff, 0xff, 0xff, 0xff, 0xfc, 0x00, 0x00, 0x9f, 0xff, 0xff, 0xff, 0xff, 0xff,
    0xff, 0xff, 0xff, 0xff, 0xfc, 0x00, 0x00, 0x7d, 0xdd, 0xdf, 0xff, 0xdd, 0xdd, 0xde, 0xff, 0xed,
    0xdd, 0xda, 0x00, 0x00, 0x00, 0x00, 0x0d, 0xff, 0x10, 0x00, 0x07, 0xff, 0x70, 0x00, 0x00, 0x00,
    0x00, 0x00, 0x00, 0x0f, 0xfe, 0x00, 0x00, 0x0a, 0xff, 0x40, 0x00, 0x00, 0x00, 0x00, 0x00, 0x00,
    0x3f, 0xfb, 0x00, 0x00, 0x0d, 0xff, 0x10, 0x00, 0x00, 0x00, 0x00, 0x00, 0x00, 0x6f, 0xf8, 0x00,
    0x00, 0x1f, 0xfd, 0x00, 0x00, 0x00, 0x00, 0x00, 0x00, 0x00, 0x9f, 0xf5, 0x00, 0x00, 0x4f, 0xfa,
    0x00, 0x00, 0x00, 0x00, 0x00, 0x00, 0x00, 0xcf, 0xf2, 0x00, 0x00, 0x7f, 0xf7, 0x00, 0x00, 0x00,
    0x00, 0x00, 0x00, 0x00, 0xff, 0xf0, 0x00, 0x00, 0xaf, 0xf4, 0x00, 0x00, 0x00, 0x00, 0x00, 0x00,
    0x02, 0xff, 0xc0, 0x00, 0x00, 0xdf, 0xf1, 0x00, 0x00, 0x00, 0x00, 0x00, 0x00, 0x00, 0x00, 0x00,
    0x4f, 0xfd, 0x00, 0x00, 0x00, 0x00, 0x00, 0x00, 0x00, 0x00, 0x00, 0x00, 0x4f, 0xfd, 0x00, 0x00,
    0x00, 0x00, 0x00, 0x00, 0x00, 0x00, 0x00, 0x00, 0x4f, 0xfd, 0x00, 0x00, 0x00, 0x00, 0x00, 0x00,
    0x00, 0x00, 0x00, 0x00, 0x4f, 0xfd, 0x00, 0x00, 0x00, 0x00, 0x00, 0x00, 0x00, 0x00, 0x00, 0x6b,
    0xef, 0xff, 0xc8, 0x10, 0x00, 0x00, 0x00, 0x00, 0x00, 0x00, 0x6e, 0xff, 0xff, 0xff, 0xff, 0xf8,
    0x00, 0x00, 0x00, 0x00, 0x00, 0x08, 0xff, 0xff, 0xff, 0xff, 0xff, 0xff, 0xa0, 0x00, 0x00, 0x00,
    0x00, 0x5f, 0xff, 0xfd, 0x85, 0x57, 0xdf, 0xff, 0xf6, 0x00, 0x00, 0x00, 0x00, 0xef, 0xff, 0x80,
    0x00, 0x00, 0x0a, 0xff, 0xff, 0x10, 0x00, 0x00, 0x04, 0xff, 0xfc, 0x00, 0x00, 0x00, 0x00, 0xcf,
    0xff, 0x60, 0x00, 0x00, 0x07, 0xff, 0xf6, 0x00, 0x00, 0x00, 0x00, 0x4f, 0xff, 0xb0, 0x00, 0x00,
    0x09, 0xff, 0xf3, 0x00, 0x00, 0x00, 0x00, 0x0f, 0xff, 0xe0, 0x00, 0x00, 0x09, 0xff, 0xf4, 0x00,
    0x00, 0x00, 0x00, 0x0c, 0xff, 0xf0, 0x00, 0x00, 0x07, 0xff, 0xf7, 0x00, 0x00, 0x00, 0x00, 0x0b,
    0xff, 0xf1, 0x00, 0x00, 0x03, 0xff, 0xfe, 0x10, 0x00, 0x00, 0x00, 0x00, 0x00, 0x00, 0x00, 0x00,
    0x00, 0xdf, 0xff, 0xd3, 0x00, 0x00, 0x00, 0x00, 0x00, 0x00, 0x00, 0x00, 0x00, 0x3f, 0xff, 0xff,
    0xa3, 0x00, 0x00, 0x00, 0x00, 0x00, 0x00, 0x00, 0x00, 0x05, 0xff, 0xff, 0xff, 0xd7, 0x20, 0x00,
    0x00, 0x00, 0x00, 0x00, 0x00, 0x00, 0x3d, 0xff, 0xff, 0xff, 0xfb, 0x40, 0x00, 0x00, 0x00, 0x00,
    0x00, 0x00, 0x00, 0x6d, 0xff, 0xff, 0xff, 0xfb, 0x20, 0x00, 0x00, 0x00, 0x00, 0x00, 0x00, 0x00,
    0x39, 0xef, 0xff, 0xff, 0xe3, 0x00, 0x00, 0x00, 0x00, 0x00, 0x00, 0x00, 0x00, 0x04, 0xcf, 0xff,
    0xfe, 0x10, 0x00, 0x00, 0x00, 0x00, 0x00, 0x00, 0x00, 0x00, 0x05, 0xff, 0xff, 0xa0, 0x00, 0x00,
    0x00, 0x00, 0x00, 0x00, 0x00, 0x00, 0x00, 0x4f, 0xff, 0xf0, 0x00, 0x00, 0x00, 0x00, 0x00, 0x00,
    0x00, 0x00, 0x00, 0x0b, 0xff, 0xf3, 0x00, 0x00, 0xbf, 0xff, 0x10, 0x00, 0x00, 0x00, 0x00, 0x07,
    0xff, 0xf5, 0x00, 0x00, 0xaf, 0xff, 0x30, 0x00, 0x00, 0x00, 0x00, 0x07, 0xff, 0xf5, 0x00, 0x00,
    0x7f, 0xff, 0x70, 0x00, 0x00, 0x00, 0x00, 0x0a, 0xff, 0xf4, 0x00, 0x00, 0x3f, 0xff, 0xe1, 0x00,
    0x00, 0x00, 0x00, 0x2f, 0xff, 0xf0, 0x00, 0x00, 0x0c, 0xff, 0xfd, 0x20, 0x00, 0x00, 0x03, 0xef,
    0xff, 0xa0, 0x00, 0x00, 0x03, 0xff, 0xff, 0xfa, 0x75, 0x57, 0xbf, 0xff, 0xff, 0x20, 0x00, 0x00,
    0x00, 0x5f, 0xff, 0xff, 0xff, 0xff, 0xff, 0xff, 0xf4, 0x00, 0x00, 0x00, 0x00, 0x03, 0xcf, 0xff,
    0xff, 0xff, 0xff, 0xfb, 0x20, 0x00, 0x00, 0x00, 0x00, 0x00, 0x04, 0x9c, 0xff, 0xff, 0xc8, 0x30,
    0x00, 0x00, 0x00, 0x00, 0x00, 0x00, 0x00, 0x00, 0x9f, 0xf7, 0x00, 0x00, 0x00, 0x00, 0x00, 0x00,
    0x00, 0x00, 0x00, 0x00, 0x9f, 0xf7, 0x00, 0x00, 0x00, 0x00, 0x00, 0x00, 0x00, 0x00, 0x00, 0x00,
    0x9f, 0xf7, 0x00, 0x00, 0x00, 0x00, 0x00, 0x00, 0x00, 0x00, 0x00, 0x00, 0x9f, 0xf7, 0x00, 0x00,
    0x00, 0x00, 0x00, 0x00, 0x00, 0x06, 0xcf, 0xfe, 0xa2, 0x00, 0x00, 0x00, 0x00, 0x00, 0x00, 0x00,
    0x00, 0x00, 0x00, 0x00, 0x1c, 0xff, 0xff, 0xff, 0xf6, 0x00, 0x00, 0x00, 0x00, 0x00, 0x00, 0x00,
    0x00, 0x00, 0x00, 0x0b, 0xff, 0xe9, 0x7b, 0xff, 0xf4, 0x00, 0x00, 0x00, 0x00, 0x00, 0x00, 0x00,
    0x00, 0x00, 0x04, 0xff, 0xd1, 0x00, 0x06, 0xff, 0xd0, 0x00, 0x00, 0x00, 0x52, 0x00, 0x00, 0x00,
    0x00, 0x00, 0x9f, 0xf5, 0x00, 0x00, 0x0c, 0xff, 0x20, 0x00, 0x00, 0x2f, 0xf6, 0x00, 0x00, 0x00,
    0x00, 0x0c, 0xff, 0x10, 0x00, 0x00, 0x8f, 0xf5, 0x00, 0x00, 0x0c, 0xff, 0x30, 0x00, 0x00, 0x00,
    0x00, 0xdf, 0xf0, 0x00, 0x00, 0x07, 0xff, 0x60, 0x00, 0x06, 0xff, 0x80, 0x00, 0x00, 0x00, 0x00,
    0x0d, 0xff, 0x00, 0x00, 0x00, 0x7f, 0xf6, 0x00, 0x01, 0xff, 0xd0, 0x00, 0x00, 0x00, 0x00, 0x00,
    0xcf, 0xf1, 0x00, 0x00, 0x08, 0xff, 0x50, 0x00, 0xbf, 0xf4, 0x00, 0x00, 0x00, 0x00, 0x00, 0x0a,
    0xff, 0x50, 0x00, 0x00, 0xcf, 0xf2, 0x00, 0x5f, 0xf9, 0x00, 0x00, 0x00, 0x00, 0x00, 0x00, 0x4f,
    0xfd, 0x10, 0x00, 0x6f, 0xfd, 0x00, 0x1e, 0xfe, 0x10, 0x00, 0x00, 0x00, 0x00, 0x00, 0x00, 0xbf,
    0xfe, 0x97, 0xbf, 0xff, 0x40, 0x0a, 0xff, 0x50, 0x00, 0x00, 0x00, 0x00, 0x00, 0x00, 0x01, 0xcf,
    0xff, 0xff, 0xff, 0x60, 0x04, 0xff, 0xb0, 0x00, 0x00, 0x00, 0x00, 0x00, 0x00, 0x00, 0x00, 0x6c,
    0xff, 0xea, 0x30, 0x00, 0xef, 0xf1, 0x00, 0x00, 0x00, 0x00, 0x00, 0x00, 0x00, 0x00, 0x00, 0x00,
    0x00, 0x00, 0x00, 0x9f, 0xf6, 0x00, 0x00, 0x00, 0x00, 0x00, 0x00, 0x00, 0x00, 0x00, 0x00, 0x00,
    0x00, 0x00, 0x3f, 0xfc, 0x00, 0x00, 0x00, 0x00, 0x00, 0x00, 0x00, 0x00, 0x00, 0x00, 0x00, 0x00,
    0x00, 0x0d, 0xff, 0x20, 0x02, 0x9d, 0xff, 0xc7, 0x00, 0x00, 0x00, 0x00, 0x00, 0x00, 0x00, 0x00,
    0x08, 0xff, 0x70, 0x05, 0xff, 0xff, 0xff, 0xfd, 0x10, 0x00, 0x00, 0x00, 0x00, 0x00, 0x00, 0x02,
    0xff, 0xc0, 0x03, 0xff, 0xfb, 0x78, 0xdf, 0xfc, 0x00, 0x00, 0x00, 0x00, 0x00, 0x00, 0x00, 0xcf,
    0xf3, 0x00, 0xcf, 0xf7, 0x00, 0x00, 0xcf, 0xf6, 0x00, 0x00, 0x00, 0x00, 0x00, 0x00, 0x7f, 0xf8,
    0x00, 0x1f, 0xfd, 0x00, 0x00, 0x03, 0xff, 0xb0, 0x00, 0x00, 0x00, 0x00, 0x00, 0x2f, 0xfd, 0x00,
    0x04, 0xff, 0x90, 0x00, 0x00, 0x0f, 0xfe, 0x00, 0x00, 0x00, 0x00, 0x00, 0x0b, 0xff, 0x40, 0x00,
    0x5f, 0xf8, 0x00, 0x00, 0x00, 0xef, 0xf0, 0x00, 0x00, 0x00, 0x00, 0x06, 0xff, 0x90, 0x00, 0x05,
    0xff, 0x80, 0x00, 0x00, 0x0e, 0xff, 0x00, 0x00, 0x00, 0x00, 0x01, 0xef, 0xe1, 0x00, 0x00, 0x4f,
    0xf9, 0x00, 0x00, 0x00, 0xff, 0xe0, 0x00, 0x00, 0x00, 0x00, 0xaf, 0xf5, 0x00, 0x00, 0x01, 0xff,
    0xd0, 0x00, 0x00, 0x3f, 0xfb, 0x00, 0x00, 0x00, 0x00, 0x04, 0xda, 0x00, 0x00, 0x00, 0x0b, 0xff,
    0x70, 0x00, 0x0c, 0xff, 0x60, 0x00, 0x00, 0x00, 0x00, 0x00, 0x10, 0x00, 0x00, 0x00, 0x3f, 0xff,
    0xb8, 0x8d, 0xff, 0xd0, 0x00, 0x00, 0x00, 0x00, 0x00, 0x00, 0x00, 0x00, 0x00, 0x00, 0x5f, 0xff,
    0xff, 0xff, 0xd1, 0x00, 0x00, 0x00, 0x00, 0x00, 0x00, 0x00, 0x00, 0x00, 0x00, 0x00, 0x29, 0xdf,
    0xfc, 0x70, 0x00, 0x00, 0x00, 0x00, 0x00, 0x00, 0x5b, 0xef, 0xfe, 0xa4, 0x00, 0x00, 0x00, 0x00,
    0x00, 0x00, 0x00, 0x00, 0x2d, 0xff, 0xff, 0xff, 0xff, 0xb0, 0x00, 0x00, 0x00, 0x00, 0x00, 0x00,
    0x01, 0xef, 0xff, 0xff, 0xff, 0xff, 0xfc, 0x00, 0x00, 0x00, 0x00, 0x00, 0x00, 0x0a, 0xff, 0xfe,
    0x62, 0x25, 0xdf, 0xff, 0x70, 0x00, 0x00, 0x00, 0x00, 0x00, 0x1f, 0xff, 0xf2, 0x00, 0x00, 0x1e,
    0xff, 0xd0, 0x00, 0x00, 0x00, 0x00, 0x00, 0x5f, 0xff, 0x90, 0x00, 0x00, 0x08, 0xff, 0xf0, 0x00,
    0x00, 0x00, 0x00, 0x00, 0x7f, 0xff, 0x50, 0x00, 0x00, 0x06, 0xff, 0xf1, 0x00, 0x00, 0x00, 0x00,
    0x00, 0x7f, 0xff, 0x60, 0x00, 0x00, 0x09, 0xff, 0xf0, 0x00, 0x00, 0x00, 0x00, 0x00, 0x4f, 0xff,
    0xa0, 0x00, 0x00, 0x2f, 0xff, 0xa0, 0x00, 0x00, 0x00, 0x00, 0x00, 0x0f, 0xff, 0xf2, 0x00, 0x03,
    0xef, 0xff, 0x20, 0x00, 0x00, 0x00, 0x00, 0x00, 0x07, 0xff, 0xfc, 0x00, 0x7f, 0xff, 0xf5, 0x00,
    0x00, 0x00, 0x00, 0x00, 0x00, 0x00, 0xdf, 0xff, 0x9c, 0xff, 0xff, 0x50, 0x00, 0x00, 0x00, 0x00,
    0x00, 0x00, 0x00, 0x2f, 0xff, 0xff, 0xff, 0xd3, 0x00, 0x00, 0x00, 0x00, 0x00, 0x00, 0x00, 0x00,
    0x06, 0xff, 0xff, 0xfa, 0x00, 0x00, 0x00, 0x00, 0x00, 0x00, 0x00, 0x00, 0x00, 0x3e, 0xff, 0xff,
    0xf2, 0x00, 0x00, 0x00, 0x00, 0x00, 0x00, 0x00, 0x00, 0x06, 0xff, 0xff, 0xff, 0xfd, 0x10, 0x00,
    0x00, 0x00, 0x00, 0x00, 0x00, 0x00, 0x8f, 0xff, 0xf8, 0xcf, 0xff, 0xb0, 0x00, 0x00, 0x2f, 0xff,
    0x30, 0x00, 0x06, 0xff, 0xff, 0x40, 0x1d, 0xff, 0xf9, 0x00, 0x00, 0x4f, 0xff, 0x20, 0x00, 0x1f,
    0xff, 0xf4, 0x00, 0x02, 0xff, 0xff, 0x60, 0x00, 0x6f, 0xff, 0x10, 0x00, 0x8f, 0xff, 0x80, 0x00,
    0x00, 0x4f, 0xff, 0xf4, 0x00, 0xaf, 0xfe, 0x00, 0x00, 0xcf, 0xff, 0x10, 0x00, 0x00, 0x07, 0xff,
    0xfe, 0x20, 0xef, 0xfa, 0x00, 0x00, 0xef, 0xfe, 0x00, 0x00, 0x00, 0x00, 0xaf, 0xff, 0xd7, 0xff,
    0xf5, 0x00, 0x00, 0xdf, 0xff, 0x00, 0x00, 0x00, 0x00, 0x0c, 0xff, 0xff, 0xff, 0xe0, 0x00, 0x00,
    0xbf, 0xff, 0x30, 0x00, 0x00, 0x00, 0x01, 0xef, 0xff, 0xff, 0x60, 0x00, 0x00, 0x7f, 0xff, 0xa0,
    0x00, 0x00, 0x00, 0x00, 0x3f, 0xff, 0xfd, 0x00, 0x00, 0x00, 0x1f, 0xff, 0xf8, 0x00, 0x00, 0x00,
    0x02, 0xbf, 0xff, 0xff, 0x40, 0x00, 0x00, 0x06, 0xff, 0xff, 0xd6, 0x31, 0x25, 0xaf, 0xff, 0xff,
    0xff, 0xe2, 0x00, 0x00, 0x00, 0x7f, 0xff, 0xff, 0xff, 0xff, 0xff, 0xff, 0xeb, 0xff, 0xfd, 0x10,
    0x00, 0x00, 0x04, 0xdf, 0xff, 0xff, 0xff, 0xff, 0xf9, 0x10, 0xcf, 0xff, 0xb0, 0x00, 0x00, 0x00,
    0x05, 0xad, 0xff, 0xfd, 0xa6, 0x10, 0x00, 0x1e, 0xff, 0xf9, 0x00, 0xdf, 0xf3, 0x00, 0x0d, 0xff,
    0x30, 0x00, 0xdf, 0xf3, 0x00, 0x0d, 0xff, 0x20, 0x00, 0xdf, 0xf1, 0x00, 0x0d, 0xff, 0x00, 0x00,
    0xdf, 0xf0, 0x00, 0x0d, 0xfe, 0x00, 0x00, 0xdf, 0xd0, 0x00, 0x0d, 0xfc, 0x00, 0x00, 0x00, 0x00,
    0x00, 0x00, 0x00, 0x00, 0x00, 0x00, 0x00, 0x00, 0x00, 0x00, 0x00, 0x00, 0x00, 0x00, 0x00, 0x00,
    0x00, 0x00, 0x00, 0x00, 0x00, 0x00, 0x00, 0x00, 0x00, 0x00, 0x00, 0x00, 0x00, 0x00, 0x00, 0x00,
    0x00, 0x00, 0x00, 0x00, 0x00, 0x00, 0x00, 0x00, 0x00, 0x00, 0x00, 0x00, 0x00, 0x00, 0x00, 0x00,
    0x00, 0x00, 0x00, 0x00, 0x00, 0x00, 0x00, 0x00, 0x00, 0x00, 0x00, 0x00, 0x00, 0x00, 0x00, 0x00,
    0x00, 0x00, 0x00, 0x00, 0x00, 0x00, 0x00, 0x00, 0x00, 0x00, 0x00, 0x00, 0x00, 0x00, 0x00, 0x02,
    0xb0, 0x00, 0x00, 0x00, 0x00, 0x00, 0x4f, 0xf4, 0x00, 0x00, 0x00, 0x00, 0x04, 0xff, 0xf6, 0x00,
    0x00, 0x00, 0x00, 0x3f, 0xff, 0x80, 0x00, 0x00, 0x00, 0x01, 0xdf, 0xfa, 0x00, 0x00, 0x00, 0x00,
    0x0a, 0xff, 0xd0, 0x00, 0x00, 0x00, 0x00, 0x4f, 0xff, 0x30, 0x00, 0x00, 0x00, 0x00, 0xdf, 0xfa,
    0x00, 0x00, 0x00, 0x00, 0x05, 0xff, 0xf2, 0x00, 0x00, 0x00, 0x00, 0x0c, 0xff, 0xb0, 0x00, 0x00,
    0x00, 0x00, 0x3f, 0xff, 0x50, 0x00, 0x00, 0x00, 0x00, 0x9f, 0xff, 0x00, 0x00, 0x00, 0x00, 0x00,
    0xef, 0xfb, 0x00, 0x00, 0x00, 0x00, 0x03, 0xff, 0xf7, 0x00, 0x00, 0x00, 0x00, 0x07, 0xff, 0xf3,
    0x00, 0x00, 0x00, 0x00, 0x0a, 0xff, 0xf0, 0x00, 0x00, 0x00, 0x00, 0x0d, 0xff, 0xe0, 0x00, 0x00,
    0x00, 0x00, 0x0f, 0xff, 0xc0, 0x00, 0x00, 0x00, 0x00, 0x1f, 0xff, 0xa0, 0x00, 0x00, 0x00, 0x00,
    0x2f, 0xff, 0x90, 0x00, 0x00, 0x00, 0x00, 0x3f, 0xff, 0x90, 0x00, 0x00, 0x00, 0x00, 0x3f, 0xff,
    0x80, 0x00, 0x00, 0x00, 0x00, 0x3f, 0xff, 0x80, 0x00, 0x00, 0x00, 0x00, 0x3f, 0xff, 0x90, 0x00,
    0x00, 0x00, 0x00, 0x2f, 0xff, 0x90, 0x00, 0x00, 0x00, 0x00, 0x1f, 0xff, 0xa0, 0x00, 0x00, 0x00,
    0x00, 0x0f, 0xff, 0xc0, 0x00, 0x00, 0x00, 0x00, 0x0d, 0xff, 0xe0, 0x00, 0x00, 0x00, 0x00, 0x0a,
    0xff, 0xf0, 0x00, 0x00, 0x00, 0x00, 0x07, 0xff, 0xf3, 0x00, 0x00, 0x00, 0x00, 0x03, 0xff, 0xf7,
    0x00, 0x00, 0x00, 0x00, 0x00, 0xef, 0xfb, 0x00, 0x00, 0x00, 0x00, 0x00, 0x9f, 0xff, 0x00, 0x00,
    0x00, 0x00, 0x00, 0x3f, 0xff, 0x50, 0x00, 0x00, 0x00, 0x00, 0x0c, 0xff, 0xb0, 0x00, 0x00, 0x00,
    0x00, 0x05, 0xff, 0xf2, 0x00, 0x00, 0x00, 0x00, 0x00, 0xdf, 0xfa, 0x00, 0x00, 0x00, 0x00, 0x00,
    0x4f, 0xff, 0x20, 0x00, 0x00, 0x00, 0x00, 0x0a, 0xff, 0xc0, 0x00, 0x00, 0x00, 0x00, 0x01, 0xdf,
    0xf8, 0x00, 0x00, 0x00, 0x00, 0x00, 0x3f, 0xff, 0x50, 0x00, 0x00, 0x00, 0x00, 0x04, 0xff, 0xf5,
    0x00, 0x00, 0x00, 0x00, 0x00, 0x4f, 0xf4, 0x00, 0x00, 0x00, 0x00, 0x00, 0x02, 0xb0, 0x08, 0x60,
    0x00, 0x00, 0x00, 0x00, 0x00, 0x00, 0xef, 0x90, 0x00, 0x00, 0x00, 0x00, 0x00, 0x1e, 0xff, 0xa0,
    0x00, 0x00, 0x00, 0x00, 0x00, 0x2e, 0xff, 0x80, 0x00, 0x00, 0x00, 0x00, 0x00, 0x3f, 0xff, 0x50,
    0x00, 0x00, 0x00, 0x00, 0x00, 0x8f, 0xfe, 0x10, 0x00, 0x00, 0x00, 0x00, 0x00, 0xdf, 0xfa, 0x00,
    0x00, 0x00, 0x00, 0x00, 0x05, 0xff, 0xf3, 0x00, 0x00, 0x00, 0x00, 0x00, 0x0d, 0xff, 0xb0, 0x00,
    0x00, 0x00, 0x00, 0x00, 0x6f, 0xff, 0x20, 0x00, 0x00, 0x00, 0x00, 0x00, 0xff, 0xf9, 0x00, 0x00,
    0x00, 0x00, 0x00, 0x0a, 0xff, 0xe0, 0x00, 0x00, 0x00, 0x00, 0x00, 0x6f, 0xff, 0x40, 0x00, 0x00,
    0x00, 0x00, 0x02, 0xff, 0xf9, 0x00, 0x00, 0x00, 0x00, 0x00, 0x0e, 0xff, 0xd0, 0x00, 0x00, 0x00,
    0x00, 0x00, 0xbf, 0xff, 0x00, 0x00, 0x00, 0x00, 0x00, 0x08, 0xff, 0xf3, 0x00, 0x00, 0x00, 0x00,
    0x00, 0x6f, 0xff, 0x50, 0x00, 0x00, 0x00, 0x00, 0x05, 0xff, 0xf7, 0x00, 0x00, 0x00, 0x00, 0x00,
    0x3f, 0xff, 0x80, 0x00, 0x00, 0x00, 0x00, 0x03, 0xff, 0xf9, 0x00, 0x00, 0x00, 0x00, 0x00, 0x2f,
    0xff, 0x90, 0x00, 0x00, 0x00, 0x00, 0x02, 0xff, 0xf9, 0x00, 0x00, 0x00, 0x00, 0x00, 0x3f, 0xff,
    0x90, 0x00, 0x00, 0x00, 0x00, 0x03, 0xff, 0xf8, 0x00, 0x00, 0x00, 0x00, 0x00, 0x4f, 0xff, 0x70,
    0x00, 0x00, 0x00, 0x00, 0x06, 0xff, 0xf5, 0x00, 0x00, 0x00, 0x00, 0x00, 0x8f, 0xff, 0x30, 0x00,
    0x00, 0x00, 0x00, 0x0a, 0xff, 0xf0, 0x00, 0x00, 0x00, 0x00, 0x00, 0xdf, 0xfd, 0x00, 0x00, 0x00,
    0x00, 0x00, 0x1f, 0xff, 0x90, 0x00, 0x00, 0x00, 0x00, 0x05, 0xff, 0xf4, 0x00, 0x00, 0x00, 0x00,
    0x00, 0x9f, 0xfe, 0x00, 0x00, 0x00, 0x00, 0x00, 0x0e, 0xff, 0x90, 0x00, 0x00, 0x00, 0x00, 0x05,
    0xff, 0xf2, 0x00, 0x00, 0x00, 0x00, 0x00, 0xbf, 0xfb, 0x00, 0x00, 0x00, 0x00, 0x00, 0x3f, 0xff,
    0x30, 0x00, 0x00, 0x00, 0x00, 0x0c, 0xff, 0xa0, 0x00, 0x00, 0x00, 0x00, 0x06, 0xff, 0xe1, 0x00,
    0x00, 0x00, 0x00, 0x02, 0xff, 0xf5, 0x00, 0x00, 0x00, 0x00, 0x01, 0xdf, 0xf8, 0x00, 0x00, 0x00,
    0x00, 0x01, 0xdf, 0xfa, 0x00, 0x00, 0x00, 0x00, 0x00, 0x0e, 0xf9, 0x00, 0x00, 0x00, 0x00, 0x00,
    0x00, 0x86, 0x00, 0x00, 0x00, 0x00, 0x00, 0x00, 0x00, 0x00, 0x00, 0x07, 0xff, 0xa0, 0x00, 0x00,
    0x00, 0x00, 0x00, 0x00, 0x06, 0xff, 0xa0, 0x00, 0x00, 0x00, 0x00, 0x00, 0x00, 0x06, 0xff, 0x90,
    0x00, 0x00, 0x00, 0x00, 0x00, 0x00, 0x05, 0xff, 0x90, 0x00, 0x00, 0x00, 0x02, 0x00, 0x00, 0x05,
    0xff, 0x80, 0x00, 0x00, 0x10, 0x0b, 0xfa, 0x40, 0x04, 0xff, 0x80, 0x01, 0x7d, 0xc0, 0x1f, 0xff,
    0xfe, 0x87, 0xff, 0x85, 0xbf, 0xff, 0xf1, 0x3f, 0xff, 0xff, 0xff, 0xff, 0xff, 0xff, 0xff, 0xf5,
    0x00, 0x48, 0xdf, 0xff, 0xff, 0xff, 0xff, 0xc7, 0x20, 0x00, 0x00, 0x02, 0xaf, 0xff, 0xfb, 0x51,
    0x00, 0x00, 0x00, 0x00, 0x01, 0xef, 0xff, 0xfc, 0x00, 0x00, 0x00, 0x00, 0x00, 0x0b, 0xff, 0xbd,
    0xff, 0x80, 0x00, 0x00, 0x00, 0x00, 0x7f, 0xff, 0x23, 0xff, 0xf4, 0x00, 0x00, 0x00, 0x03, 0xff,
    0xf6, 0x00, 0x9f, 0xfe, 0x10, 0x00, 0x00, 0x1e, 0xff, 0xc0, 0x00, 0x0e, 0xff, 0xc0, 0x00, 0x00,
    0x0a, 0xff, 0x20, 0x00, 0x04, 0xff, 0xb0, 0x00, 0x00, 0x00, 0x56, 0x00, 0x00, 0x00, 0x96, 0x00,
    0x00, 0x00, 0x00, 0x00, 0x00, 0x00, 0x00, 0x00, 0x00, 0x00, 0x00, 0x00, 0x00, 0x00, 0x00, 0x00,
    0x00, 0x00, 0x00, 0x00, 0x00, 0x00, 0x00, 0x00, 0x00, 0x00, 0x00, 0x00, 0x00, 0x00, 0x00, 0x00,
    0x00, 0x00, 0x00, 0x00, 0x00, 0x00, 0x00, 0x00, 0x00, 0x00, 0x00, 0x00, 0x00, 0x00, 0x00, 0x00,
    0x00, 0x00, 0x00, 0x00, 0x00, 0x00, 0x00, 0x00, 0x00, 0x00, 0x00, 0x00, 0x00, 0x00, 0x00, 0x00,
    0x00, 0x00, 0x00, 0x00, 0x00, 0x00, 0x00, 0x00, 0x00, 0x00, 0x00, 0x00, 0x00, 0x00, 0x00, 0x00,
    0x00, 0x00, 0x00, 0x00, 0x00, 0x00, 0x00, 0x00, 0x00, 0x00, 0x00, 0x00, 0x00, 0x00, 0x00, 0x00,
    0x00, 0x00, 0x00, 0x00, 0x00, 0x00, 0x00, 0x00, 0x00, 0x00, 0x00, 0x00, 0x00, 0x00, 0x00, 0x00,
    0x00, 0x00, 0x00, 0x00, 0x00, 0x00, 0x00, 0x00, 0x00, 0x00, 0x00, 0xff, 0xfb, 0x00, 0x00, 0x00,
    0x00, 0x00, 0x00, 0x00, 0x00, 0x00, 0x00, 0xff, 0xfb, 0x00, 0x00, 0x00, 0x00, 0x00, 0x00, 0x00,
    0x00, 0x00, 0x00, 0xff, 0xfb, 0x00, 0x00, 0x00, 0x00, 0x00, 0x00, 0x00, 0x00, 0x00, 0x00, 0xff,
    0xfb, 0x00, 0x00, 0x00, 0x00, 0x00, 0x00, 0x00, 0x00, 0x00, 0x00, 0xff, 0xfb, 0x00, 0x00, 0x00,
    0x00, 0x00, 0x00, 0x00, 0x00, 0x00, 0x00, 0xff, 0xfb, 0x00, 0x00, 0x00, 0x00, 0x00, 0x00, 0x00,
    0x00, 0x00, 0x00, 0xff, 0xfb, 0x00, 0x00, 0x00, 0x00, 0x00, 0x00, 0x00, 0x00, 0x00, 0x00, 0xff,
    0xfb, 0x00, 0x00, 0x00, 0x00, 0x00, 0x00, 0x00, 0x00, 0x00, 0x00, 0xff, 0xfb, 0x00, 0x00, 0x00,
    0x00, 0x00, 0x03, 0x99, 0x99, 0x99, 0x99, 0xff, 0xfe, 0x99, 0x99, 0x99, 0x99, 0x00, 0x06, 0xff,
    0xff, 0xff, 0xff, 0xff, 0xff, 0xff, 0xff, 0xff, 0xff, 0x10, 0x06, 0xff, 0xff, 0xff, 0xff, 0xff,
    0xff, 0xff, 0xff, 0xff, 0xff, 0x10, 0x06, 0xff, 0xff, 0xff, 0xff, 0xff, 0xff, 0xff, 0xff, 0xff,
    0xff, 0x10, 0x00, 0x00, 0x00, 0x00, 0x00, 0xff, 0xfb, 0x00, 0x00, 0x00, 0x00, 0x00, 0x00, 0x00,
    0x00, 0x00, 0x00, 0xff, 0xfb, 0x00, 0x00, 0x00, 0x00, 0x00, 0x00, 0x00, 0x00, 0x00, 0x00, 0xff,
    0xfb, 0x00, 0x00, 0x00, 0x00, 0x00, 0x00, 0x00, 0x00, 0x00, 0x00, 0xff, 0xfb, 0x00, 0x00, 0x00,
    0x00, 0x00, 0x00, 0x00, 0x00, 0x00, 0x00, 0xff, 0xfb, 0x00, 0x00, 0x00, 0x00, 0x00, 0x00, 0x00,
    0x00, 0x00, 0x00, 0xff, 0xfb, 0x00, 0x00, 0x00, 0x00, 0x00, 0x00, 0x00, 0x00, 0x00, 0x00, 0xff,
    0xfb, 0x00, 0x00, 0x00, 0x00, 0x00, 0x00, 0x00, 0x00, 0x00, 0x00, 0xff, 0xfb, 0x00, 0x00, 0x00,
    0x00, 0x00, 0x00, 0x00, 0x00, 0x00, 0x00, 0xff, 0xfb, 0x00, 0x00, 0x00, 0x00, 0x00, 0x00, 0x00,
    0x00, 0x00, 0x00, 0x00, 0x00, 0x00, 0x00, 0x00, 0x00, 0x00, 0x00, 0x00, 0x00, 0x00, 0x00, 0x00,
    0x00, 0x00, 0x00, 0x00, 0x00, 0x00, 0x00, 0x00, 0x00, 0x00, 0x00, 0x00, 0x00, 0x00, 0x00, 0x00,
    0x00, 0x00, 0x00, 0x6f, 0xff, 0x50, 0x00, 0x6f, 0xff, 0x50, 0x00, 0x6f, 0xff, 0x50, 0x00, 0x6f,
    0xff, 0x40, 0x00, 0x8f, 0xff, 0x20, 0x00, 0xcf, 0xfe, 0x00, 0x02, 0xff, 0xf7, 0x00, 0x0b, 0xff,
    0xe0, 0x00, 0x2f, 0xff, 0x40, 0x00, 0x03, 0xc5, 0x00, 0x00, 0x01, 0x11, 0x11, 0x11, 0x11, 0x10,
    0x3f, 0xff, 0xff, 0xff, 0xff, 0xc0, 0x3f, 0xff, 0xff, 0xff, 0xff, 0xc0, 0x3f, 0xff, 0xff, 0xff,
    0xff, 0xc0, 0x00, 0x00, 0x00, 0x00, 0x00, 0x00, 0x00, 0x00, 0x00, 0x00, 0x00, 0x00, 0x00, 0x00,
    0x00, 0x00, 0x00, 0x00, 0x00, 0x00, 0x00, 0x00, 0x00, 0x00, 0x00, 0x00, 0x00, 0x00, 0x00, 0x00,
    0x00, 0x00, 0x00, 0x00, 0x00, 0x00, 0x00, 0x00, 0x00, 0x00, 0x00, 0x00, 0x00, 0x00, 0x00, 0x00,
    0x00, 0x00, 0x00, 0x00, 0x00, 0x00, 0x00, 0x00, 0x00, 0x00, 0x00, 0x00, 0x00, 0x00, 0x00, 0x00,
    0x00, 0x00, 0x00, 0x00, 0x00, 0x00, 0x78, 0x40, 0x00, 0x00, 0x00, 0xbf, 0xff, 0x50, 0x00, 0x00,
    0x0f, 0xff, 0xfa, 0x00, 0x00, 0x00, 0xef, 0xff, 0x80, 0x00, 0x00, 0x04, 0xef, 0xb1, 0x00, 0x00,
    0x00, 0x00, 0x00, 0x00, 0x00, 0x00, 0x5f, 0xfe, 0x00, 0x00, 0x00, 0x00, 0x00, 0x00, 0x0b, 0xff,
    0x80, 0x00, 0x00, 0x00, 0x00, 0x00, 0x01, 0xff, 0xf2, 0x00, 0x00, 0x00, 0x00, 0x00, 0x00, 0x7f,
    0xfc, 0x00, 0x00, 0x00, 0x00, 0x00, 0x00, 0x0d, 0xff, 0x60, 0x00, 0x00, 0x00, 0x00, 0x00, 0x03,
    0xff, 0xf0, 0x00, 0x00, 0x00, 0x00, 0x00, 0x00, 0x9f, 0xfa, 0x00, 0x00, 0x00, 0x00, 0x00, 0x00,
    0x0f, 0xff, 0x40, 0x00, 0x00, 0x00, 0x00, 0x00, 0x05, 0xff, 0xe0, 0x00, 0x00, 0x00, 0x00, 0x00,
    0x00, 0xbf, 0xf8, 0x00, 0x00, 0x00, 0x00, 0x00, 0x00, 0x1f, 0xff, 0x20, 0x00, 0x00, 0x00, 0x00,
    0x00, 0x07, 0xff, 0xc0, 0x00, 0x00, 0x00, 0x00, 0x00, 0x00, 0xdf, 0xf6, 0x00, 0x00, 0x00, 0x00,
    0x00, 0x00, 0x3f, 0xff, 0x00, 0x00, 0x00, 0x00, 0x00, 0x00, 0x09, 0xff, 0xa0, 0x00, 0x00, 0x00,
    0x00, 0x00, 0x00, 0xff, 0xf4, 0x00, 0x00, 0x00, 0x00, 0x00, 0x00, 0x6f, 0xfd, 0x00, 0x00, 0x00,
    0x00, 0x00, 0x00, 0x0c, 0xff, 0x80, 0x00, 0x00, 0x00, 0x00, 0x00, 0x02, 0xff, 0xf2, 0x00, 0x00,
    0x00, 0x00, 0x00, 0x00, 0x8f, 0xfc, 0x00, 0x00, 0x00, 0x00, 0x00, 0x00, 0x0e, 0xff, 0x50, 0x00,
    0x00, 0x00, 0x00, 0x00, 0x04, 0xff, 0xf0, 0x00, 0x00, 0x00, 0x00, 0x00, 0x00, 0xaf, 0xf9, 0x00,
    0x00, 0x00, 0x00, 0x00, 0x00, 0x0f, 0xff, 0x30, 0x00, 0x00, 0x00, 0x00, 0x00, 0x06, 0xff, 0xd0,
    0x00, 0x00, 0x00, 0x00, 0x00, 0x00, 0xcf, 0xf7, 0x00, 0x00, 0x00, 0x00, 0x00, 0x00, 0x2f, 0xff,
    0x10, 0x00, 0x00, 0x00, 0x00, 0x00, 0x08, 0xff, 0xb0, 0x00, 0x00, 0x00, 0x00, 0x00, 0x00, 0xef,
    0xf5, 0x00, 0x00, 0x00, 0x00, 0x00, 0x00, 0x4f, 0xff, 0x00, 0x00, 0x00, 0x00, 0x00, 0x00, 0x0a,
    0xff, 0x90, 0x00, 0x00, 0x00, 0x00, 0x00, 0x01, 0xff, 0xf3, 0x00, 0x00, 0x00, 0x00, 0x00, 0x00,
    0x6f, 0xfd, 0x00, 0x00, 0x00, 0x00, 0x00, 0x00, 0x00, 0x00, 0x00, 0x00, 0x03, 0x8c, 0xef, 0xfe,
    0xb6, 0x00, 0x00, 0x00, 0x00, 0x00, 0x00, 0x00, 0xaf, 0xff, 0xff, 0xff, 0xff, 0xe5, 0x00, 0x00,
    0x00, 0x00, 0x00, 0x0c, 0xff, 0xff, 0xff, 0xff, 0xff, 0xff, 0x60, 0x00, 0x00, 0x00, 0x00, 0x9f,
    0xff, 0xf8, 0x31, 0x25, 0xcf, 0xff, 0xf3, 0x00, 0x00, 0x00, 0x02, 0xff, 0xff, 0x30, 0x00, 0x00,
    0x08, 0xff, 0xfc, 0x00, 0x00, 0x00, 0x09, 0xff, 0xf6, 0x00, 0x00, 0x00, 0x00, 0xdf, 0xff, 0x20,
    0x00, 0x00, 0x0e, 0xff, 0xe0, 0x00, 0x00, 0x00, 0x00, 0x5f, 0xff, 0x70, 0x00, 0x00, 0x2f, 0xff,
    0xa0, 0x00, 0x00, 0x00, 0x00, 0x1f, 0xff, 0xb0, 0x00, 0x00, 0x5f, 0xff, 0x60, 0x00, 0x00, 0x00,
    0x00, 0x0d, 0xff, 0xe0, 0x00, 0x00, 0x7f, 0xff, 0x40, 0x00, 0x00, 0x00, 0x00, 0x0b, 0xff, 0xf0,
    0x00, 0x00, 0x9f, 0xff, 0x30, 0x00, 0x00, 0x00, 0x00, 0x0a, 0xff, 0xf2, 0x00, 0x00, 0x9f, 0xff,
    0x20, 0x00, 0x00, 0x00, 0x00, 0x09, 0xff, 0xf3, 0x00, 0x00, 0xaf, 0xff, 0x20, 0x00, 0x00, 0x00,
    0x00, 0x09, 0xff, 0xf3, 0x00, 0x00, 0xaf, 0xff, 0x20, 0x00, 0x00, 0x00, 0x00, 0x09, 0xff, 0xf3,
    0x00, 0x00, 0xaf, 0xff, 0x20, 0x00, 0x00, 0x00, 0x00, 0x09, 0xff, 0xf3, 0x00, 0x00, 0xaf, 0xff,
    0x20, 0x00, 0x00, 0x00, 0x00, 0x09, 0xff, 0xf3, 0x00, 0x00, 0xaf, 0xff, 0x20, 0x00, 0x00, 0x00,
    0x00, 0x09, 0xff, 0xf3, 0x00, 0x00, 0xaf, 0xff, 0x20, 0x00, 0x00, 0x00, 0x00, 0x09, 0xff, 0xf3,
    0x00, 0x00, 0x9f, 0xff, 0x30, 0x00, 0x00, 0x00, 0x00, 0x09, 0xff, 0xf3, 0x00, 0x00, 0x8f, 0xff,
    0x30, 0x00, 0x00, 0x00, 0x00, 0x0a, 0xff, 0xf2, 0x00, 0x00, 0x7f, 0xff, 0x50, 0x00, 0x00, 0x00,
    0x00, 0x0b, 0xff, 0xf0, 0x00, 0x00, 0x5f, 0xff, 0x70, 0x00, 0x00, 0x00, 0x00, 0x0e, 0xff, 0xe0,
    0x00, 0x00, 0x2f, 0xff, 0xb0, 0x00, 0x00, 0x00, 0x00, 0x1f, 0xff, 0xb0, 0x00, 0x00, 0x0d, 0xff,
    0xf0, 0x00, 0x00, 0x00, 0x00, 0x6f, 0xff, 0x70, 0x00, 0x00, 0x08, 0xff, 0xf8, 0x00, 0x00, 0x00,
    0x00, 0xdf, 0xff, 0x20, 0x00, 0x00, 0x01, 0xff, 0xff, 0x40, 0x00, 0x00, 0x09, 0xff, 0xfb, 0x00,
    0x00, 0x00, 0x00, 0x8f, 0xff, 0xf9, 0x41, 0x25, 0xcf, 0xff, 0xf2, 0x00, 0x00, 0x00, 0x00, 0x0b,
    0xff, 0xff, 0xff, 0xff, 0xff, 0xff, 0x50, 0x00, 0x00, 0x00, 0x00, 0x00, 0x9f, 0xff, 0xff, 0xff,
    0xff, 0xe4, 0x00, 0x00, 0x00, 0x00, 0x00, 0x00, 0x02, 0x8c, 0xef, 0xfe, 0xb6, 0x00, 0x00, 0x00,
    0x00, 0x00, 0x00, 0x00, 0x00, 0x00, 0x00, 0x4a, 0xe0, 0x00, 0x00, 0x00, 0x00, 0x00, 0x00, 0x00,
    0x00, 0x02, 0x8e, 0xff, 0xf0, 0x00, 0x00, 0x00, 0x00, 0x00, 0x00, 0x00, 0x16, 0xcf, 0xff, 0xff,
    0xf0, 0x00, 0x00, 0x00, 0x00, 0x00, 0x00, 0x4a, 0xff, 0xff, 0xff, 0xff, 0xf0, 0x00, 0x00, 0x00,
    0x00, 0x00, 0x07, 0xff, 0xff, 0xff, 0xff, 0xff, 0xf0, 0x00, 0x00, 0x00, 0x00, 0x00, 0x08, 0xff,
    0xff, 0xb5, 0x0d, 0xff, 0xf0, 0x00, 0x00, 0x00, 0x00, 0x00, 0x08, 0xfc, 0x61, 0x00, 0x0d, 0xff,
    0xf0, 0x00, 0x00, 0x00, 0x00, 0x00, 0x03, 0x20, 0x00, 0x00, 0x0d, 0xff, 0xf0, 0x00, 0x00, 0x00,
    0x00, 0x00, 0x00, 0x00, 0x00, 0x00, 0x0d, 0xff, 0xf0, 0x00, 0x00, 0x00, 0x00, 0x00, 0x00, 0x00,
    0x00, 0x00, 0x0d, 0xff, 0xf0, 0x00, 0x00, 0x00, 0x00, 0x00, 0x00, 0x00, 0x00, 0x00, 0x0d, 0xff,
    0xf0, 0x00, 0x00, 0x00, 0x00, 0x00, 0x00, 0x00, 0x00, 0x00, 0x0d, 0xff, 0xf0, 0x00, 0x00, 0x00,
    0x00, 0x00, 0x00, 0x00, 0x00, 0x00, 0x0d, 0xff, 0xf0, 0x00, 0x00, 0x00, 0x00, 0x00, 0x00, 0x00,
    0x00, 0x00, 0x0d, 0xff, 0xf0, 0x00, 0x00, 0x00, 0x00, 0x00, 0x00, 0x00, 0x00, 0x00, 0x0d, 0xff,
    0xf0, 0x00, 0x00, 0x00, 0x00, 0x00, 0x00, 0x00, 0x00, 0x00, 0x0d, 0xff, 0xf0, 0x00, 0x00, 0x00,
    0x00, 0x00, 0x00, 0x00, 0x00, 0x00, 0x0d, 0xff, 0xf0, 0x00, 0x00, 0x00, 0x00, 0x00, 0x00, 0x00,
    0x00, 0x00, 0x0d, 0xff, 0xf0, 0x00, 0x00, 0x00, 0x00, 0x00, 0x00, 0x00, 0x00, 0x00, 0x0d, 0xff,
    0xf0, 0x00, 0x00, 0x00, 0x00, 0x00, 0x00, 0x00, 0x00, 0x00, 0x0d, 0xff, 0xf0, 0x00, 0x00, 0x00,
    0x00, 0x00, 0x00, 0x00, 0x00, 0x00, 0x0d, 0xff, 0xf0, 0x00, 0x00, 0x00, 0x00, 0x00, 0x00, 0x00,
    0x00, 0x00, 0x0d, 0xff, 0xf0, 0x00, 0x00, 0x00, 0x00, 0x00, 0x00, 0x00, 0x00, 0x00, 0x0d, 0xff,
    0xf0, 0x00, 0x00, 0x00, 0x00, 0x00, 0x00, 0x00, 0x00, 0x00, 0x0d, 0xff, 0xf0, 0x00, 0x00, 0x00,
    0x00, 0x00, 0x00, 0x00, 0x00, 0x00, 0x0d, 0xff, 0xf0, 0x00, 0x00, 0x00, 0x00, 0x00, 0x00, 0x00,
    0x00, 0x00, 0x0d, 0xff, 0xf0, 0x00, 0x00, 0x00, 0x00, 0x00, 0x00, 0x00, 0x00, 0x00, 0x0d, 0xff,
    0xf0, 0x00, 0x00, 0x00, 0x00, 0x00, 0x00, 0x00, 0x00, 0x00, 0x0d, 0xff, 0xf0, 0x00, 0x00, 0x00,
    0x00, 0x00, 0x00, 0x00, 0x00, 0x00, 0x0d, 0xff, 0xf0, 0x00, 0x00, 0x00, 0x00, 0x00, 0x00, 0x00,
    0x00, 0x00, 0x0d, 0xff, 0xf0, 0x00, 0x00, 0x00, 0x00, 0x00, 0x00, 0x00, 0x05, 0xad, 0xff, 0xfd,
    0xb6, 0x00, 0x00, 0x00, 0x00, 0x00, 0x00, 0x04, 0xdf, 0xff, 0xff, 0xff, 0xff, 0xf6, 0x00, 0x00,
    0x00, 0x00, 0x00, 0x6f, 0xff, 0xff, 0xff, 0xff, 0xff, 0xff, 0x90, 0x00, 0x00, 0x00, 0x05, 0xff,
    0xff, 0xc6, 0x32, 0x26, 0xdf, 0xff, 0xf6, 0x00, 0x00, 0x00, 0x0e, 0xff, 0xf7, 0x00, 0x00, 0x00,
    0x0a, 0xff, 0xfe, 0x00, 0x00, 0x00, 0x6f, 0xff, 0xa0, 0x00, 0x00, 0x00, 0x00, 0xdf, 0xff, 0x50,
    0x00, 0x00, 0xcf, 0xff, 0x20, 0x00, 0x00, 0x00, 0x00, 0x6f, 0xff, 0x90, 0x00, 0x00, 0xff, 0xfd,
    0x00, 0x00, 0x00, 0x00, 0x00, 0x3f, 0xff, 0xa0, 0x00, 0x00, 0xff, 0xfb, 0x00, 0x00, 0x00, 0x00,
    0x00, 0x2f, 0xff, 0xa0, 0x00, 0x00, 0x00, 0x00, 0x00, 0x00, 0x00, 0x00, 0x00, 0x3f, 0xff, 0x80,
    0x00, 0x00, 0x00, 0x00, 0x00, 0x00, 0x00, 0x00, 0x00, 0x7f, 0xff, 0x30, 0x00, 0x00, 0x00, 0x00,
    0x00, 0x00, 0x00, 0x00, 0x00, 0xef, 0xfd, 0x00, 0x00, 0x00, 0x00, 0x00, 0x00, 0x00, 0x00, 0x00,
    0x07, 0xff, 0xf6, 0x00, 0x00, 0x00, 0x00, 0x00, 0x00, 0x00, 0x00, 0x00, 0x3f, 0xff, 0xc0, 0x00,
    0x00, 0x00, 0x00, 0x00, 0x00, 0x00, 0x00, 0x01, 0xef, 0xff, 0x30, 0x00, 0x00, 0x00, 0x00, 0x00,
    0x00, 0x00, 0x00, 0x0c, 0xff, 0xf7, 0x00, 0x00, 0x00, 0x00, 0x00, 0x00, 0x00, 0x00, 0x00, 0xbf,
    0xff, 0xa0, 0x00, 0x00, 0x00, 0x00, 0x00, 0x00, 0x00, 0x00, 0x0a, 0xff, 0xfb, 0x00, 0x00, 0x00,
    0x00, 0x00, 0x00, 0x00, 0x00, 0x00, 0x8f, 0xff, 0xd1, 0x00, 0x00, 0x00, 0x00, 0x00, 0x00, 0x00,
    0x00, 0x07, 0xff, 0xfd, 0x10, 0x00, 0x00, 0x00, 0x00, 0x00, 0x00, 0x00, 0x00, 0x5f, 0xff, 0xe1,
    0x00, 0x00, 0x00, 0x00, 0x00, 0x00, 0x00, 0x00, 0x04, 0xff, 0xfe, 0x20, 0x00, 0x00, 0x00, 0x00,
    0x00, 0x00, 0x00, 0x00, 0x3f, 0xff, 0xf3, 0x00, 0x00, 0x00, 0x00, 0x00, 0x00, 0x00, 0x00, 0x02,
    0xef, 0xff, 0x40, 0x00, 0x00, 0x00, 0x00, 0x00, 0x00, 0x00, 0x00, 0x1e, 0xff, 0xf4, 0x00, 0x00,
    0x00, 0x00, 0x00, 0x00, 0x00, 0x00, 0x01, 0xdf, 0xff, 0x50, 0x00, 0x00, 0x00, 0x00, 0x00, 0x00,
    0x00, 0x00, 0x0c, 0xff, 0xf8, 0x22, 0x22, 0x22, 0x22, 0x22, 0x22, 0x22, 0x00, 0x00, 0x7f, 0xff,
    0xff, 0xff, 0xff, 0xff, 0xff, 0xff, 0xff, 0xff, 0x00, 0x00, 0x8f, 0xff, 0xff, 0xff, 0xff, 0xff,
    0xff, 0xff, 0xff, 0xff, 0x00, 0x00, 0x8f, 0xff, 0xff, 0xff, 0xff, 0xff, 0xff, 0xff, 0xff, 0xff,
    0x00, 0x00, 0x00, 0x00, 0x05, 0xad, 0xff, 0xfd, 0xa5, 0x00, 0x00, 0x00, 0x00, 0x00, 0x00, 0x04,
    0xdf, 0xff, 0xff, 0xff, 0xff, 0xd4, 0x00, 0x00, 0x00, 0x00, 0x00, 0x6f, 0xff, 0xff, 0xff, 0xff,
    0xff, 0xff, 0x60, 0x00, 0x00, 0x00, 0x05, 0xff, 0xff, 0xc5, 0x21, 0x26, 0xcf, 0xff, 0xf3, 0x00,
    0x00, 0x00, 0x0e, 0xff, 0xf7, 0x00, 0x00, 0x00, 0x09, 0xff, 0xfb, 0x00, 0x00, 0x00, 0x6f, 0xff,
    0xa0, 0x00, 0x00, 0x00, 0x00, 0xef, 0xff, 0x10, 0x00, 0x00, 0xaf, 0xff, 0x30, 0x00, 0x00, 0x00,
    0x00, 0x9f, 0xff, 0x40, 0x00, 0x00, 0xcf, 0xff, 0x00, 0x00, 0x00, 0x00, 0x00, 0x6f, 0xff, 0x60,
    0x00, 0x00, 0x00, 0x00, 0x00, 0x00, 0x00, 0x00, 0x00, 0x6f, 0xff, 0x60, 0x00, 0x00, 0x00, 0x00,
    0x00, 0x00, 0x00, 0x00, 0x00, 0x9f, 0xff, 0x30, 0x00, 0x00, 0x00, 0x00, 0x00, 0x00, 0x00, 0x00,
    0x01, 0xff, 0xfd, 0x00, 0x00, 0x00, 0x00, 0x00, 0x00, 0x00, 0x00, 0x00, 0x1c, 0xff, 0xf5, 0x00,
    0x00, 0x00, 0x00, 0x00, 0x00, 0x22, 0x22, 0x48, 0xff, 0xff, 0x80, 0x00, 0x00, 0x00, 0x00, 0x00,
    0x00, 0xff, 0xff, 0xff, 0xff, 0xe6, 0x00, 0x00, 0x00, 0x00, 0x00, 0x00, 0x00, 0xff, 0xff, 0xff,
    0xff, 0x70, 0x00, 0x00, 0x00, 0x00, 0x00, 0x00, 0x00, 0xff, 0xff, 0xff, 0xff, 0xfd, 0x30, 0x00,
    0x00, 0x00, 0x00, 0x00, 0x00, 0x00, 0x00, 0x26, 0xcf, 0xff, 0xf3, 0x00, 0x00, 0x00, 0x00, 0x00,
    0x00, 0x00, 0x00, 0x00, 0x07, 0xff, 0xfd, 0x00, 0x00, 0x00, 0x00, 0x00, 0x00, 0x00, 0x00, 0x00,
    0x00, 0xaf, 0xff, 0x50, 0x00, 0x00, 0x00, 0x00, 0x00, 0x00, 0x00, 0x00, 0x00, 0x3f, 0xff, 0xa0,
    0x00, 0x00, 0x00, 0x00, 0x00, 0x00, 0x00, 0x00, 0x00, 0x0f, 0xff, 0xd0, 0x00, 0x00, 0x00, 0x00,
    0x00, 0x00, 0x00, 0x00, 0x00, 0x0f, 0xff, 0xd0, 0x00, 0x00, 0xff, 0xfc, 0x00, 0x00, 0x00, 0x00,
    0x00, 0x0f, 0xff, 0xc0, 0x00, 0x00, 0xef, 0xff, 0x00, 0x00, 0x00, 0x00, 0x00, 0x3f, 0xff, 0xa0,
    0x00, 0x00, 0xaf, 0xff, 0x60, 0x00, 0x00, 0x00, 0x00, 0xaf, 0xff, 0x50, 0x00, 0x00, 0x4f, 0xff,
    0xf4, 0x00, 0x00, 0x00, 0x07, 0xff, 0xfe, 0x00, 0x00, 0x00, 0x0a, 0xff, 0xff, 0xb5, 0x21, 0x26,
    0xcf, 0xff, 0xf4, 0x00, 0x00, 0x00, 0x00, 0xbf, 0xff, 0xff, 0xff, 0xff, 0xff, 0xff, 0x60, 0x00,
    0x00, 0x00, 0x00, 0x06, 0xef, 0xff, 0xff, 0xff, 0xff, 0xd4, 0x00, 0x00, 0x00, 0x00, 0x00, 0x00,
    0x06, 0xad, 0xff, 0xfd, 0x94, 0x00, 0x00, 0x00, 0x00, 0x00, 0x00, 0x00, 0x00, 0x00, 0x00, 0x00,
    0xdf, 0xff, 0x80, 0x00, 0x00, 0x00, 0x00, 0x00, 0x00, 0x00, 0x00, 0x08, 0xff, 0xff, 0x80, 0x00,
    0x00, 0x00, 0x00, 0x00, 0x00, 0x00, 0x00, 0x2f, 0xff, 0xff, 0x80, 0x00, 0x00, 0x00, 0x00, 0x00,
    0x00, 0x00, 0x00, 0xcf, 0xff, 0xff, 0x80, 0x00, 0x00, 0x00, 0x00, 0x00, 0x00, 0x00, 0x07, 0xff,
    0xff, 0xff, 0x80, 0x00, 0x00, 0x00, 0x00, 0x00, 0x00, 0x00, 0x2f, 0xff, 0xcf, 0xff, 0x80, 0x00,
    0x00, 0x00, 0x00, 0x00, 0x00, 0x00, 0xbf, 0xfe, 0x5f, 0xff, 0x80, 0x00, 0x00, 0x00, 0x00, 0x00,
    0x00, 0x05, 0xff, 0xf4, 0x4f, 0xff, 0x80, 0x00, 0x00, 0x00, 0x00, 0x00, 0x00, 0x1e, 0xff, 0xa0,
    0x4f, 0xff, 0x80, 0x00, 0x00, 0x00, 0x00, 0x00, 0x00, 0xaf, 0xfe, 0x10, 0x4f, 0xff, 0x80, 0x00,
    0x00, 0x00, 0x00, 0x00, 0x04, 0xff, 0xf5, 0x00, 0x4f, 0xff, 0x80, 0x00, 0x00, 0x00, 0x00, 0x00,
    0x0e, 0xff, 0xb0, 0x00, 0x4f, 0xff, 0x80, 0x00, 0x00, 0x00, 0x00, 0x00, 0x9f, 0xff, 0x20, 0x00,
    0x4f, 0xff, 0x80, 0x00, 0x00, 0x00, 0x00, 0x03, 0xff, 0xf7, 0x00, 0x00, 0x4f, 0xff, 0x80, 0x00,
    0x00, 0x00, 0x00, 0x0d, 0xff, 0xc0, 0x00, 0x00, 0x4f, 0xff, 0x80, 0x00, 0x00, 0x00, 0x00, 0x8f,
    0xff, 0x30, 0x00, 0x00, 0x4f, 0xff, 0x80, 0x00, 0x00, 0x00, 0x02, 0xff, 0xf8, 0x00, 0x00, 0x00,
    0x4f, 0xff, 0x80, 0x00, 0x00, 0x00, 0x0c, 0xff, 0xd0, 0x00, 0x00, 0x00, 0x4f, 0xff, 0x80, 0x00,
    0x00, 0x00, 0x7f, 0xff, 0x40, 0x00, 0x00, 0x00, 0x4f, 0xff, 0x80, 0x00, 0x00, 0x02, 0xff, 0xfb,
    0x11, 0x11, 0x11, 0x11, 0x6f, 0xff, 0x81, 0x11, 0x10, 0x0b, 0xff, 0xff, 0xff, 0xff, 0xff, 0xff,
    0xff, 0xff, 0xff, 0xff, 0xa0, 0x0e, 0xff, 0xff, 0xff, 0xff, 0xff, 0xff, 0xff, 0xff, 0xff, 0xff,
    0xa0, 0x0e, 0xff, 0xff, 0xff, 0xff, 0xff, 0xff, 0xff, 0xff, 0xff, 0xff, 0xa0, 0x00, 0x00, 0x00,
    0x00, 0x00, 0x00, 0x00, 0x4f, 0xff, 0x80, 0x00, 0x00, 0x00, 0x00, 0x00, 0x00, 0x00, 0x00, 0x00,
    0x4f, 0xff, 0x80, 0x00, 0x00, 0x00, 0x00, 0x00, 0x00, 0x00, 0x00, 0x00, 0x4f, 0xff, 0x80, 0x00,
    0x00, 0x00, 0x00, 0x00, 0x00, 0x00, 0x00, 0x00, 0x4f, 0xff, 0x80, 0x00, 0x00, 0x00, 0x00, 0x00,
    0x00, 0x00, 0x00, 0x00, 0x4f, 0xff, 0x80, 0x00, 0x00, 0x00, 0x00, 0x00, 0x00, 0x00, 0x00, 0x00,
    0x4f, 0xff, 0x80, 0x00, 0x00, 0x00, 0x00, 0x00, 0x00, 0x00, 0x00, 0x00, 0x4f, 0xff, 0x80, 0x00,
    0x00, 0x00, 0x00, 0x04, 0xff, 0xff, 0xff, 0xff, 0xff, 0xff, 0xff, 0xf1, 0x00, 0x00, 0x00, 0x06,
    0xff, 0xff, 0xff, 0xff, 0xff, 0xff, 0xff, 0xf1, 0x00, 0x00, 0x00, 0x08, 0xff, 0xff, 0xff, 0xff,
    0xff, 0xff, 0xff, 0xf1, 0x00, 0x00, 0x00, 0x09, 0xff, 0xf8, 0x88, 0x88, 0x88, 0x88, 0x88, 0x80,
    0x00, 0x00, 0x00, 0x0b, 0xff, 0xd0, 0x00, 0x00, 0x00, 0x00, 0x00, 0x00, 0x00, 0x00, 0x00, 0x0d,
    0xff, 0xb0, 0x00, 0x00, 0x00, 0x00, 0x00, 0x00, 0x00, 0x00, 0x00, 0x0e, 0xff, 0x90, 0x00, 0x00,
    0x00, 0x00, 0x00, 0x00, 0x00, 0x00, 0x00, 0x0f, 0xff, 0x80, 0x00, 0x00, 0x00, 0x00, 0x00, 0x00,
    0x00, 0x00, 0x00, 0x2f, 0xff, 0x60, 0x00, 0x00, 0x00, 0x00, 0x00, 0x00, 0x00, 0x00, 0x00, 0x3f,
    0xff, 0x40, 0x00, 0x00, 0x00, 0x00, 0x00, 0x00, 0x00, 0x00, 0x00, 0x5f, 0xff, 0x35, 0xae, 0xff,
    0xeb, 0x50, 0x00, 0x00, 0x00, 0x00, 0x00, 0x6f, 0xff, 0xef, 0xff, 0xff, 0xff, 0xfe, 0x40, 0x00,
    0x00, 0x00, 0x00, 0x8f, 0xff, 0xff, 0xff, 0xff, 0xff, 0xff, 0xf5, 0x00, 0x00, 0x00, 0x00, 0xaf,
    0xff, 0xfd, 0x86, 0x68, 0xdf, 0xff, 0xff, 0x20, 0x00, 0x00, 0x00, 0x7d, 0xff, 0x60, 0x00, 0x00,
    0x06, 0xff, 0xff, 0xb0, 0x00, 0x00, 0x00, 0x00, 0x12, 0x00, 0x00, 0x00, 0x00, 0x4f, 0xff, 0xf2,
    0x00, 0x00, 0x00, 0x00, 0x00, 0x00, 0x00, 0x00, 0x00, 0x0a, 0xff, 0xf7, 0x00, 0x00, 0x00, 0x00,
    0x00, 0x00, 0x00, 0x00, 0x00, 0x04, 0xff, 0xfb, 0x00, 0x00, 0x00, 0x00, 0x00, 0x00, 0x00, 0x00,
    0x00, 0x00, 0xff, 0xfd, 0x00, 0x00, 0x00, 0x00, 0x00, 0x00, 0x00, 0x00, 0x00, 0x00, 0xef, 0xfe,
    0x00, 0x00, 0x00, 0x00, 0x00, 0x00, 0x00, 0x00, 0x00, 0x00, 0xef, 0xfe, 0x00, 0x00, 0x00, 0x00,
    0x00, 0x00, 0x00, 0x00, 0x00, 0x00, 0xff, 0xfd, 0x00, 0x00, 0x0c, 0xff, 0xd0, 0x00, 0x00, 0x00,
    0x00, 0x02, 0xff, 0xfb, 0x00, 0x00, 0x09, 0xff, 0xf2, 0x00, 0x00, 0x00, 0x00, 0x07, 0xff, 0xf7,
    0x00, 0x00, 0x04, 0xff, 0xfa, 0x00, 0x00, 0x00, 0x00, 0x1e, 0xff, 0xf2, 0x00, 0x00, 0x00, 0xdf,
    0xff, 0x70, 0x00, 0x00, 0x00, 0xbf, 0xff, 0xb0, 0x00, 0x00, 0x00, 0x3f, 0xff, 0xfc, 0x62, 0x13,
    0x7e, 0xff, 0xff, 0x20, 0x00, 0x00, 0x00, 0x06, 0xff, 0xff, 0xff, 0xff, 0xff, 0xff, 0xf4, 0x00,
    0x00, 0x00, 0x00, 0x00, 0x3d, 0xff, 0xff, 0xff, 0xff, 0xfd, 0x30, 0x00, 0x00, 0x00, 0x00, 0x00,
    0x00, 0x4a, 0xdf, 0xff, 0xda, 0x50, 0x00, 0x00, 0x00, 0x00, 0x00, 0x00, 0x00, 0x00, 0x03, 0x8b,
    0xdf, 0xf6, 0x00, 0x00, 0x00, 0x00, 0x00, 0x00, 0x00, 0x05, 0xdf, 0xff, 0xff, 0xf6, 0x00, 0x00,
    0x00, 0x00, 0x00, 0x00, 0x01, 0xbf, 0xff, 0xff, 0xff, 0xf6, 0x00, 0x00, 0x00, 0x00, 0x00, 0x00,
    0x1d, 0xff, 0xff, 0xfa, 0x64, 0x31, 0x00, 0x00, 0x00, 0x00, 0x00, 0x00, 0xcf, 0xff, 0xf7, 0x00,
    0x00, 0x00, 0x00, 0x00, 0x00, 0x00, 0x00, 0x08, 0xff, 0xfd, 0x20, 0x00, 0x00, 0x00, 0x00, 0x00,
    0x00, 0x00, 0x00, 0x2f, 0xff, 0xe1, 0x00, 0x00, 0x00, 0x00, 0x00, 0x00, 0x00, 0x00, 0x00, 0x9f,
    0xff, 0x40, 0x00, 0x00, 0x00, 0x00, 0x00, 0x00, 0x00, 0x00, 0x00, 0xff, 0xfc, 0x00, 0x00, 0x00,
    0x00, 0x00, 0x00, 0x00, 0x00, 0x00, 0x04, 0xff, 0xf5, 0x00, 0x00, 0x00, 0x00, 0x00, 0x00, 0x00,
    0x00, 0x00, 0x09, 0xff, 0xf0, 0x05, 0xae, 0xff, 0xea, 0x50, 0x00, 0x00, 0x00, 0x00, 0x0c, 0xff,
    0xd3, 0xdf, 0xff, 0xff, 0xff, 0xfc, 0x20, 0x00, 0x00, 0x00, 0x0f, 0xff, 0xef, 0xff, 0xff, 0xff,
    0xff, 0xff, 0xe2, 0x00, 0x00, 0x00, 0x1f, 0xff, 0xff, 0xfd, 0x73, 0x23, 0x8f, 0xff, 0xfc, 0x00,
    0x00, 0x00, 0x2f, 0xff, 0xff, 0x90, 0x00, 0x00, 0x03, 0xef, 0xff, 0x60, 0x00, 0x00, 0x3f, 0xff,
    0xf9, 0x00, 0x00, 0x00, 0x00, 0x5f, 0xff, 0xd0, 0x00, 0x00, 0x4f, 0xff, 0xd0, 0x00, 0x00, 0x00,
    0x00, 0x0c, 0xff, 0xf2, 0x00, 0x00, 0x4f, 0xff, 0x90, 0x00, 0x00, 0x00, 0x00, 0x07, 0xff, 0xf6,
    0x00, 0x00, 0x4f, 0xff, 0x80, 0x00, 0x00, 0x00, 0x00, 0x04, 0xff, 0xf8, 0x00, 0x00, 0x3f, 0xff,
    0x90, 0x00, 0x00, 0x00, 0x00, 0x02, 0xff, 0xf9, 0x00, 0x00, 0x2f, 0xff, 0xa0, 0x00, 0x00, 0x00,
    0x00, 0x02, 0xff, 0xf9, 0x00, 0x00, 0x0f, 0xff, 0xd0, 0x00, 0x00, 0x00, 0x00, 0x04, 0xff, 0xf7,
    0x00, 0x00, 0x0b, 0xff, 0xf1, 0x00, 0x00, 0x00, 0x00, 0x07, 0xff, 0xf5, 0x00, 0x00, 0x06, 0xff,
    0xf8, 0x00, 0x00, 0x00, 0x00, 0x0c, 0xff, 0xf1, 0x00, 0x00, 0x00, 0xff, 0xff, 0x20, 0x00, 0x00,
    0x00, 0x4f, 0xff, 0xb0, 0x00, 0x00, 0x00, 0x7f, 0xff, 0xd2, 0x00, 0x00, 0x03, 0xef, 0xff, 0x40,
    0x00, 0x00, 0x00, 0x0c, 0xff, 0xff, 0x83, 0x24, 0x9f, 0xff, 0xfa, 0x00, 0x00, 0x00, 0x00, 0x01,
    0xdf, 0xff, 0xff, 0xff, 0xff, 0xff, 0xb0, 0x00, 0x00, 0x00, 0x00, 0x00, 0x0a, 0xff, 0xff, 0xff,
    0xff, 0xf8, 0x00, 0x00, 0x00, 0x00, 0x00, 0x00, 0x00, 0x39, 0xdf, 0xfe, 0xc8, 0x20, 0x00, 0x00,
    0x00, 0x06, 0xff, 0xff, 0xff, 0xff, 0xff, 0xff, 0xff, 0xff, 0xff, 0xfc, 0x00, 0x06, 0xff, 0xff,
    0xff, 0xff, 0xff, 0xff, 0xff, 0xff, 0xff, 0xfc, 0x00, 0x06, 0xff, 0xff, 0xff, 0xff, 0xff, 0xff,
    0xff, 0xff, 0xff, 0xf9, 0x00, 0x00, 0x11, 0x11, 0x11, 0x11, 0x11, 0x11, 0x11, 0x18, 0xff, 0xf2,
    0x00, 0x00, 0x00, 0x00, 0x00, 0x00, 0x00, 0x00, 0x00, 0x0d, 0xff, 0xb0, 0x00, 0x00, 0x00, 0x00,
    0x00, 0x00, 0x00, 0x00, 0x00, 0x5f, 0xff, 0x40, 0x00, 0x00, 0x00, 0x00, 0x00, 0x00, 0x00, 0x00,
    0x00, 0xcf, 0xfd, 0x00, 0x00, 0x00, 0x00, 0x00, 0x00, 0x00, 0x00, 0x00, 0x04, 0xff, 0xf6, 0x00,
    0x00, 0x00, 0x00, 0x00, 0x00, 0x00, 0x00, 0x00, 0x0b, 0xff, 0xe0, 0x00, 0x00, 0x00, 0x00, 0x00,
    0x00, 0x00, 0x00, 0x00, 0x2f, 0xff, 0x80, 0x00, 0x00, 0x00, 0x00, 0x00, 0x00, 0x00, 0x00, 0x00,
    0xaf, 0xff, 0x10, 0x00, 0x00, 0x00, 0x00, 0x00, 0x00, 0x00, 0x00, 0x01, 0xff, 0xf9, 0x00, 0x00,
    0x00, 0x00, 0x00, 0x00, 0x00, 0x00, 0x00, 0x08, 0xff, 0xf2, 0x00, 0x00, 0x00, 0x00, 0x00, 0x00,
    0x00, 0x00, 0x00, 0x0f, 0xff, 0xb0, 0x00, 0x00, 0x00, 0x00, 0x00, 0x00, 0x00, 0x00, 0x00, 0x7f,
    0xff, 0x40, 0x00, 0x00, 0x00, 0x00, 0x00, 0x00, 0x00, 0x00, 0x00, 0xef, 0xfd, 0x00, 0x00, 0x00,
    0x00, 0x00, 0x00, 0x00, 0x00, 0x00, 0x06, 0xff, 0xf6, 0x00, 0x00, 0x00, 0x00, 0x00, 0x00, 0x00,
    0x00, 0x00, 0x0d, 0xff, 0xe0, 0x00, 0x00, 0x00, 0x00, 0x00, 0x00, 0x00, 0x00, 0x00, 0x4f, 0xff,
    0x80, 0x00, 0x00, 0x00, 0x00, 0x00, 0x00, 0x00, 0x00, 0x00, 0xcf, 0xff, 0x10, 0x00, 0x00, 0x00,
    0x00, 0x00, 0x00, 0x00, 0x00, 0x03, 0xff, 0xf9, 0x00, 0x00, 0x00, 0x00, 0x00, 0x00, 0x00, 0x00,
    0x00, 0x0a, 0xff, 0xf2, 0x00, 0x00, 0x00, 0x00, 0x00, 0x00, 0x00, 0x00, 0x00, 0x2f, 0xff, 0xb0,
    0x00, 0x00, 0x00, 0x00, 0x00, 0x00, 0x00, 0x00, 0x00, 0x9f, 0xff, 0x40, 0x00, 0x00, 0x00, 0x00,
    0x00, 0x00, 0x00, 0x00, 0x01, 0xff, 0xfd, 0x00, 0x00, 0x00, 0x00, 0x00, 0x00, 0x00, 0x00, 0x00,
    0x08, 0xff, 0xf6, 0x00, 0x00, 0x00, 0x00, 0x00, 0x00, 0x00, 0x00, 0x00, 0x0e, 0xff, 0xe0, 0x00,
    0x00, 0x00, 0x00, 0x00, 0x00, 0x00, 0x00, 0x00, 0x6f, 0xff, 0x80, 0x00, 0x00, 0x00, 0x00, 0x00,
    0x00, 0x00, 0x00, 0x00, 0xef, 0xff, 0x10, 0x00, 0x00, 0x00, 0x00, 0x00, 0x00, 0x00, 0x00, 0x05,
    0xff, 0xfa, 0x00, 0x00, 0x00, 0x00, 0x00, 0x00, 0x00, 0x00, 0x00, 0x00, 0x02, 0x8c, 0xef, 0xfd,
    0xb6, 0x00, 0x00, 0x00, 0x00, 0x00, 0x00, 0x01, 0xaf, 0xff, 0xff, 0xff, 0xff, 0xe5, 0x00, 0x00,
    0x00, 0x00, 0x00, 0x1d, 0xff, 0xff, 0xff, 0xff, 0xff, 0xff, 0x80, 0x00, 0x00, 0x00, 0x00, 0xbf,
    0xff, 0xf9, 0x42, 0x26, 0xcf, 0xff, 0xf5, 0x00, 0x00, 0x00, 0x04, 0xff, 0xff, 0x30, 0x00, 0x00,
    0x09, 0xff, 0xfe, 0x00, 0x00, 0x00, 0x0a, 0xff, 0xf6, 0x00, 0x00, 0x00, 0x00, 0xdf, 0xff, 0x40,
    0x00, 0x00, 0x0e, 0xff, 0xf0, 0x00, 0x00, 0x00, 0x00, 0x6f, 0xff, 0x70, 0x00, 0x00, 0x0f, 0xff,
    0xd0, 0x00, 0x00, 0x00, 0x00, 0x3f, 0xff, 0x90, 0x00, 0x00, 0x0f, 0xff, 0xd0, 0x00, 0x00, 0x00,
    0x00, 0x3f, 0xff, 0x90, 0x00, 0x00, 0x0d, 0xff, 0xf0, 0x00, 0x00, 0x00, 0x00, 0x6f, 0xff, 0x60,
    0x00, 0x00, 0x08, 0xff, 0xf6, 0x00, 0x00, 0x00, 0x00, 0xcf, 0xff, 0x20, 0x00, 0x00, 0x01, 0xff,
    0xff, 0x30, 0x00, 0x00, 0x08, 0xff, 0xf9, 0x00, 0x00, 0x00, 0x00, 0x4f, 0xff, 0xf9, 0x31, 0x25,
    0xcf, 0xff, 0xd0, 0x00, 0x00, 0x00, 0x00, 0x04, 0xef, 0xff, 0xff, 0xff, 0xff, 0xfb, 0x10, 0x00,
    0x00, 0x00, 0x00, 0x00, 0x4f, 0xff, 0xff, 0xff, 0xff, 0xc0, 0x00, 0x00, 0x00, 0x00, 0x00, 0x09,
    0xff, 0xff, 0xff, 0xff, 0xff, 0xfe, 0x30, 0x00, 0x00, 0x00, 0x00, 0xbf, 0xff, 0xd6, 0x10, 0x03,
    0x9f, 0xff, 0xf4, 0x00, 0x00, 0x00, 0x07, 0xff, 0xfb, 0x00, 0x00, 0x00, 0x03, 0xff, 0xff, 0x20,
    0x00, 0x00, 0x1f, 0xff, 0xe0, 0x00, 0x00, 0x00, 0x00, 0x5f, 0xff, 0xa0, 0x00, 0x00, 0x6f, 0xff,
    0x70, 0x00, 0x00, 0x00, 0x00, 0x0d, 0xff, 0xf0, 0x00, 0x00, 0x9f, 0xff, 0x30, 0x00, 0x00, 0x00,
    0x00, 0x09, 0xff, 0xf3, 0x00, 0x00, 0xaf, 0xff, 0x10, 0x00, 0x00, 0x00, 0x00, 0x08, 0xff, 0xf4,
    0x00, 0x00, 0xaf, 0xff, 0x20, 0x00, 0x00, 0x00, 0x00, 0x09, 0xff, 0xf4, 0x00, 0x00, 0x8f, 0xff,
    0x60, 0x00, 0x00, 0x00, 0x00, 0x0c, 0xff, 0xf2, 0x00, 0x00, 0x4f, 0xff, 0xd0, 0x00, 0x00, 0x00,
    0x00, 0x4f, 0xff, 0xd0, 0x00, 0x00, 0x0d, 0xff, 0xfa, 0x00, 0x00, 0x00, 0x02, 0xef, 0xff, 0x70,
    0x00, 0x00, 0x03, 0xff, 0xff, 0xe7, 0x32, 0x24, 0x9f, 0xff, 0xfc, 0x00, 0x00, 0x00, 0x00, 0x5f,
    0xff, 0xff, 0xff, 0xff, 0xff, 0xff, 0xd1, 0x00, 0x00, 0x00, 0x00, 0x03, 0xcf, 0xff, 0xff, 0xff,
    0xff, 0xf9, 0x00, 0x00, 0x00, 0x00, 0x00, 0x00, 0x03, 0x9c, 0xef, 0xfe, 0xb7, 0x10, 0x00, 0x00,
    0x00, 0x00, 0x00, 0x00, 0x04, 0xad, 0xff, 0xec, 0x81, 0x00, 0x00, 0x00, 0x00, 0x00, 0x00, 0x02,
    0xcf, 0xff, 0xff, 0xff, 0xff, 0x70, 0x00, 0x00, 0x00, 0x00, 0x00, 0x3e, 0xff, 0xff, 0xff, 0xff,
    0xff, 0xf9, 0x00, 0x00, 0x00, 0x00, 0x01, 0xef, 0xff, 0xe7, 0x32, 0x5b, 0xff, 0xff, 0x70, 0x00,
    0x00, 0x00, 0x09, 0xff, 0xfb, 0x00, 0x00, 0x00, 0x6f, 0xff, 0xf2, 0x00, 0x00, 0x00, 0x1f, 0xff,
    0xe1, 0x00, 0x00, 0x00, 0x08, 0xff, 0xf9, 0x00, 0x00, 0x00, 0x7f, 0xff, 0x60, 0x00, 0x00, 0x00,
    0x00, 0xef, 0xff, 0x00, 0x00, 0x00, 0xaf, 0xff, 0x10, 0x00, 0x00, 0x00, 0x00, 0x8f, 0xff, 0x40,
    0x00, 0x00, 0xdf, 0xfe, 0x00, 0x00, 0x00, 0x00, 0x00, 0x4f, 0xff, 0x80, 0x00, 0x00, 0xef, 0xfc,
    0x00, 0x00, 0x00, 0x00, 0x00, 0x1f, 0xff, 0xa0, 0x00, 0x00, 0xff, 0xfc, 0x00, 0x00, 0x00, 0x00,
    0x00, 0x0f, 0xff, 0xc0, 0x00, 0x00, 0xef, 0xfe, 0x00, 0x00, 0x00, 0x00, 0x00, 0x0f, 0xff, 0xd0,
    0x00, 0x00, 0xbf, 0xff, 0x10, 0x00, 0x00, 0x00, 0x00, 0x0f, 0xff, 0xd0, 0x00, 0x00, 0x7f, 0xff,
    0x70, 0x00, 0x00, 0x00, 0x00, 0x4f, 0xff, 0xd0, 0x00, 0x00, 0x2f, 0xff, 0xe1, 0x00, 0x00, 0x00,
    0x01, 0xef, 0xff, 0xd0, 0x00, 0x00, 0x0b, 0xff, 0xfb, 0x00, 0x00, 0x00, 0x3d, 0xff, 0xff, 0xc0,
    0x00, 0x00, 0x02, 0xff, 0xff, 0xe7, 0x32, 0x5a, 0xff, 0xff, 0xff, 0xb0, 0x00, 0x00, 0x00, 0x6f,
    0xff, 0xff, 0xff, 0xff, 0xff, 0x6f, 0xff, 0x90, 0x00, 0x00, 0x00, 0x05, 0xef, 0xff, 0xff, 0xff,
    0xe4, 0x1f, 0xff, 0x70, 0x00, 0x00, 0x00, 0x00, 0x17, 0xce, 0xfe, 0xc6, 0x00, 0x4f, 0xff, 0x40,
    0x00, 0x00, 0x00, 0x00, 0x00, 0x00, 0x00, 0x00, 0x00, 0x7f, 0xff, 0x00, 0x00, 0x00, 0x00, 0x00,
    0x00, 0x00, 0x00, 0x00, 0x00, 0xdf, 0xfb, 0x00, 0x00, 0x00, 0x00, 0x00, 0x00, 0x00, 0x00, 0x00,
    0x04, 0xff, 0xf6, 0x00, 0x00, 0x00, 0x00, 0x00, 0x00, 0x00, 0x00, 0x00, 0x1d, 0xff, 0xe0, 0x00,
    0x00, 0x00, 0x00, 0x00, 0x00, 0x00, 0x00, 0x01, 0xcf, 0xff, 0x60, 0x00, 0x00, 0x00, 0x00, 0x00,
    0x00, 0x00, 0x00, 0x6e, 0xff, 0xfb, 0x00, 0x00, 0x00, 0x00, 0x00, 0x00, 0x23, 0x46, 0xae, 0xff,
    0xff, 0xc0, 0x00, 0x00, 0x00, 0x00, 0x00, 0x00, 0xcf, 0xff, 0xff, 0xff, 0xf9, 0x00, 0x00, 0x00,
    0x00, 0x00, 0x00, 0x00, 0xcf, 0xff, 0xff, 0xfb, 0x30, 0x00, 0x00, 0x00, 0x00, 0x00, 0x00, 0x00,
    0xcf, 0xed, 0xa7, 0x20, 0x00, 0x00, 0x00, 0x00, 0x00, 0x00, 0x00, 0x78, 0x40, 0x00, 0x00, 0x0b,
    0xff, 0xf5, 0x00, 0x00, 0x0f, 0xff, 0xfa, 0x00, 0x00, 0x0e, 0xff, 0xf8, 0x00, 0x00, 0x04, 0xef,
    0xb1, 0x00, 0x00, 0x00, 0x00, 0x00, 0x00, 0x00, 0x00, 0x00, 0x00, 0x00, 0x00, 0x00, 0x00, 0x00,
    0x00, 0x00, 0x00, 0x00, 0x00, 0x00, 0x00, 0x00, 0x00, 0x00, 0x00, 0x00, 0x00, 0x00, 0x00, 0x00,
    0x00, 0x00, 0x00, 0x00, 0x00, 0x00, 0x00, 0x00, 0x00, 0x00, 0x00, 0x00, 0x00, 0x00, 0x00, 0x00,
    0x00, 0x00, 0x00, 0x00, 0x00, 0x00, 0x00, 0x00, 0x00, 0x00, 0x00, 0x00, 0x00, 0x00, 0x00, 0x00,
    0x00, 0x00, 0x00, 0x00, 0x00, 0x78, 0x40, 0x00, 0x00, 0x0b, 0xff, 0xf5, 0x00, 0x00, 0x0f, 0xff,
    0xfa, 0x00, 0x00, 0x0e, 0xff, 0xf8, 0x00, 0x00, 0x04, 0xef, 0xb1, 0x00, 0x00, 0x07, 0x84, 0x00,
    0x00, 0x0b, 0xff, 0xf5, 0x00, 0x00, 0xff, 0xff, 0xa0, 0x00, 0x0e, 0xff, 0xf8, 0x00, 0x00, 0x4e,
    0xfb, 0x10, 0x00, 0x00, 0x00, 0x00, 0x00, 0x00, 0x00, 0x00, 0x00, 0x00, 0x00, 0x00, 0x00, 0x00,
    0x00, 0x00, 0x00, 0x00, 0x00, 0x00, 0x00, 0x00, 0x00, 0x00, 0x00, 0x00, 0x00, 0x00, 0x00, 0x00,
    0x00, 0x00, 0x00, 0x00, 0x00, 0x00, 0x00, 0x00, 0x00, 0x00, 0x00, 0x00, 0x00, 0x00, 0x00, 0x00,
    0x00, 0x00, 0x00, 0x00, 0x00, 0x00, 0x00, 0x00, 0x00, 0x00, 0x00, 0x00, 0x00, 0x00, 0x6f, 0xff,
    0x50, 0x00, 0x06, 0xff, 0xf5, 0x00, 0x00, 0x6f, 0xff, 0x50, 0x00, 0x06, 0xff, 0xf4, 0x00, 0x00,
    0x8f, 0xff, 0x20, 0x00, 0x0c, 0xff, 0xe0, 0x00, 0x02, 0xff, 0xf7, 0x00, 0x00, 0xbf, 0xfe, 0x00,
    0x00, 0x2f, 0xff, 0x40, 0x00, 0x00, 0x3c, 0x50, 0x00, 0x00, 0x00, 0x00, 0x00, 0x00, 0x00, 0x00,
    0x00, 0x00, 0x2a, 0x30, 0x00, 0x00, 0x00, 0x00, 0x00, 0x00, 0x00, 0x03, 0xbf, 0xf4, 0x00, 0x00,
    0x00, 0x00, 0x00, 0x00, 0x00, 0x4b, 0xff, 0xff, 0x40, 0x00, 0x00, 0x00, 0x00, 0x00, 0x05, 0xcf,
    0xff, 0xff, 0xf4, 0x00, 0x00, 0x00, 0x00, 0x00, 0x5d, 0xff, 0xff, 0xff, 0xd7, 0x00, 0x00, 0x00,
    0x00, 0x06, 0xdf, 0xff, 0xff, 0xfb, 0x40, 0x00, 0x00, 0x00, 0x00, 0x7e, 0xff, 0xff, 0xff, 0x82,
    0x00, 0x00, 0x00, 0x00, 0x18, 0xff, 0xff, 0xff, 0xd6, 0x00, 0x00, 0x00, 0x00, 0x00, 0x08, 0xff,
    0xff, 0xfa, 0x40, 0x00, 0x00, 0x00, 0x00, 0x00, 0x00, 0x8f, 0xff, 0xe2, 0x00, 0x00, 0x00, 0x00,
    0x00, 0x00, 0x00, 0x08, 0xff, 0xff, 0xf9, 0x30, 0x00, 0x00, 0x00, 0x00, 0x00, 0x00, 0x18, 0xef,
    0xff, 0xff, 0xc5, 0x00, 0x00, 0x00, 0x00, 0x00, 0x00, 0x00, 0x7e, 0xff, 0xff, 0xfe, 0x81, 0x00,
    0x00, 0x00, 0x00, 0x00, 0x00, 0x06, 0xdf, 0xff, 0xff, 0xfb, 0x40, 0x00, 0x00, 0x00, 0x00, 0x00,
    0x00, 0x5d, 0xff, 0xff, 0xff, 0xd7, 0x00, 0x00, 0x00, 0x00, 0x00, 0x00, 0x05, 0xcf, 0xff, 0xff,
    0xf4, 0x00, 0x00, 0x00, 0x00, 0x00, 0x00, 0x00, 0x4b, 0xff, 0xff, 0x40, 0x00, 0x00, 0x00, 0x00,
    0x00, 0x00, 0x00, 0x03, 0xbf, 0xf4, 0x00, 0x00, 0x00, 0x00, 0x00, 0x00, 0x00, 0x00, 0x00, 0x2a,
    0x30, 0x00, 0x00, 0x00, 0x00, 0x00, 0x00, 0x00, 0x00, 0x00, 0x00, 0x00, 0x00, 0x00, 0x00, 0x00,
    0x00, 0x00, 0x00, 0x00, 0x00, 0x00, 0x00, 0x00, 0x00, 0x00, 0x00, 0x00, 0x00, 0x00, 0x00, 0x00,
    0x00, 0x00, 0x00, 0x00, 0x00, 0x00, 0x00, 0x00, 0x00, 0x00, 0x00, 0x00, 0x00, 0x04, 0x55, 0x55,
    0x55, 0x55, 0x55, 0x55, 0x55, 0x55, 0x10, 0x00, 0x00, 0xef, 0xff, 0xff, 0xff, 0xff, 0xff, 0xff,
    0xff, 0xf3, 0x00, 0x00, 0x0e, 0xff, 0xff, 0xff, 0xff, 0xff, 0xff, 0xff, 0xff, 0x30, 0x00, 0x00,
    0xef, 0xff, 0xff, 0xff, 0xff, 0xff, 0xff, 0xff, 0xf3, 0x00, 0x00, 0x00, 0x00, 0x00, 0x00, 0x00,
    0x00, 0x00, 0x00, 0x00, 0x00, 0x00, 0x00, 0x00, 0x00, 0x00, 0x00, 0x00, 0x00, 0x00, 0x00, 0x00,
    0x00, 0x00, 0x00, 0x00, 0x00, 0x00, 0x00, 0x00, 0x00, 0x00, 0x00, 0x00, 0x00, 0x00, 0x00, 0x00,
    0x00, 0x00, 0x00, 0x00, 0x00, 0x00, 0x00, 0x00, 0x00, 0x00, 0x00, 0x00, 0x00, 0x00, 0x00, 0x00,
    0x00, 0x00, 0x00, 0x00, 0x00, 0x00, 0x00, 0x00, 0x00, 0x00, 0x00, 0x00, 0x00, 0x00, 0x00, 0x00,
    0x0e, 0xff, 0xff, 0xff, 0xff, 0xff, 0xff, 0xff, 0xff, 0x30, 0x00, 0x00, 0xef, 0xff, 0xff, 0xff,
    0xff, 0xff, 0xff, 0xff, 0xf3, 0x00, 0x00, 0x0e, 0xff, 0xff, 0xff, 0xff, 0xff, 0xff, 0xff, 0xff,
    0x30, 0x00, 0x00, 0x44, 0x44, 0x44, 0x44, 0x44, 0x44, 0x44, 0x44, 0x41, 0x00, 0x00, 0x00, 0x00,
    0x00, 0x00, 0x00, 0x00, 0x00, 0x00, 0x00, 0x00, 0x00, 0x00, 0x00, 0x00, 0x00, 0x00, 0x00, 0x00,
    0x00, 0x00, 0x00, 0x00, 0x00, 0x00, 0x00, 0x00, 0x00, 0x00, 0x00, 0x00, 0x00, 0x00, 0x00, 0x00,
    0x00, 0x00, 0x00, 0x00, 0x00, 0x00, 0x00, 0x00, 0x00, 0x00, 0x00, 0x00, 0x00, 0x00, 0x00, 0x00,
    0x00, 0x00, 0x00, 0x00, 0x00, 0x00, 0x00, 0x00, 0x00, 0x00, 0x00, 0x00, 0x00, 0x00, 0x00, 0x00,
    0x00, 0x00, 0x00, 0x00, 0x00, 0x00, 0x00, 0x00, 0x00, 0x00, 0x00, 0x00, 0x00, 0x00, 0x00, 0x3a,
    0x30, 0x00, 0x00, 0x00, 0x00, 0x00, 0x00, 0x00, 0x00, 0x00, 0x3f, 0xfc, 0x40, 0x00, 0x00, 0x00,
    0x00, 0x00, 0x00, 0x00, 0x00, 0x3f, 0xff, 0xfd, 0x60, 0x00, 0x00, 0x00, 0x00, 0x00, 0x00, 0x00,
    0x3f, 0xff, 0xff, 0xfe, 0x71, 0x00, 0x00, 0x00, 0x00, 0x00, 0x00, 0x04, 0xbf, 0xff, 0xff, 0xff,
    0x92, 0x00, 0x00, 0x00, 0x00, 0x00, 0x00, 0x01, 0x8e, 0xff, 0xff, 0xff, 0xa3, 0x00, 0x00, 0x00,
    0x00, 0x00, 0x00, 0x00, 0x4b, 0xff, 0xff, 0xff, 0xc4, 0x00, 0x00, 0x00, 0x00, 0x00, 0x00, 0x00,
    0x18, 0xef, 0xff, 0xff, 0xd6, 0x00, 0x00, 0x00, 0x00, 0x00, 0x00, 0x00, 0x04, 0xbf, 0xff, 0xff,
    0x40, 0x00, 0x00, 0x00, 0x00, 0x00, 0x00, 0x00, 0x05, 0xff, 0xff, 0x50, 0x00, 0x00, 0x00, 0x00,
    0x00, 0x00, 0x06, 0xcf, 0xff, 0xff, 0x40, 0x00, 0x00, 0x00, 0x00, 0x00, 0x29, 0xff, 0xff, 0xff,
    0xd6, 0x00, 0x00, 0x00, 0x00, 0x00, 0x5c, 0xff, 0xff, 0xff, 0xc4, 0x00, 0x00, 0x00, 0x00, 0x02,
    0x8e, 0xff, 0xff, 0xff, 0xa3, 0x00, 0x00, 0x00, 0x00, 0x05, 0xbf, 0xff, 0xff, 0xff, 0x92, 0x00,
    0x00, 0x00, 0x00, 0x00, 0x3f, 0xff, 0xff, 0xfe, 0x71, 0x00, 0x00, 0x00, 0x00, 0x00, 0x00, 0x3f,
    0xff, 0xfd, 0x60, 0x00, 0x00, 0x00, 0x00, 0x00, 0x00, 0x00, 0x3f, 0xfc, 0x40, 0x00, 0x00, 0x00,
    0x00, 0x00, 0x00, 0x00, 0x00, 0x3a, 0x30, 0x00, 0x00, 0x00, 0x00, 0x00, 0x00, 0x00, 0x00, 0x00,
    0x00, 0x00, 0x00, 0x00, 0x00, 0x00, 0x00, 0x00, 0x00, 0x00, 0x00, 0x00, 0x00, 0x00, 0x00, 0x00,
    0x00, 0x00, 0x00, 0x00, 0x00, 0x00, 0x00, 0x00, 0x00, 0x00, 0x00, 0x00, 0x00, 0x00, 0x00, 0x00,
    0x00, 0x00, 0x00, 0x00, 0x00, 0x00, 0x00, 0x00, 0x00, 0x00, 0x00, 0x00, 0x00, 0x01, 0x7b, 0xef,
    0xfe, 0xb7, 0x10, 0x00, 0x00, 0x00, 0x00, 0x7f, 0xff, 0xff, 0xff, 0xff, 0xf6, 0x00, 0x00, 0x00,
    0x0a, 0xff, 0xff, 0xff, 0xff, 0xff, 0xff, 0x70, 0x00, 0x00, 0x7f, 0xff, 0xfc, 0x75, 0x58, 0xef,
    0xff, 0xf3, 0x00, 0x00, 0xff, 0xff, 0x70, 0x00, 0x00, 0x0b, 0xff, 0xfa, 0x00, 0x04, 0xff, 0xfa,
    0x00, 0x00, 0x00, 0x01, 0xff, 0xff, 0x00, 0x07, 0xff, 0xf6, 0x00, 0x00, 0x00, 0x00, 0xcf, 0xff,
    0x20, 0x00, 0x00, 0x00, 0x00, 0x00, 0x00, 0x00, 0xaf, 0xff, 0x20, 0x00, 0x00, 0x00, 0x00, 0x00,
    0x00, 0x00, 0xbf, 0xff, 0x10, 0x00, 0x00, 0x00, 0x00, 0x00, 0x00, 0x00, 0xef, 0xfe, 0x00, 0x00,
    0x00, 0x00, 0x00, 0x00, 0x00, 0x07, 0xff, 0xf8, 0x00, 0x00, 0x00, 0x00, 0x00, 0x00, 0x00, 0x3f,
    0xff, 0xe1, 0x00, 0x00, 0x00, 0x00, 0x00, 0x00, 0x03, 0xff, 0xff, 0x50, 0x00, 0x00, 0x00, 0x00,
    0x00, 0x00, 0x3f, 0xff, 0xf8, 0x00, 0x00, 0x00, 0x00, 0x00, 0x00, 0x03, 0xff, 0xff, 0x90, 0x00,
    0x00, 0x00, 0x00, 0x00, 0x00, 0x1e, 0xff, 0xf9, 0x00, 0x00, 0x00, 0x00, 0x00, 0x00, 0x00, 0xbf,
    0xff, 0x90, 0x00, 0x00, 0x00, 0x00, 0x00, 0x00, 0x02, 0xff, 0xfd, 0x00, 0x00, 0x00, 0x00, 0x00,
    0x00, 0x00, 0x07, 0xff, 0xf7, 0x00, 0x00, 0x00, 0x00, 0x00, 0x00, 0x00, 0x09, 0xff, 0xf4, 0x00,
    0x00, 0x00, 0x00, 0x00, 0x00, 0x00, 0x0a, 0xff, 0xf2, 0x00, 0x00, 0x00, 0x00, 0x00, 0x00, 0x00,
    0x00, 0x00, 0x00, 0x00, 0x00, 0x00, 0x00, 0x00, 0x00, 0x00, 0x00, 0x00, 0x00, 0x00, 0x00, 0x00,
    0x00, 0x00, 0x00, 0x00, 0x00, 0x00, 0x00, 0x00, 0x00, 0x00, 0x00, 0x00, 0x00, 0x00, 0x00, 0x00,
    0x00, 0x00, 0x00, 0x00, 0x00, 0x00, 0x00, 0x00, 0x00, 0x35, 0x20, 0x00, 0x00, 0x00, 0x00, 0x00,
    0x00, 0x00, 0x06, 0xff, 0xf3, 0x00, 0x00, 0x00, 0x00, 0x00, 0x00, 0x00, 0x0c, 0xff, 0xf9, 0x00,
    0x00, 0x00, 0x00, 0x00, 0x00, 0x00, 0x0b, 0xff, 0xf8, 0x00, 0x00, 0x00, 0x00, 0x00, 0x00, 0x00,
    0x02, 0xdf, 0xb1, 0x00, 0x00, 0x00, 0x00, 0x00, 0x00, 0x00, 0x00, 0x00, 0x00, 0x00, 0x27, 0xbd,
    0xff, 0xfe, 0xda, 0x72, 0x00, 0x00, 0x00, 0x00, 0x00, 0x00, 0x00, 0x00, 0x00, 0x00, 0x00, 0x00,
    0x6d, 0xff, 0xff, 0xff, 0xff, 0xff, 0xff, 0xd6, 0x00, 0x00, 0x00, 0x00, 0x00, 0x00, 0x00, 0x00,
    0x00, 0x00, 0x3d, 0xff, 0xff, 0xfd, 0xbb, 0xbc, 0xef, 0xff, 0xff, 0xd3, 0x00, 0x00, 0x00, 0x00,
    0x00, 0x00, 0x00, 0x00, 0x07, 0xff, 0xff, 0xa5, 0x00, 0x00, 0x00, 0x00, 0x49, 0xff, 0xff, 0x60,
    0x00, 0x00, 0x00, 0x00, 0x00, 0x00, 0x00, 0x9f, 0xff, 0xb2, 0x00, 0x00, 0x00, 0x00, 0x00, 0x00,
    0x19, 0xff, 0xf6, 0x00, 0x00, 0x00, 0x00, 0x00, 0x00, 0x09, 0xff, 0xf6, 0x00, 0x00, 0x00, 0x00,
    0x00, 0x00, 0x00, 0x00, 0x4f, 0xff, 0x30, 0x00, 0x00, 0x00, 0x00, 0x00, 0x6f, 0xff, 0x40, 0x00,
    0x00, 0x00, 0x00, 0x00, 0x00, 0x00, 0x00, 0x04, 0xff, 0xe0, 0x00, 0x00, 0x00, 0x00, 0x02, 0xff,
    0xf5, 0x00, 0x00, 0x00, 0x00, 0x00, 0x00, 0x00, 0x00, 0x00, 0x00, 0x7f, 0xf8, 0x00, 0x00, 0x00,
    0x00, 0x0b, 0xff, 0x90, 0x00, 0x00, 0x00, 0x00, 0x00, 0x00, 0x00, 0x00, 0x00, 0x00, 0x0d, 0xff,
    0x00, 0x00, 0x00, 0x00, 0x3f, 0xfe, 0x00, 0x00, 0x00, 0x00, 0x06, 0xcf, 0xfe, 0xc6, 0x00, 0x00,
    0x00, 0x05, 0xff, 0x60, 0x00, 0x00, 0x00, 0xbf, 0xf6, 0x00, 0x00, 0x00, 0x02, 0xdf, 0xff, 0xff,
    0xff, 0xd3, 0x00, 0x00, 0x00, 0xff, 0xb0, 0x00, 0x00, 0x01, 0xff, 0xe0, 0x00, 0x00, 0x00, 0x3e,
    0xff, 0xfc, 0xab, 0xff, 0xff, 0x00, 0x00, 0x00, 0xaf, 0xf0, 0x00, 0x00, 0x07, 0xff, 0x90, 0x00,
    0x00, 0x01, 0xef, 0xfc, 0x20, 0x00, 0x2f, 0xfe, 0x00, 0x00, 0x00, 0x7f, 0xf3, 0x00, 0x00, 0x0b,
    0xff, 0x40, 0x00, 0x00, 0x0a, 0xff, 0xd0, 0x00, 0x00, 0x2f, 0xfd, 0x00, 0x00, 0x00, 0x4f, 0xf5,
    0x00, 0x00, 0x0f, 0xff, 0x00, 0x00, 0x00, 0x2f, 0xff, 0x30, 0x00, 0x00, 0x4f, 0xfb, 0x00, 0x00,
    0x00, 0x2f, 0xf7, 0x00, 0x00, 0x3f, 0xfc, 0x00, 0x00, 0x00, 0x9f, 0xfa, 0x00, 0x00, 0x00, 0x5f,
    0xfa, 0x00, 0x00, 0x00, 0x1f, 0xf9, 0x00, 0x00, 0x5f, 0xf9, 0x00, 0x00, 0x00, 0xff, 0xf4, 0x00,
    0x00, 0x00, 0x7f, 0xf8, 0x00, 0x00, 0x00, 0x0f, 0xf9, 0x00, 0x00, 0x7f, 0xf7, 0x00, 0x00, 0x04,
    0xff, 0xf0, 0x00, 0x00, 0x00, 0x9f, 0xf7, 0x00, 0x00, 0x00, 0x0f, 0xfa, 0x00, 0x00, 0x9f, 0xf6,
    0x00, 0x00, 0x07, 0xff, 0xc0, 0x00, 0x00, 0x00, 0xaf, 0xf5, 0x00, 0x00, 0x00, 0x0f, 0xf9, 0x00,
    0x00, 0xaf, 0xf5, 0x00, 0x00, 0x0a, 0xff, 0xa0, 0x00, 0x00, 0x00, 0xcf, 0xf4, 0x00, 0x00, 0x00,
    0x2f, 0xf8, 0x00, 0x00, 0xaf, 0xf5, 0x00, 0x00, 0x0b, 0xff, 0x80, 0x00, 0x00, 0x00, 0xdf, 0xf2,
    0x00, 0x00, 0x00, 0x4f, 0xf6, 0x00, 0x00, 0xaf, 0xf5, 0x00, 0x00, 0x0c, 0xff, 0x70, 0x00, 0x00,
    0x00, 0xff, 0xf1, 0x00, 0x00, 0x00, 0x7f, 0xf3, 0x00, 0x00, 0x9f, 0xf6, 0x00, 0x00, 0x0c, 0xff,
    0x80, 0x00, 0x00, 0x03, 0xff, 0xf0, 0x00, 0x00, 0x00, 0xcf, 0xe0, 0x00, 0x00, 0x7f, 0xf7, 0x00,
    0x00, 0x0a, 0xff, 0xb0, 0x00, 0x00, 0x0b, 0xff, 0xf0, 0x00, 0x00, 0x02, 0xff, 0x90, 0x00, 0x00,
    0x5f, 0xfa, 0x00, 0x00, 0x07, 0xff, 0xf1, 0x00, 0x00, 0x7f, 0xff, 0xf2, 0x00, 0x00, 0x0b, 0xff,
    0x20, 0x00, 0x00, 0x2f, 0xfd, 0x00, 0x00, 0x02, 0xff, 0xfd, 0x30, 0x19, 0xff, 0xef, 0xf9, 0x00,
    0x00, 0x9f, 0xf9, 0x00, 0x00, 0x00, 0x0e, 0xff, 0x10, 0x00, 0x00, 0xbf, 0xff, 0xff, 0xff, 0xf8,
    0x5f, 0xff, 0xb7, 0x8e, 0xff, 0xc0, 0x00, 0x00, 0x00, 0x0a, 0xff, 0x60, 0x00, 0x00, 0x1d, 0xff,
    0xff, 0xff, 0x90, 0x0a, 0xff, 0xff, 0xff, 0xfb, 0x10, 0x00, 0x00, 0x00, 0x04, 0xff, 0xd0, 0x00,
    0x00, 0x00, 0x8d, 0xff, 0xb4, 0x00, 0x00, 0x6c, 0xff, 0xeb, 0x40, 0x00, 0x00, 0x00, 0x00, 0x00,
    0xef, 0xf5, 0x00, 0x00, 0x00, 0x00, 0x00, 0x00, 0x00, 0x00, 0x00, 0x00, 0x00, 0x00, 0x00, 0x00,
    0x00, 0x00, 0x00, 0x6f, 0xfe, 0x10, 0x00, 0x00, 0x00, 0x00, 0x00, 0x00, 0x00, 0x00, 0x00, 0x00,
    0x00, 0x00, 0x00, 0x00, 0x00, 0x00, 0x0c, 0xff, 0xb0, 0x00, 0x00, 0x00, 0x00, 0x00, 0x00, 0x00,
    0x00, 0x00, 0x00, 0x00, 0x00, 0x00, 0x00, 0x00, 0x00, 0x02, 0xff, 0xfb, 0x00, 0x00, 0x00, 0x00,
    0x00, 0x00, 0x00, 0x00, 0x00, 0x00, 0x00, 0x00, 0x00, 0x00, 0x00, 0x00, 0x00, 0x4f, 0xff, 0xd3,
    0x00, 0x00, 0x00, 0x00, 0x00, 0x00, 0x00, 0x00, 0x00, 0x00, 0x00, 0x00, 0x00, 0x00, 0x00, 0x00,
    0x04, 0xef, 0xff, 0xb5, 0x00, 0x00, 0x00, 0x00, 0x16, 0xd6, 0x00, 0x00, 0x00, 0x00, 0x00, 0x00,
    0x00, 0x00, 0x00, 0x00, 0x1b, 0xff, 0xff, 0xfd, 0xa9, 0x99, 0xbe, 0xff, 0xfb, 0x00, 0x00, 0x00,
    0x00, 0x00, 0x00, 0x00, 0x00, 0x00, 0x00, 0x00, 0x4b, 0xff, 0xff, 0xff, 0xff, 0xff, 0xff, 0xe6,
    0x00, 0x00, 0x00, 0x00, 0x00, 0x00, 0x00, 0x00, 0x00, 0x00, 0x00, 0x00, 0x16, 0xac, 0xef, 0xff,
    0xdb, 0x84, 0x00, 0x00, 0x00, 0x00, 0x00, 0x00, 0x00, 0x00, 0x00, 0x00, 0x00, 0x00, 0x03, 0xff,
    0xfa, 0x00, 0x00, 0x00, 0x00, 0x00, 0x00, 0x00, 0x00, 0x00, 0x00, 0x00, 0x9f, 0xff, 0xf0, 0x00,
    0x00, 0x00, 0x00, 0x00, 0x00, 0x00, 0x00, 0x00, 0x00, 0x0f, 0xff, 0xff, 0x60, 0x00, 0x00, 0x00,
    0x00, 0x00, 0x00, 0x00, 0x00, 0x00, 0x05, 0xff, 0xff, 0xfc, 0x00, 0x00, 0x00, 0x00, 0x00, 0x00,
    0x00, 0x00, 0x00, 0x00, 0xbf, 0xff, 0xff, 0xf2, 0x00, 0x00, 0x00, 0x00, 0x00, 0x00, 0x00, 0x00,
    0x00, 0x1f, 0xff, 0x9f, 0xff, 0x80, 0x00, 0x00, 0x00, 0x00, 0x00, 0x00, 0x00, 0x00, 0x07, 0xff,
    0xf2, 0xbf, 0xfe, 0x00, 0x00, 0x00, 0x00, 0x00, 0x00, 0x00, 0x00, 0x00, 0xdf, 0xfc, 0x05, 0xff,
    0xf4, 0x00, 0x00, 0x00, 0x00, 0x00, 0x00, 0x00, 0x00, 0x3f, 0xff, 0x60, 0x0f, 0xff, 0xa0, 0x00,
    0x00, 0x00, 0x00, 0x00, 0x00, 0x00, 0x09, 0xff, 0xf1, 0x00, 0x9f, 0xff, 0x10, 0x00, 0x00, 0x00,
    0x00, 0x00, 0x00, 0x00, 0xff, 0xfa, 0x00, 0x04, 0xff, 0xf7, 0x00, 0x00, 0x00, 0x00, 0x00, 0x00,
    0x00, 0x6f, 0xff, 0x50, 0x00, 0x0e, 0xff, 0xd0, 0x00, 0x00, 0x00, 0x00, 0x00, 0x00, 0x0c, 0xff,
    0xe0, 0x00, 0x00, 0x8f, 0xff, 0x30, 0x00, 0x00, 0x00, 0x00, 0x00, 0x02, 0xff, 0xf9, 0x00, 0x00,
    0x02, 0xff, 0xf9, 0x00, 0x00, 0x00, 0x00, 0x00, 0x00, 0x8f, 0xff, 0x30, 0x00, 0x00, 0x0c, 0xff,
    0xe0, 0x00, 0x00, 0x00, 0x00, 0x00, 0x0e, 0xff, 0xd0, 0x00, 0x00, 0x00, 0x7f, 0xff, 0x50, 0x00,
    0x00, 0x00, 0x00, 0x04, 0xff, 0xf8, 0x00, 0x00, 0x00, 0x01, 0xff, 0xfb, 0x00, 0x00, 0x00, 0x00,
    0x00, 0xaf, 0xff, 0x20, 0x00, 0x00, 0x00, 0x0b, 0xff, 0xf1, 0x00, 0x00, 0x00, 0x00, 0x1f, 0xff,
    0xe3, 0x33, 0x33, 0x33, 0x33, 0x8f, 0xff, 0x70, 0x00, 0x00, 0x00, 0x06, 0xff, 0xff, 0xff, 0xff,
    0xff, 0xff, 0xff, 0xff, 0xfd, 0x00, 0x00, 0x00, 0x00, 0xcf, 0xff, 0xff, 0xff, 0xff, 0xff, 0xff,
    0xff, 0xff, 0xf3, 0x00, 0x00, 0x00, 0x2f, 0xff, 0xff, 0xff, 0xff, 0xff, 0xff, 0xff, 0xff, 0xff,
    0x90, 0x00, 0x00, 0x09, 0xff, 0xf5, 0x00, 0x00, 0x00, 0x00, 0x00, 0x00, 0xef, 0xff, 0x00, 0x00,
    0x00, 0xef, 0xff, 0x00, 0x00, 0x00, 0x00, 0x00, 0x00, 0x08, 0xff, 0xf6, 0x00, 0x00, 0x5f, 0xff,
    0xa0, 0x00, 0x00, 0x00, 0x00, 0x00, 0x00, 0x2f, 0xff, 0xc0, 0x00, 0x0b, 0xff, 0xf4, 0x00, 0x00,
    0x00, 0x00, 0x00, 0x00, 0x00, 0xdf, 0xff, 0x20, 0x01, 0xff, 0xfe, 0x00, 0x00, 0x00, 0x00, 0x00,
    0x00, 0x00, 0x07, 0xff, 0xf8, 0x00, 0x7f, 0xff, 0x80, 0x00, 0x00, 0x00, 0x00, 0x00, 0x00, 0x00,
    0x1f, 0xff, 0xe0, 0x0d, 0xff, 0xf2, 0x00, 0x00, 0x00, 0x00, 0x00, 0x00, 0x00, 0x00, 0xbf, 0xff,
    0x43, 0xff, 0xfd, 0x00, 0x00, 0x00, 0x00, 0x00, 0x00, 0x00, 0x00, 0x05, 0xff, 0xfa, 0x00, 0x08,
    0xff, 0xff, 0xff, 0xff, 0xff, 0xfd, 0xb7, 0x20, 0x00, 0x00, 0x00, 0x00, 0x08, 0xff, 0xff, 0xff,
    0xff, 0xff, 0xff, 0xff, 0xfa, 0x10, 0x00, 0x00, 0x00, 0x08, 0xff, 0xff, 0xff, 0xff, 0xff, 0xff,
    0xff, 0xff, 0xe2, 0x00, 0x00, 0x00, 0x08, 0xff, 0xf8, 0x33, 0x33, 0x33, 0x47, 0xbf, 0xff, 0xfd,
    0x00, 0x00, 0x00, 0x08, 0xff, 0xf6, 0x00, 0x00, 0x00, 0x00, 0x04, 0xff, 0xff, 0x50, 0x00, 0x00,
    0x08, 0xff, 0xf6, 0x00, 0x00, 0x00, 0x00, 0x00, 0x7f, 0xff, 0xb0, 0x00, 0x00, 0x08, 0xff, 0xf6,
    0x00, 0x00, 0x00, 0x00, 0x00, 0x2f, 0xff, 0xe0, 0x00, 0x00, 0x08, 0xff, 0xf6, 0x00, 0x00, 0x00,
    0x00, 0x00, 0x0f, 0xff, 0xf0, 0x00, 0x00, 0x08, 0xff, 0xf6, 0x00, 0x00, 0x00, 0x00, 0x00, 0x0f,
    0xff, 0xf0, 0x00, 0x00, 0x08, 0xff, 0xf6, 0x00, 0x00, 0x00, 0x00, 0x00, 0x3f, 0xff, 0xc0, 0x00,
    0x00, 0x08, 0xff, 0xf6, 0x00, 0x00, 0x00, 0x00, 0x00, 0xaf, 0xff, 0x70, 0x00, 0x00, 0x08, 0xff,
    0xf6, 0x00, 0x00, 0x00, 0x00, 0x08, 0xff, 0xfe, 0x00, 0x00, 0x00, 0x08, 0xff, 0xf8, 0x34, 0x44,
    0x44, 0x47, 0xdf, 0xff, 0xe3, 0x00, 0x00, 0x00, 0x08, 0xff, 0xff, 0xff, 0xff, 0xff, 0xff, 0xff,
    0xfc, 0x20, 0x00, 0x00, 0x00, 0x08, 0xff, 0xff, 0xff, 0xff, 0xff, 0xff, 0xff, 0xe7, 0x00, 0x00,
    0x00, 0x00, 0x08, 0xff, 0xff, 0xff, 0xff, 0xff, 0xff, 0xff, 0xff, 0xe3, 0x00, 0x00, 0x00, 0x08,
    0xff, 0xf6, 0x00, 0x00, 0x00, 0x01, 0x5b, 0xff, 0xff, 0x20, 0x00, 0x00, 0x08, 0xff, 0xf6, 0x00,
    0x00, 0x00, 0x00, 0x00, 0x8f, 0xff, 0xc0, 0x00, 0x00, 0x08, 0xff, 0xf6, 0x00, 0x00, 0x00, 0x00,
    0x00, 0x0c, 0xff, 0xf4, 0x00, 0x00, 0x08, 0xff, 0xf6, 0x00, 0x00, 0x00, 0x00, 0x00, 0x06, 0xff,
    0xf9, 0x00, 0x00, 0x08, 0xff, 0xf6, 0x00, 0x00, 0x00, 0x00, 0x00, 0x03, 0xff, 0xfb, 0x00, 0x00,
    0x08, 0xff, 0xf6, 0x00, 0x00, 0x00, 0x00, 0x00, 0x02, 0xff, 0xfc, 0x00, 0x00, 0x08, 0xff, 0xf6,
    0x00, 0x00, 0x00, 0x00, 0x00, 0x03, 0xff, 0xfb, 0x00, 0x00, 0x08, 0xff, 0xf6, 0x00, 0x00, 0x00,
    0x00, 0x00, 0x08, 0xff, 0xf9, 0x00, 0x00, 0x08, 0xff, 0xf6, 0x00, 0x00, 0x00, 0x00, 0x00, 0x1e,
    0xff, 0xf5, 0x00, 0x00, 0x08, 0xff, 0xf6, 0x00, 0x00, 0x00, 0x00, 0x02, 0xdf, 0xff, 0xd0, 0x00,
    0x00, 0x08, 0xff, 0xf8, 0x33, 0x33, 0x33, 0x35, 0xaf, 0xff, 0xff, 0x40, 0x00, 0x00, 0x08, 0xff,
    0xff, 0xff, 0xff, 0xff, 0xff, 0xff, 0xff, 0xf6, 0x00, 0x00, 0x00, 0x08, 0xff, 0xff, 0xff, 0xff,
    0xff, 0xff, 0xff, 0xfc, 0x30, 0x00, 0x00, 0x00, 0x08, 0xff, 0xff, 0xff, 0xff, 0xff, 0xfe, 0xc9,
    0x30, 0x00, 0x00, 0x00, 0x00, 0x00, 0x00, 0x00, 0x01, 0x6a, 0xdf, 0xff, 0xdb, 0x61, 0x00, 0x00,
    0x00, 0x00, 0x00, 0x00, 0x00, 0x08, 0xff, 0xff, 0xff, 0xff, 0xff, 0xf8, 0x00, 0x00, 0x00, 0x00,
    0x00, 0x00, 0x2d, 0xff, 0xff, 0xff, 0xff, 0xff, 0xff, 0xfd, 0x10, 0x00, 0x00, 0x00, 0x00, 0x2e,
    0xff, 0xff, 0xc7, 0x43, 0x47, 0xbf, 0xff, 0xfd, 0x00, 0x00, 0x00, 0x00, 0x0d, 0xff, 0xfd, 0x30,
    0x00, 0x00, 0x00, 0x4e, 0xff, 0xfa, 0x00, 0x00, 0x00, 0x09, 0xff, 0xfd, 0x10, 0x00, 0x00, 0x00,
    0x00, 0x3f, 0xff, 0xf2, 0x00, 0x00, 0x01, 0xff, 0xff, 0x20, 0x00, 0x00, 0x00, 0x00, 0x00, 0x8f,
    0xff, 0x90, 0x00, 0x00, 0x8f, 0xff, 0x90, 0x00, 0x00, 0x00, 0x00, 0x00, 0x01, 0xff, 0xff, 0x00,
    0x00, 0x0d, 0xff, 0xf2, 0x00, 0x00, 0x00, 0x00, 0x00, 0x00, 0x0c, 0xff, 0xf3, 0x00, 0x01, 0xff,
    0xfe, 0x00, 0x00, 0x00, 0x00, 0x00, 0x00, 0x00, 0x9f, 0xff, 0x50, 0x00, 0x4f, 0xff, 0xa0, 0x00,
    0x00, 0x00, 0x00, 0x00, 0x00, 0x00, 0x00, 0x00, 0x00, 0x06, 0xff, 0xf8, 0x00, 0x00, 0x00, 0x00,
    0x00, 0x00, 0x00, 0x00, 0x00, 0x00, 0x00, 0x7f, 0xff, 0x70, 0x00, 0x00, 0x00, 0x00, 0x00, 0x00,
    0x00, 0x00, 0x00, 0x00, 0x08, 0xff, 0xf6, 0x00, 0x00, 0x00, 0x00, 0x00, 0x00, 0x00, 0x00, 0x00,
    0x00, 0x00, 0x8f, 0xff, 0x60, 0x00, 0x00, 0x00, 0x00, 0x00, 0x00, 0x00, 0x00, 0x00, 0x00, 0x08,
    0xff, 0xf6, 0x00, 0x00, 0x00, 0x00, 0x00, 0x00, 0x00, 0x00, 0x00, 0x00, 0x00, 0x8f, 0xff, 0x60,
    0x00, 0x00, 0x00, 0x00, 0x00, 0x00, 0x00, 0x00, 0x00, 0x00, 0x07, 0xff, 0xf7, 0x00, 0x00, 0x00,
    0x00, 0x00, 0x00, 0x00, 0x00, 0x00, 0x00, 0x00, 0x6f, 0xff, 0x80, 0x00, 0x00, 0x00, 0x00, 0x00,
    0x00, 0x00, 0x00, 0x00, 0x00, 0x04, 0xff, 0xfa, 0x00, 0x00, 0x00, 0x00, 0x00, 0x00, 0x00, 0x00,
    0x00, 0x00, 0x00, 0x1f, 0xff, 0xe0, 0x00, 0x00, 0x00, 0x00, 0x00, 0x00, 0x09, 0xff, 0xf5, 0x00,
    0x00, 0xdf, 0xff, 0x20, 0x00, 0x00, 0x00, 0x00, 0x00, 0x00, 0xdf, 0xff, 0x20, 0x00, 0x08, 0xff,
    0xf9, 0x00, 0x00, 0x00, 0x00, 0x00, 0x00, 0x2f, 0xff, 0xe0, 0x00, 0x00, 0x2f, 0xff, 0xf2, 0x00,
    0x00, 0x00, 0x00, 0x00, 0x08, 0xff, 0xf9, 0x00, 0x00, 0x00, 0x9f, 0xff, 0xc0, 0x00, 0x00, 0x00,
    0x00, 0x03, 0xff, 0xff, 0x20, 0x00, 0x00, 0x01, 0xef, 0xff, 0xc2, 0x00, 0x00, 0x00, 0x04, 0xef,
    0xff, 0x90, 0x00, 0x00, 0x00, 0x03, 0xff, 0xff, 0xfa, 0x64, 0x34, 0x7c, 0xff, 0xff, 0xc0, 0x00,
    0x00, 0x00, 0x00, 0x03, 0xef, 0xff, 0xff, 0xff, 0xff, 0xff, 0xff, 0xc1, 0x00, 0x00, 0x00, 0x00,
    0x00, 0x01, 0x9f, 0xff, 0xff, 0xff, 0xff, 0xfe, 0x70, 0x00, 0x00, 0x00, 0x00, 0x00, 0x00, 0x00,
    0x17, 0xbe, 0xff, 0xfd, 0xa5, 0x00, 0x00, 0x00, 0x00, 0x00, 0x08, 0xff, 0xff, 0xff, 0xff, 0xfe,
    0xc9, 0x40, 0x00, 0x00, 0x00, 0x00, 0x00, 0x00, 0x08, 0xff, 0xff, 0xff, 0xff, 0xff, 0xff, 0xfe,
    0x60, 0x00, 0x00, 0x00, 0x00, 0x00, 0x08, 0xff, 0xff, 0xff, 0xff, 0xff, 0xff, 0xff, 0xfc, 0x20,
    0x00, 0x00, 0x00, 0x00, 0x08, 0xff, 0xf8, 0x33, 0x33, 0x45, 0x8d, 0xff, 0xff, 0xe3, 0x00, 0x00,
    0x00, 0x00, 0x08, 0xff, 0xf6, 0x00, 0x00, 0x00, 0x00, 0x4d, 0xff, 0xfe, 0x10, 0x00, 0x00, 0x00,
    0x08, 0xff, 0xf6, 0x00, 0x00, 0x00, 0x00, 0x01, 0xcf, 0xff, 0xc0, 0x00, 0x00, 0x00, 0x08, 0xff,
    0xf6, 0x00, 0x00, 0x00, 0x00, 0x00, 0x1d, 0xff, 0xf5, 0x00, 0x00, 0x00, 0x08, 0xff, 0xf6, 0x00,
    0x00, 0x00, 0x00, 0x00, 0x04, 0xff, 0xfd, 0x00, 0x00, 0x00, 0x08, 0xff, 0xf6, 0x00, 0x00, 0x00,
    0x00, 0x00, 0x00, 0xcf, 0xff, 0x30, 0x00, 0x00, 0x08, 0xff, 0xf6, 0x00, 0x00, 0x00, 0x00, 0x00,
    0x00, 0x7f, 0xff, 0x80, 0x00, 0x00, 0x08, 0xff, 0xf6, 0x00, 0x00, 0x00, 0x00, 0x00, 0x00, 0x3f,
    0xff, 0xb0, 0x00, 0x00, 0x08, 0xff, 0xf6, 0x00, 0x00, 0x00, 0x00, 0x00, 0x00, 0x0f, 0xff, 0xe0,
    0x00, 0x00, 0x08, 0xff, 0xf6, 0x00, 0x00, 0x00, 0x00, 0x00, 0x00, 0x0e, 0xff, 0xf0, 0x00, 0x00,
    0x08, 0xff, 0xf6, 0x00, 0x00, 0x00, 0x00, 0x00, 0x00, 0x0d, 0xff, 0xf0, 0x00, 0x00, 0x08, 0xff,
    0xf6, 0x00, 0x00, 0x00, 0x00, 0x00, 0x00, 0x0d, 0xff, 0xf1, 0x00, 0x00, 0x08, 0xff, 0xf6, 0x00,
    0x00, 0x00, 0x00, 0x00, 0x00, 0x0d, 0xff, 0xf1, 0x00, 0x00, 0x08, 0xff, 0xf6, 0x00, 0x00, 0x00,
    0x00, 0x00, 0x00, 0x0d, 0xff, 0xf0, 0x00, 0x00, 0x08, 0xff, 0xf6, 0x00, 0x00, 0x00, 0x00, 0x00,
    0x00, 0x0e, 0xff, 0xf0, 0x00, 0x00, 0x08, 0xff, 0xf6, 0x00, 0x00, 0x00, 0x00, 0x00, 0x00, 0x0f,
    0xff, 0xe0, 0x00, 0x00, 0x08, 0xff, 0xf6, 0x00, 0x00, 0x00, 0x00, 0x00, 0x00, 0x3f, 0xff, 0xb0,
    0x00, 0x00, 0x08, 0xff, 0xf6, 0x00, 0x00, 0x00, 0x00, 0x00, 0x00, 0x7f, 0xff, 0x80, 0x00, 0x00,
    0x08, 0xff, 0xf6, 0x00, 0x00, 0x00, 0x00, 0x00, 0x00, 0xdf, 0xff, 0x30, 0x00, 0x00, 0x08, 0xff,
    0xf6, 0x00, 0x00, 0x00, 0x00, 0x00, 0x05, 0xff, 0xfd, 0x00, 0x00, 0x00, 0x08, 0xff, 0xf6, 0x00,
    0x00, 0x00, 0x00, 0x00, 0x1e, 0xff, 0xf5, 0x00, 0x00, 0x00, 0x08, 0xff, 0xf6, 0x00, 0x00, 0x00,
    0x00, 0x01, 0xdf, 0xff, 0xc0, 0x00, 0x00, 0x00, 0x08, 0xff, 0xf6, 0x00, 0x00, 0x00, 0x00, 0x5e,
    0xff, 0xfe, 0x10, 0x00, 0x00, 0x00, 0x08, 0xff, 0xf8, 0x33, 0x33, 0x45, 0x9e, 0xff, 0xff, 0xe2,
    0x00, 0x00, 0x00, 0x00, 0x08, 0xff, 0xff, 0xff, 0xff, 0xff, 0xff, 0xff, 0xfc, 0x20, 0x00, 0x00,
    0x00, 0x00, 0x08, 0xff, 0xff, 0xff, 0xff, 0xff, 0xff, 0xfd, 0x60, 0x00, 0x00, 0x00, 0x00, 0x00,
    0x08, 0xff, 0xff, 0xff, 0xff, 0xfe, 0xb8, 0x30, 0x00, 0x00, 0x00, 0x00, 0x00, 0x00, 0x08, 0xff,
    0xff, 0xff, 0xff, 0xff, 0xff, 0xff, 0xff, 0xff, 0x30, 0x00, 0x08, 0xff, 0xff, 0xff, 0xff, 0xff,
    0xff, 0xff, 0xff, 0xff, 0x30, 0x00, 0x08, 0xff, 0xff, 0xff, 0xff, 0xff, 0xff, 0xff, 0xff, 0xff,
    0x30, 0x00, 0x08, 0xff, 0xf8, 0x33, 0x33, 0x33, 0x33, 0x33, 0x33, 0x33, 0x00, 0x00, 0x08, 0xff,
    0xf6, 0x00, 0x00, 0x00, 0x00, 0x00, 0x00, 0x00, 0x00, 0x00, 0x08, 0xff, 0xf6, 0x00, 0x00, 0x00,
    0x00, 0x00, 0x00, 0x00, 0x00, 0x00, 0x08, 0xff, 0xf6, 0x00, 0x00, 0x00, 0x00, 0x00, 0x00, 0x00,
    0x00, 0x00, 0x08, 0xff, 0xf6, 0x00, 0x00, 0x00, 0x00, 0x00, 0x00, 0x00, 0x00, 0x00, 0x08, 0xff,
    0xf6, 0x00, 0x00, 0x00, 0x00, 0x00, 0x00, 0x00, 0x00, 0x00, 0x08, 0xff, 0xf6, 0x00, 0x00, 0x00,
    0x00, 0x00, 0x00, 0x00, 0x00, 0x00, 0x08, 0xff, 0xf6, 0x00, 0x00, 0x00, 0x00, 0x00, 0x00, 0x00,
    0x00, 0x00, 0x08, 0xff, 0xf6, 0x00, 0x00, 0x00, 0x00, 0x00, 0x00, 0x00, 0x00, 0x00, 0x08, 0xff,
    0xf8, 0x33, 0x33, 0x33, 0x33, 0x33, 0x33, 0x10, 0x00, 0x00, 0x08, 0xff, 0xff, 0xff, 0xff, 0xff,
    0xff, 0xff, 0xff, 0x50, 0x00, 0x00, 0x08, 0xff, 0xff, 0xff, 0xff, 0xff, 0xff, 0xff, 0xff, 0x50,
    0x00, 0x00, 0x08, 0xff, 0xff, 0xff, 0xff, 0xff, 0xff, 0xff, 0xff, 0x50, 0x00, 0x00, 0x08, 0xff,
    0xf6, 0x00, 0x00, 0x00, 0x00, 0x00, 0x00, 0x00, 0x00, 0x00, 0x08, 0xff, 0xf6, 0x00, 0x00, 0x00,
    0x00, 0x00, 0x00, 0x00, 0x00, 0x00, 0x08, 0xff, 0xf6, 0x00, 0x00, 0x00, 0x00, 0x00, 0x00, 0x00,
    0x00, 0x00, 0x08, 0xff, 0xf6, 0x00, 0x00, 0x00, 0x00, 0x00, 0x00, 0x00, 0x00, 0x00, 0x08, 0xff,
    0xf6, 0x00, 0x00, 0x00, 0x00, 0x00, 0x00, 0x00, 0x00, 0x00, 0x08, 0xff, 0xf6, 0x00, 0x00, 0x00,
    0x00, 0x00, 0x00, 0x00, 0x00, 0x00, 0x08, 0xff, 0xf6, 0x00, 0x00, 0x00, 0x00, 0x00, 0x00, 0x00,
    0x00, 0x00, 0x08, 0xff, 0xf6, 0x00, 0x00, 0x00, 0x00, 0x00, 0x00, 0x00, 0x00, 0x00, 0x08, 0xff,
    0xf6, 0x00, 0x00, 0x00, 0x00, 0x00, 0x00, 0x00, 0x00, 0x00, 0x08, 0xff, 0xf6, 0x00, 0x00, 0x00,
    0x00, 0x00, 0x00, 0x00, 0x00, 0x00, 0x08, 0xff, 0xf8, 0x33, 0x33, 0x33, 0x33, 0x33, 0x33, 0x33,
    0x10, 0x00, 0x08, 0xff, 0xff, 0xff, 0xff, 0xff, 0xff, 0xff, 0xff, 0xff, 0x70, 0x00, 0x08, 0xff,
    0xff, 0xff, 0xff, 0xff, 0xff, 0xff, 0xff, 0xff, 0x70, 0x00, 0x08, 0xff, 0xff, 0xff, 0xff, 0xff,
    0xff, 0xff, 0xff, 0xff, 0x70, 0x00, 0x08, 0xff, 0xff, 0xff, 0xff, 0xff, 0xff, 0xff, 0xff, 0xff,
    0x00, 0x00, 0x8f, 0xff, 0xff, 0xff, 0xff, 0xff, 0xff, 0xff, 0xff, 0xf0, 0x00, 0x08, 0xff, 0xff,
    0xff, 0xff, 0xff, 0xff, 0xff, 0xff, 0xff, 0x00, 0x00, 0x8f, 0xff, 0x83, 0x33, 0x33, 0x33, 0x33,
    0x33, 0x33, 0x30, 0x00, 0x08, 0xff, 0xf6, 0x00, 0x00, 0x00, 0x00, 0x00, 0x00, 0x00, 0x00, 0x00,
    0x8f, 0xff, 0x60, 0x00, 0x00, 0x00, 0x00, 0x00, 0x00, 0x00, 0x00, 0x08, 0xff, 0xf6, 0x00, 0x00,
    0x00, 0x00, 0x00, 0x00, 0x00, 0x00, 0x00, 0x8f, 0xff, 0x60, 0x00, 0x00, 0x00, 0x00, 0x00, 0x00,
    0x00, 0x00, 0x08, 0xff, 0xf6, 0x00, 0x00, 0x00, 0x00, 0x00, 0x00, 0x00, 0x00, 0x00, 0x8f, 0xff,
    0x60, 0x00, 0x00, 0x00, 0x00, 0x00, 0x00, 0x00, 0x00, 0x08, 0xff, 0xf6, 0x00, 0x00, 0x00, 0x00,
    0x00, 0x00, 0x00, 0x00, 0x00, 0x8f, 0xff, 0x60, 0x00, 0x00, 0x00, 0x00, 0x00, 0x00, 0x00, 0x00,
    0x08, 0xff, 0xf6, 0x00, 0x00, 0x00, 0x00, 0x00, 0x00, 0x00, 0x00, 0x00, 0x8f, 0xff, 0x83, 0x33,
    0x33, 0x33, 0x33, 0x33, 0x30, 0x00, 0x00, 0x08, 0xff, 0xff, 0xff, 0xff, 0xff, 0xff, 0xff, 0xff,
    0x00, 0x00, 0x00, 0x8f, 0xff, 0xff, 0xff, 0xff, 0xff, 0xff, 0xff, 0xf0, 0x00, 0x00, 0x08, 0xff,
    0xff, 0xff, 0xff, 0xff, 0xff, 0xff, 0xff, 0x00, 0x00, 0x00, 0x8f, 0xff, 0x60, 0x00, 0x00, 0x00,
    0x00, 0x00, 0x00, 0x00, 0x00, 0x08, 0xff, 0xf6, 0x00, 0x00, 0x00, 0x00, 0x00, 0x00, 0x00, 0x00,
    0x00, 0x8f, 0xff, 0x60, 0x00, 0x00, 0x00, 0x00, 0x00, 0x00, 0x00, 0x00, 0x08, 0xff, 0xf6, 0x00,
    0x00, 0x00, 0x00, 0x00, 0x00, 0x00, 0x00, 0x00, 0x8f, 0xff, 0x60, 0x00, 0x00, 0x00, 0x00, 0x00,
    0x00, 0x00, 0x00, 0x08, 0xff, 0xf6, 0x00, 0x00, 0x00, 0x00, 0x00, 0x00, 0x00, 0x00, 0x00, 0x8f,
    0xff, 0x60, 0x00, 0x00, 0x00, 0x00, 0x00, 0x00, 0x00, 0x00, 0x08, 0xff, 0xf6, 0x00, 0x00, 0x00,
    0x00, 0x00, 0x00, 0x00, 0x00, 0x00, 0x8f, 0xff, 0x60, 0x00, 0x00, 0x00, 0x00, 0x00, 0x00, 0x00,
    0x00, 0x08, 0xff, 0xf6, 0x00, 0x00, 0x00, 0x00, 0x00, 0x00, 0x00, 0x00, 0x00, 0x8f, 0xff, 0x60,
    0x00, 0x00, 0x00, 0x00, 0x00, 0x00, 0x00, 0x00, 0x08, 0xff, 0xf6, 0x00, 0x00, 0x00, 0x00, 0x00,
    0x00, 0x00, 0x00, 0x00, 0x8f, 0xff, 0x60, 0x00, 0x00, 0x00, 0x00, 0x00, 0x00, 0x00, 0x00, 0x00,
    0x00, 0x00, 0x01, 0x7b, 0xdf, 0xff, 0xeb, 0x72, 0x00, 0x00, 0x00, 0x00, 0x00, 0x00, 0x00, 0x00,
    0x1a, 0xff, 0xff, 0xff, 0xff, 0xff, 0xfb, 0x20, 0x00, 0x00, 0x00, 0x00, 0x00, 0x00, 0x4e, 0xff,
    0xff, 0xff, 0xff, 0xff, 0xff, 0xff, 0x40, 0x00, 0x00, 0x00, 0x00, 0x00, 0x4f, 0xff, 0xff, 0xb7,
    0x43, 0x46, 0xbf, 0xff, 0xff, 0x30, 0x00, 0x00, 0x00, 0x00, 0x1e, 0xff, 0xfd, 0x30, 0x00, 0x00,
    0x00, 0x2d, 0xff, 0xfe, 0x00, 0x00, 0x00, 0x00, 0x0a, 0xff, 0xfd, 0x10, 0x00, 0x00, 0x00, 0x00,
    0x1d, 0xff, 0xf7, 0x00, 0x00, 0x00, 0x02, 0xff, 0xff, 0x20, 0x00, 0x00, 0x00, 0x00, 0x00, 0x4f,
    0xff, 0xe0, 0x00, 0x00, 0x00, 0x8f, 0xff, 0xa0, 0x00, 0x00, 0x00, 0x00, 0x00, 0x00, 0xdf, 0xff,
    0x30, 0x00, 0x00, 0x0d, 0xff, 0xf3, 0x00, 0x00, 0x00, 0x00, 0x00, 0x00, 0x08, 0xff, 0xf6, 0x00,
    0x00, 0x01, 0xff, 0xff, 0x00, 0x00, 0x00, 0x00, 0x00, 0x00, 0x00, 0x00, 0x00, 0x00, 0x00, 0x00,
    0x4f, 0xff, 0xb0, 0x00, 0x00, 0x00, 0x00, 0x00, 0x00, 0x00, 0x00, 0x00, 0x00, 0x00, 0x06, 0xff,
    0xf9, 0x00, 0x00, 0x00, 0x00, 0x00, 0x00, 0x00, 0x00, 0x00, 0x00, 0x00, 0x00, 0x7f, 0xff, 0x80,
    0x00, 0x00, 0x00, 0x00, 0x00, 0x00, 0x00, 0x00, 0x00, 0x00, 0x00, 0x07, 0xff, 0xf7, 0x00, 0x00,
    0x00, 0x00, 0x00, 0x00, 0x00, 0x00, 0x00, 0x00, 0x00, 0x00, 0x8f, 0xff, 0x70, 0x00, 0x00, 0x00,
    0x13, 0x33, 0x33, 0x33, 0x33, 0x31, 0x00, 0x00, 0x08, 0xff, 0xf7, 0x00, 0x00, 0x00, 0x05, 0xff,
    0xff, 0xff, 0xff, 0xff, 0x80, 0x00, 0x00, 0x7f, 0xff, 0x70, 0x00, 0x00, 0x00, 0x5f, 0xff, 0xff,
    0xff, 0xff, 0xf8, 0x00, 0x00, 0x07, 0xff, 0xf8, 0x00, 0x00, 0x00, 0x05, 0xff, 0xff, 0xff, 0xff,
    0xff, 0x80, 0x00, 0x00, 0x5f, 0xff, 0xa0, 0x00, 0x00, 0x00, 0x00, 0x00, 0x00, 0x06, 0xff, 0xf8,
    0x00, 0x00, 0x03, 0xff, 0xfc, 0x00, 0x00, 0x00, 0x00, 0x00, 0x00, 0x00, 0x6f, 0xff, 0x80, 0x00,
    0x00, 0x0f, 0xff, 0xf1, 0x00, 0x00, 0x00, 0x00, 0x00, 0x00, 0x06, 0xff, 0xf8, 0x00, 0x00, 0x00,
    0xbf, 0xff, 0x60, 0x00, 0x00, 0x00, 0x00, 0x00, 0x00, 0x6f, 0xff, 0x80, 0x00, 0x00, 0x05, 0xff,
    0xfd, 0x00, 0x00, 0x00, 0x00, 0x00, 0x00, 0x06, 0xff, 0xf8, 0x00, 0x00, 0x00, 0x0e, 0xff, 0xf7,
    0x00, 0x00, 0x00, 0x00, 0x00, 0x00, 0x6f, 0xff, 0x80, 0x00, 0x00, 0x00, 0x6f, 0xff, 0xf5, 0x00,
    0x00, 0x00, 0x00, 0x00, 0x07, 0xff, 0xf8, 0x00, 0x00, 0x00, 0x00, 0xbf, 0xff, 0xf8, 0x00, 0x00,
    0x00, 0x00, 0x07, 0xff, 0xff, 0x70, 0x00, 0x00, 0x00, 0x00, 0xcf, 0xff, 0xfe, 0x95, 0x33, 0x46,
    0x9e, 0xff, 0xff, 0xc0, 0x00, 0x00, 0x00, 0x00, 0x00, 0xaf, 0xff, 0xff, 0xff, 0xff, 0xff, 0xff,
    0xff, 0xb0, 0x00, 0x00, 0x00, 0x00, 0x00, 0x00, 0x5d, 0xff, 0xff, 0xff, 0xff, 0xff, 0xfd, 0x50,
    0x00, 0x00, 0x00, 0x00, 0x00, 0x00, 0x00, 0x04, 0x9c, 0xef, 0xff, 0xdb, 0x83, 0x00, 0x00, 0x00,
    0x00, 0x00, 0x08, 0xff, 0xf6, 0x00, 0x00, 0x00, 0x00, 0x00, 0x00, 0x00, 0x8f, 0xff, 0x60, 0x00,
    0x00, 0x08, 0xff, 0xf6, 0x00, 0x00, 0x00, 0x00, 0x00, 0x00, 0x00, 0x8f, 0xff, 0x60, 0x00, 0x00,
    0x08, 0xff, 0xf6, 0x00, 0x00, 0x00, 0x00, 0x00, 0x00, 0x00, 0x8f, 0xff, 0x60, 0x00, 0x00, 0x08,
    0xff, 0xf6, 0x00, 0x00, 0x00, 0x00, 0x00, 0x00, 0x00, 0x8f, 0xff, 0x60, 0x00, 0x00, 0x08, 0xff,
    0xf6, 0x00, 0x00, 0x00, 0x00, 0x00, 0x00, 0x00, 0x8f, 0xff, 0x60, 0x00, 0x00, 0x08, 0xff, 0xf6,
    0x00, 0x00, 0x00, 0x00, 0x00, 0x00, 0x00, 0x8f, 0xff, 0x60, 0x00, 0x00, 0x08, 0xff, 0xf6, 0x00,
    0x00, 0x00, 0x00, 0x00, 0x00, 0x00, 0x8f, 0xff, 0x60, 0x00, 0x00, 0x08, 0xff, 0xf6, 0x00, 0x00,
    0x00, 0x00, 0x00, 0x00, 0x00, 0x8f, 0xff, 0x60, 0x00, 0x00, 0x08, 0xff, 0xf6, 0x00, 0x00, 0x00,
    0x00, 0x00, 0x00, 0x00, 0x8f, 0xff, 0x60, 0x00, 0x00, 0x08, 0xff, 0xf6, 0x00, 0x00, 0x00, 0x00,
    0x00, 0x00, 0x00, 0x8f, 0xff, 0x60, 0x00, 0x00, 0x08, 0xff, 0xf6, 0x00, 0x00, 0x00, 0x00, 0x00,
    0x00, 0x00, 0x8f, 0xff, 0x60, 0x00, 0x00, 0x08, 0xff, 0xf6, 0x00, 0x00, 0x00, 0x00, 0x00, 0x00,
    0x00, 0x8f, 0xff, 0x60, 0x00, 0x00, 0x08, 0xff, 0xf8, 0x33, 0x33, 0x33, 0x33, 0x33, 0x33, 0x33,
    0xaf, 0xff, 0x60, 0x00, 0x00, 0x08, 0xff, 0xff, 0xff, 0xff, 0xff, 0xff, 0xff, 0xff, 0xff, 0xff,
    0xff, 0x60, 0x00, 0x00, 0x08, 0xff, 0xff, 0xff, 0xff, 0xff, 0xff, 0xff, 0xff, 0xff, 0xff, 0xff,
    0x60, 0x00, 0x00, 0x08, 0xff, 0xff, 0xff, 0xff, 0xff, 0xff, 0xff, 0xff, 0xff, 0xff, 0xff, 0x60,
    0x00, 0x00, 0x08, 0xff, 0xf6, 0x00, 0x00, 0x00, 0x00, 0x00, 0x00, 0x00, 0x8f, 0xff, 0x60, 0x00,
    0x00, 0x08, 0xff, 0xf6, 0x00, 0x00, 0x00, 0x00, 0x00, 0x00, 0x00, 0x8f, 0xff, 0x60, 0x00, 0x00,
    0x08, 0xff, 0xf6, 0x00, 0x00, 0x00, 0x00, 0x00, 0x00, 0x00, 0x8f, 0xff, 0x60, 0x00, 0x00, 0x08,
    0xff, 0xf6, 0x00, 0x00, 0x00, 0x00, 0x00, 0x00, 0x00, 0x8f, 0xff, 0x60, 0x00, 0x00, 0x08, 0xff,
    0xf6, 0x00, 0x00, 0x00, 0x00, 0x00, 0x00, 0x00, 0x8f, 0xff, 0x60, 0x00, 0x00, 0x08, 0xff, 0xf6,
    0x00, 0x00, 0x00, 0x00, 0x00, 0x00, 0x00, 0x8f, 0xff, 0x60, 0x00, 0x00, 0x08, 0xff, 0xf6, 0x00,
    0x00, 0x00, 0x00, 0x00, 0x00, 0x00, 0x8f, 0xff, 0x60, 0x00, 0x00, 0x08, 0xff, 0xf6, 0x00, 0x00,
    0x00, 0x00, 0x00, 0x00, 0x00, 0x8f, 0xff, 0x60, 0x00, 0x00, 0x08, 0xff, 0xf6, 0x00, 0x00, 0x00,
    0x00, 0x00, 0x00, 0x00, 0x8f, 0xff, 0x60, 0x00, 0x00, 0x08, 0xff, 0xf6, 0x00, 0x00, 0x00, 0x00,
    0x00, 0x00, 0x00, 0x8f, 0xff, 0x60, 0x00, 0x00, 0x08, 0xff, 0xf6, 0x00, 0x00, 0x00, 0x00, 0x00,
    0x00, 0x00, 0x8f, 0xff, 0x60, 0x00, 0x00, 0x08, 0xff, 0xf6, 0x00, 0x00, 0x00, 0x00, 0x00, 0x00,
    0x00, 0x8f, 0xff, 0x60, 0x00, 0x00, 0x08, 0xff, 0xf6, 0x00, 0x00, 0x00, 0x00, 0x00, 0x00, 0x00,
    0x8f, 0xff, 0x60, 0x00, 0x00, 0x08, 0xff, 0xf6, 0x00, 0x00, 0x00, 0x00, 0x00, 0x00, 0x00, 0x8f,
    0xff, 0x60, 0x00, 0x00, 0x04, 0xff, 0xfb, 0x00, 0x00, 0x00, 0x4f, 0xff, 0xb0, 0x00, 0x00, 0x04,
    0xff, 0xfb, 0x00, 0x00, 0x00, 0x4f, 0xff, 0xb0, 0x00, 0x00, 0x04, 0xff, 0xfb, 0x00, 0x00, 0x00,
    0x4f, 0xff, 0xb0, 0x00, 0x00, 0x04, 0xff, 0xfb, 0x00, 0x00, 0x00, 0x4f, 0xff, 0xb0, 0x00, 0x00,
    0x04, 0xff, 0xfb, 0x00, 0x00, 0x00, 0x4f, 0xff, 0xb0, 0x00, 0x00, 0x04, 0xff, 0xfb, 0x00, 0x00,
    0x00, 0x4f, 0xff, 0xb0, 0x00, 0x00, 0x04, 0xff, 0xfb, 0x00, 0x00, 0x00, 0x4f, 0xff, 0xb0, 0x00,
    0x00, 0x04, 0xff, 0xfb, 0x00, 0x00, 0x00, 0x4f, 0xff, 0xb0, 0x00, 0x00, 0x04, 0xff, 0xfb, 0x00,
    0x00, 0x00, 0x4f, 0xff, 0xb0, 0x00, 0x00, 0x04, 0xff, 0xfb, 0x00, 0x00, 0x00, 0x4f, 0xff, 0xb0,
    0x00, 0x00, 0x04, 0xff, 0xfb, 0x00, 0x00, 0x00, 0x4f, 0xff, 0xb0, 0x00, 0x00, 0x04, 0xff, 0xfb,
    0x00, 0x00, 0x00, 0x4f, 0xff, 0xb0, 0x00, 0x00, 0x04, 0xff, 0xfb, 0x00, 0x00, 0x00, 0x4f, 0xff,
    0xb0, 0x00, 0x00, 0x04, 0xff, 0xfb, 0x00, 0x00, 0x00, 0x4f, 0xff, 0xb0, 0x00, 0x00, 0x04, 0xff,
    0xfb, 0x00, 0x00, 0x00, 0x4f, 0xff, 0xb0, 0x00, 0x00, 0x00, 0x00, 0x00, 0x00, 0x00, 0x00, 0x00,
    0xff, 0xff, 0x00, 0x00, 0x00, 0x00, 0x00, 0x00, 0x00, 0x00, 0x00, 0x0f, 0xff, 0xf0, 0x00, 0x00,
    0x00, 0x00, 0x00, 0x00, 0x00, 0x00, 0x00, 0xff, 0xff, 0x00, 0x00, 0x00, 0x00, 0x00, 0x00, 0x00,
    0x00, 0x00, 0x0f, 0xff, 0xf0, 0x00, 0x00, 0x00, 0x00, 0x00, 0x00, 0x00, 0x00, 0x00, 0xff, 0xff,
    0x00, 0x00, 0x00, 0x00, 0x00, 0x00, 0x00, 0x00, 0x00, 0x0f, 0xff, 0xf0, 0x00, 0x00, 0x00, 0x00,
    0x00, 0x00, 0x00, 0x00, 0x00, 0xff, 0xff, 0x00, 0x00, 0x00, 0x00, 0x00, 0x00, 0x00, 0x00, 0x00,
    0x0f, 0xff, 0xf0, 0x00, 0x00, 0x00, 0x00, 0x00, 0x00, 0x00, 0x00, 0x00, 0xff, 0xff, 0x00, 0x00,
    0x00, 0x00, 0x00, 0x00, 0x00, 0x00, 0x00, 0x0f, 0xff, 0xf0, 0x00, 0x00, 0x00, 0x00, 0x00, 0x00,
    0x00, 0x00, 0x00, 0xff, 0xff, 0x00, 0x00, 0x00, 0x00, 0x00, 0x00, 0x00, 0x00, 0x00, 0x0f, 0xff,
    0xf0, 0x00, 0x00, 0x00, 0x00, 0x00, 0x00, 0x00, 0x00, 0x00, 0xff, 0xff, 0x00, 0x00, 0x00, 0x00,
    0x00, 0x00, 0x00, 0x00, 0x00, 0x0f, 0xff, 0xf0, 0x00, 0x00, 0x00, 0x00, 0x00, 0x00, 0x00, 0x00,
    0x00, 0xff, 0xff, 0x00, 0x00, 0x00, 0x00, 0x00, 0x00, 0x00, 0x00, 0x00, 0x0f, 0xff, 0xf0, 0x00,
    0x00, 0x00, 0x00, 0x00, 0x00, 0x00, 0x00, 0x00, 0xff, 0xff, 0x00, 0x00, 0x00, 0x00, 0x00, 0x00,
    0x00, 0x00, 0x00, 0x0f, 0xff, 0xf0, 0x00, 0x00, 0x00, 0x00, 0x00, 0x00, 0x00, 0x00, 0x00, 0xff,
    0xff, 0x00, 0x00, 0x00, 0x00, 0x00, 0x00, 0x00, 0x00, 0x00, 0x0f, 0xff, 0xf0, 0x00, 0x00, 0x00,
    0x00, 0x00, 0x00, 0x00, 0x00, 0x00, 0xff, 0xff, 0x00, 0x00, 0xef, 0xff, 0x10, 0x00, 0x00, 0x00,
    0x00, 0x0f, 0xff, 0xe0, 0x00, 0x0d, 0xff, 0xf2, 0x00, 0x00, 0x00, 0x00, 0x02, 0xff, 0xfd, 0x00,
    0x00, 0xaf, 0xff, 0x60, 0x00, 0x00, 0x00, 0x00, 0x7f, 0xff, 0xa0, 0x00, 0x06, 0xff, 0xfd, 0x00,
    0x00, 0x00, 0x00, 0x0e, 0xff, 0xf5, 0x00, 0x00, 0x0e, 0xff, 0xfb, 0x00, 0x00, 0x00, 0x1b, 0xff,
    0xfe, 0x00, 0x00, 0x00, 0x6f, 0xff, 0xfe, 0x84, 0x34, 0x8e, 0xff, 0xff, 0x40, 0x00, 0x00, 0x00,
    0x8f, 0xff, 0xff, 0xff, 0xff, 0xff, 0xff, 0x60, 0x00, 0x00, 0x00, 0x00, 0x6e, 0xff, 0xff, 0xff,
    0xff, 0xfd, 0x40, 0x00, 0x00, 0x00, 0x00, 0x00, 0x05, 0xad, 0xff, 0xfd, 0xa5, 0x00, 0x00, 0x00,
    0x00, 0x00, 0x08, 0xff, 0xf6, 0x00, 0x00, 0x00, 0x00, 0x00, 0x00, 0xbf, 0xff, 0xe1, 0x00, 0x00,
    0x8f, 0xff, 0x60, 0x00, 0x00, 0x00, 0x00, 0x00, 0xaf, 0xff, 0xf2, 0x00, 0x00, 0x08, 0xff, 0xf6,
    0x00, 0x00, 0x00, 0x00, 0x00, 0x8f, 0xff, 0xf4, 0x00, 0x00, 0x00, 0x8f, 0xff, 0x60, 0x00, 0x00,
    0x00, 0x00, 0x7f, 0xff, 0xf5, 0x00, 0x00, 0x00, 0x08, 0xff, 0xf6, 0x00, 0x00, 0x00, 0x00, 0x5f,
    0xff, 0xf7, 0x00, 0x00, 0x00, 0x00, 0x8f, 0xff, 0x60, 0x00, 0x00, 0x00, 0x4f, 0xff, 0xf9, 0x00,
    0x00, 0x00, 0x00, 0x08, 0xff, 0xf6, 0x00, 0x00, 0x00, 0x2f, 0xff, 0xfa, 0x00, 0x00, 0x00, 0x00,
    0x00, 0x8f, 0xff, 0x60, 0x00, 0x00, 0x1e, 0xff, 0xfc, 0x00, 0x00, 0x00, 0x00, 0x00, 0x08, 0xff,
    0xf6, 0x00, 0x00, 0x1d, 0xff, 0xfd, 0x10, 0x00, 0x00, 0x00, 0x00, 0x00, 0x8f, 0xff, 0x60, 0x00,
    0x0c, 0xff, 0xfe, 0x20, 0x00, 0x00, 0x00, 0x00, 0x00, 0x08, 0xff, 0xf6, 0x00, 0x0b, 0xff, 0xff,
    0x30, 0x00, 0x00, 0x00, 0x00, 0x00, 0x00, 0x8f, 0xff, 0x60, 0x09, 0xff, 0xff, 0x40, 0x00, 0x00,
    0x00, 0x00, 0x00, 0x00, 0x08, 0xff, 0xf6, 0x08, 0xff, 0xff, 0x50, 0x00, 0x00, 0x00, 0x00, 0x00,
    0x00, 0x00, 0x8f, 0xff, 0x66, 0xff, 0xff, 0xe0, 0x00, 0x00, 0x00, 0x00, 0x00, 0x00, 0x00, 0x08,
    0xff, 0xfb, 0xff, 0xff, 0xff, 0xa0, 0x00, 0x00, 0x00, 0x00, 0x00, 0x00, 0x00, 0x8f, 0xff, 0xff,
    0xff, 0xff, 0xff, 0x60, 0x00, 0x00, 0x00, 0x00, 0x00, 0x00, 0x08, 0xff, 0xff, 0xff, 0xa9, 0xff,
    0xff, 0x30, 0x00, 0x00, 0x00, 0x00, 0x00, 0x00, 0x8f, 0xff, 0xff, 0xa0, 0x0c, 0xff, 0xfd, 0x00,
    0x00, 0x00, 0x00, 0x00, 0x00, 0x08, 0xff, 0xff, 0xb0, 0x00, 0x2e, 0xff, 0xfa, 0x00, 0x00, 0x00,
    0x00, 0x00, 0x00, 0x8f, 0xff, 0xc0, 0x00, 0x00, 0x4f, 0xff, 0xf7, 0x00, 0x00, 0x00, 0x00, 0x00,
    0x08, 0xff, 0xf6, 0x00, 0x00, 0x00, 0x8f, 0xff, 0xf3, 0x00, 0x00, 0x00, 0x00, 0x00, 0x8f, 0xff,
    0x60, 0x00, 0x00, 0x00, 0xcf, 0xff, 0xd1, 0x00, 0x00, 0x00, 0x00, 0x08, 0xff, 0xf6, 0x00, 0x00,
    0x00, 0x01, 0xef, 0xff, 0xb0, 0x00, 0x00, 0x00, 0x00, 0x8f, 0xff, 0x60, 0x00, 0x00, 0x00, 0x04,
    0xff, 0xff, 0x70, 0x00, 0x00, 0x00, 0x08, 0xff, 0xf6, 0x00, 0x00, 0x00, 0x00, 0x08, 0xff, 0xff,
    0x30, 0x00, 0x00, 0x00, 0x8f, 0xff, 0x60, 0x00, 0x00, 0x00, 0x00, 0x0c, 0xff, 0xfe, 0x10, 0x00,
    0x00, 0x08, 0xff, 0xf6, 0x00, 0x00, 0x00, 0x00, 0x00, 0x1e, 0xff, 0xfb, 0x00, 0x00, 0x00, 0x8f,
    0xff, 0x60, 0x00, 0x00, 0x00, 0x00, 0x00, 0x4f, 0xff, 0xf7, 0x00, 0x00, 0x08, 0xff, 0xf6, 0x00,
    0x00, 0x00, 0x00, 0x00, 0x00, 0x8f, 0xff, 0xf3, 0x00, 0x00, 0x8f, 0xff, 0x60, 0x00, 0x00, 0x00,
    0x00, 0x00, 0x00, 0xbf, 0xff, 0xe1, 0x00, 0x08, 0xff, 0xf6, 0x00, 0x00, 0x00, 0x00, 0x00, 0x00,
    0x00, 0x00, 0x00, 0x8f, 0xff, 0x60, 0x00, 0x00, 0x00, 0x00, 0x00, 0x00, 0x00, 0x00, 0x08, 0xff,
    0xf6, 0x00, 0x00, 0x00, 0x00, 0x00, 0x00, 0x00, 0x00, 0x00, 0x8f, 0xff, 0x60, 0x00, 0x00, 0x00,
    0x00, 0x00, 0x00, 0x00, 0x00, 0x08, 0xff, 0xf6, 0x00, 0x00, 0x00, 0x00, 0x00, 0x00, 0x00, 0x00,
    0x00, 0x8f, 0xff, 0x60, 0x00, 0x00, 0x00, 0x00, 0x00, 0x00, 0x00, 0x00, 0x08, 0xff, 0xf6, 0x00,
    0x00, 0x00, 0x00, 0x00, 0x00, 0x00, 0x00, 0x00, 0x8f, 0xff, 0x60, 0x00, 0x00, 0x00, 0x00, 0x00,
    0x00, 0x00, 0x00, 0x08, 0xff, 0xf6, 0x00, 0x00, 0x00, 0x00, 0x00, 0x00, 0x00, 0x00, 0x00, 0x8f,
    0xff, 0x60, 0x00, 0x00, 0x00, 0x00, 0x00, 0x00, 0x00, 0x00, 0x08, 0xff, 0xf6, 0x00, 0x00, 0x00,
    0x00, 0x00, 0x00, 0x00, 0x00, 0x00, 0x8f, 0xff, 0x60, 0x00, 0x00, 0x00, 0x00, 0x00, 0x00, 0x00,
    0x00, 0x08, 0xff, 0xf6, 0x00, 0x00, 0x00, 0x00, 0x00, 0x00, 0x00, 0x00, 0x00, 0x8f, 0xff, 0x60,
    0x00, 0x00, 0x00, 0x00, 0x00, 0x00, 0x00, 0x00, 0x08, 0xff, 0xf6, 0x00, 0x00, 0x00, 0x00, 0x00,
    0x00, 0x00, 0x00, 0x00, 0x8f, 0xff, 0x60, 0x00, 0x00, 0x00, 0x00, 0x00, 0x00, 0x00, 0x00, 0x08,
    0xff, 0xf6, 0x00, 0x00, 0x00, 0x00, 0x00, 0x00, 0x00, 0x00, 0x00, 0x8f, 0xff, 0x60, 0x00, 0x00,
    0x00, 0x00, 0x00, 0x00, 0x00, 0x00, 0x08, 0xff, 0xf6, 0x00, 0x00, 0x00, 0x00, 0x00, 0x00, 0x00,
    0x00, 0x00, 0x8f, 0xff, 0x60, 0x00, 0x00, 0x00, 0x00, 0x00, 0x00, 0x00, 0x00, 0x08, 0xff, 0xf6,
    0x00, 0x00, 0x00, 0x00, 0x00, 0x00, 0x00, 0x00, 0x00, 0x8f, 0xff, 0x60, 0x00, 0x00, 0x00, 0x00,
    0x00, 0x00, 0x00, 0x00, 0x08, 0xff, 0xf6, 0x00, 0x00, 0x00, 0x00, 0x00, 0x00, 0x00, 0x00, 0x00,
    0x8f, 0xff, 0x60, 0x00, 0x00, 0x00, 0x00, 0x00, 0x00, 0x00, 0x00, 0x08, 0xff, 0xf6, 0x00, 0x00,
    0x00, 0x00, 0x00, 0x00, 0x00, 0x00, 0x00, 0x8f, 0xff, 0x60, 0x00, 0x00, 0x00, 0x00, 0x00, 0x00,
    0x00, 0x00, 0x08, 0xff, 0xf8, 0x33, 0x33, 0x33, 0x33, 0x33, 0x33, 0x32, 0x00, 0x00, 0x8f, 0xff,
    0xff, 0xff, 0xff, 0xff, 0xff, 0xff, 0xff, 0x90, 0x00, 0x08, 0xff, 0xff, 0xff, 0xff, 0xff, 0xff,
    0xff, 0xff, 0xf9, 0x00, 0x00, 0x8f, 0xff, 0xff, 0xff, 0xff, 0xff, 0xff, 0xff, 0xff, 0x90, 0x00,
    0x08, 0xff, 0xff, 0xb0, 0x00, 0x00, 0x00, 0x00, 0x00, 0x00, 0x00, 0x00, 0x01, 0xff, 0xff, 0xf3,
    0x00, 0x00, 0x00, 0x8f, 0xff, 0xff, 0x20, 0x00, 0x00, 0x00, 0x00, 0x00, 0x00, 0x00, 0x00, 0x8f,
    0xff, 0xff, 0x30, 0x00, 0x00, 0x08, 0xff, 0xff, 0xf8, 0x00, 0x00, 0x00, 0x00, 0x00, 0x00, 0x00,
    0x00, 0x0e, 0xff, 0xff, 0xf3, 0x00, 0x00, 0x00, 0x8f, 0xff, 0xff, 0xe0, 0x00, 0x00, 0x00, 0x00,
    0x00, 0x00, 0x00, 0x04, 0xff, 0xff, 0xff, 0x30, 0x00, 0x00, 0x08, 0xff, 0xff, 0xff, 0x50, 0x00,
    0x00, 0x00, 0x00, 0x00, 0x00, 0x00, 0xbf, 0xff, 0xff, 0xf3, 0x00, 0x00, 0x00, 0x8f, 0xff, 0xff,
    0xfb, 0x00, 0x00, 0x00, 0x00, 0x00, 0x00, 0x00, 0x1f, 0xff, 0xff, 0xff, 0x30, 0x00, 0x00, 0x08,
    0xff, 0xfb, 0xff, 0xf2, 0x00, 0x00, 0x00, 0x00, 0x00, 0x00, 0x08, 0xff, 0xfb, 0xff, 0xf3, 0x00,
    0x00, 0x00, 0x8f, 0xff, 0x5f, 0xff, 0x80, 0x00, 0x00, 0x00, 0x00, 0x00, 0x00, 0xef, 0xfe, 0x7f,
    0xff, 0x30, 0x00, 0x00, 0x08, 0xff, 0xf1, 0xdf, 0xfe, 0x00, 0x00, 0x00, 0x00, 0x00, 0x00, 0x4f,
    0xff, 0x87, 0xff, 0xf3, 0x00, 0x00, 0x00, 0x8f, 0xff, 0x27, 0xff, 0xf5, 0x00, 0x00, 0x00, 0x00,
    0x00, 0x0b, 0xff, 0xf1, 0x7f, 0xff, 0x30, 0x00, 0x00, 0x08, 0xff, 0xf2, 0x1f, 0xff, 0xb0, 0x00,
    0x00, 0x00, 0x00, 0x01, 0xff, 0xfb, 0x08, 0xff, 0xf3, 0x00, 0x00, 0x00, 0x8f, 0xff, 0x30, 0xaf,
    0xff, 0x20, 0x00, 0x00, 0x00, 0x00, 0x8f, 0xff, 0x40, 0x8f, 0xff, 0x30, 0x00, 0x00, 0x08, 0xff,
    0xf3, 0x03, 0xff, 0xf8, 0x00, 0x00, 0x00, 0x00, 0x0e, 0xff, 0xe0, 0x09, 0xff, 0xf3, 0x00, 0x00,
    0x00, 0x8f, 0xff, 0x40, 0x0d, 0xff, 0xe0, 0x00, 0x00, 0x00, 0x04, 0xff, 0xf7, 0x00, 0x9f, 0xff,
    0x30, 0x00, 0x00, 0x08, 0xff, 0xf4, 0x00, 0x7f, 0xff, 0x50, 0x00, 0x00, 0x00, 0xbf, 0xff, 0x10,
    0x0a, 0xff, 0xf3, 0x00, 0x00, 0x00, 0x8f, 0xff, 0x50, 0x01, 0xff, 0xfb, 0x00, 0x00, 0x00, 0x1f,
    0xff, 0xa0, 0x00, 0xaf, 0xff, 0x30, 0x00, 0x00, 0x08, 0xff, 0xf5, 0x00, 0x0a, 0xff, 0xf2, 0x00,
    0x00, 0x07, 0xff, 0xf4, 0x00, 0x0b, 0xff, 0xf3, 0x00, 0x00, 0x00, 0x8f, 0xff, 0x60, 0x00, 0x3f,
    0xff, 0x80, 0x00, 0x00, 0xef, 0xfd, 0x00, 0x00, 0xbf, 0xff, 0x30, 0x00, 0x00, 0x08, 0xff, 0xf6,
    0x00, 0x00, 0xdf, 0xfe, 0x00, 0x00, 0x4f, 0xff, 0x70, 0x00, 0x0c, 0xff, 0xf3, 0x00, 0x00, 0x00,
    0x8f, 0xff, 0x60, 0x00, 0x06, 0xff, 0xf5, 0x00, 0x0b, 0xff, 0xf1, 0x00, 0x00, 0xcf, 0xff, 0x30,
    0x00, 0x00, 0x08, 0xff, 0xf6, 0x00, 0x00, 0x0f, 0xff, 0xb0, 0x01, 0xff, 0xfa, 0x00, 0x00, 0x0c,
    0xff, 0xf3, 0x00, 0x00, 0x00, 0x8f, 0xff, 0x60, 0x00, 0x00, 0x9f, 0xff, 0x20, 0x7f, 0xff, 0x40,
    0x00, 0x00, 0xcf, 0xff, 0x30, 0x00, 0x00, 0x08, 0xff, 0xf6, 0x00, 0x00, 0x03, 0xff, 0xf8, 0x0e,
    0xff, 0xd0, 0x00, 0x00, 0x0c, 0xff, 0xf3, 0x00, 0x00, 0x00, 0x8f, 0xff, 0x60, 0x00, 0x00, 0x0c,
    0xff, 0xe5, 0xff, 0xf7, 0x00, 0x00, 0x00, 0xcf, 0xff, 0x30, 0x00, 0x00, 0x08, 0xff, 0xf6, 0x00,
    0x00, 0x00, 0x6f, 0xff, 0xef, 0xff, 0x10, 0x00, 0x00, 0x0c, 0xff, 0xf3, 0x00, 0x00, 0x00, 0x8f,
    0xff, 0x60, 0x00, 0x00, 0x00, 0xff, 0xff, 0xff, 0xa0, 0x00, 0x00, 0x00, 0xcf, 0xff, 0x30, 0x00,
    0x00, 0x08, 0xff, 0xf6, 0x00, 0x00, 0x00, 0x09, 0xff, 0xff, 0xf3, 0x00, 0x00, 0x00, 0x0c, 0xff,
    0xf3, 0x00, 0x00, 0x00, 0x8f, 0xff, 0x60, 0x00, 0x00, 0x00, 0x3f, 0xff, 0xfd, 0x00, 0x00, 0x00,
    0x00, 0xcf, 0xff, 0x30, 0x00, 0x00, 0x08, 0xff, 0xf6, 0x00, 0x00, 0x00, 0x00, 0xcf, 0xff, 0x60,
    0x00, 0x00, 0x00, 0x0c, 0xff, 0xf3, 0x00, 0x00, 0x00, 0x8f, 0xff, 0x60, 0x00, 0x00, 0x00, 0x06,
    0xff, 0xf0, 0x00, 0x00, 0x00, 0x00, 0xcf, 0xff, 0x30, 0x00, 0x00, 0x08, 0xff, 0xfb, 0x00, 0x00,
    0x00, 0x00, 0x00, 0x00, 0x00, 0x7f, 0xff, 0x70, 0x00, 0x00, 0x08, 0xff, 0xff, 0x60, 0x00, 0x00,
    0x00, 0x00, 0x00, 0x00, 0x7f, 0xff, 0x70, 0x00, 0x00, 0x08, 0xff, 0xff, 0xf1, 0x00, 0x00, 0x00,
    0x00, 0x00, 0x00, 0x7f, 0xff, 0x70, 0x00, 0x00, 0x08, 0xff, 0xff, 0xfb, 0x00, 0x00, 0x00, 0x00,
    0x00, 0x00, 0x7f, 0xff, 0x70, 0x00, 0x00, 0x08, 0xff, 0xff, 0xff, 0x50, 0x00, 0x00, 0x00, 0x00,
    0x00, 0x7f, 0xff, 0x70, 0x00, 0x00, 0x08, 0xff, 0xff, 0xff, 0xe1, 0x00, 0x00, 0x00, 0x00, 0x00,
    0x7f, 0xff, 0x70, 0x00, 0x00, 0x08, 0xff, 0xff, 0xff, 0xfa, 0x00, 0x00, 0x00, 0x00, 0x00, 0x7f,
    0xff, 0x70, 0x00, 0x00, 0x08, 0xff, 0xf9, 0xff, 0xff, 0x40, 0x00, 0x00, 0x00, 0x00, 0x7f, 0xff,
    0x70, 0x00, 0x00, 0x08, 0xff, 0xf6, 0x8f, 0xff, 0xe0, 0x00, 0x00, 0x00, 0x00, 0x7f, 0xff, 0x70,
    0x00, 0x00, 0x08, 0xff, 0xf6, 0x0d, 0xff, 0xf9, 0x00, 0x00, 0x00, 0x00, 0x7f, 0xff, 0x70, 0x00,
    0x00, 0x08, 0xff, 0xf6, 0x03, 0xff, 0xff, 0x40, 0x00, 0x00, 0x00, 0x7f, 0xff, 0x70, 0x00, 0x00,
    0x08, 0xff, 0xf6, 0x00, 0x9f, 0xff, 0xd0, 0x00, 0x00, 0x00, 0x7f, 0xff, 0x70, 0x00, 0x00, 0x08,
    0xff, 0xf6, 0x00, 0x0d, 0xff, 0xf8, 0x00, 0x00, 0x00, 0x7f, 0xff, 0x70, 0x00, 0x00, 0x08, 0xff,
    0xf6, 0x00, 0x04, 0xff, 0xff, 0x30, 0x00, 0x00, 0x7f, 0xff, 0x70, 0x00, 0x00, 0x08, 0xff, 0xf6,
    0x00, 0x00, 0x9f, 0xff, 0xd0, 0x00, 0x00, 0x7f, 0xff, 0x70, 0x00, 0x00, 0x08, 0xff, 0xf6, 0x00,
    0x00, 0x1e, 0xff, 0xf8, 0x00, 0x00, 0x7f, 0xff, 0x70, 0x00, 0x00, 0x08, 0xff, 0xf6, 0x00, 0x00,
    0x05, 0xff, 0xff, 0x20, 0x00, 0x7f, 0xff, 0x70, 0x00, 0x00, 0x08, 0xff, 0xf6, 0x00, 0x00, 0x00,
    0xaf, 0xff, 0xc0, 0x00, 0x7f, 0xff, 0x70, 0x00, 0x00, 0x08, 0xff, 0xf6, 0x00, 0x00, 0x00, 0x1e,
    0xff, 0xf7, 0x00, 0x7f, 0xff, 0x70, 0x00, 0x00, 0x08, 0xff, 0xf6, 0x00, 0x00, 0x00, 0x05, 0xff,
    0xff, 0x20, 0x7f, 0xff, 0x70, 0x00, 0x00, 0x08, 0xff, 0xf6, 0x00, 0x00, 0x00, 0x00, 0xbf, 0xff,
    0xc0, 0x7f, 0xff, 0x70, 0x00, 0x00, 0x08, 0xff, 0xf6, 0x00, 0x00, 0x00, 0x00, 0x1f, 0xff, 0xf6,
    0x7f, 0xff, 0x70, 0x00, 0x00, 0x08, 0xff, 0xf6, 0x00, 0x00, 0x00, 0x00, 0x06, 0xff, 0xff, 0x9f,
    0xff, 0x70, 0x00, 0x00, 0x08, 0xff, 0xf6, 0x00, 0x00, 0x00, 0x00, 0x00, 0xcf, 0xff, 0xff, 0xff,
    0x70, 0x00, 0x00, 0x08, 0xff, 0xf6, 0x00, 0x00, 0x00, 0x00, 0x00, 0x2f, 0xff, 0xff, 0xff, 0x70,
    0x00, 0x00, 0x08, 0xff, 0xf6, 0x00, 0x00, 0x00, 0x00, 0x00, 0x07, 0xff, 0xff, 0xff, 0x70, 0x00,
    0x00, 0x08, 0xff, 0xf6, 0x00, 0x00, 0x00, 0x00, 0x00, 0x00, 0xcf, 0xff, 0xff, 0x70, 0x00, 0x00,
    0x08, 0xff, 0xf6, 0x00, 0x00, 0x00, 0x00, 0x00, 0x00, 0x3f, 0xff, 0xff, 0x70, 0x00, 0x00, 0x08,
    0xff, 0xf6, 0x00, 0x00, 0x00, 0x00, 0x00, 0x00, 0x08, 0xff, 0xff, 0x70, 0x00, 0x00, 0x08, 0xff,
    0xf6, 0x00, 0x00, 0x00, 0x00, 0x00, 0x00, 0x00, 0xdf, 0xff, 0x70, 0x00, 0x00, 0x00, 0x00, 0x00,
    0x00, 0x5a, 0xdf, 0xff, 0xda, 0x50, 0x00, 0x00, 0x00, 0x00, 0x00, 0x00, 0x00, 0x00, 0x07, 0xef,
    0xff, 0xff, 0xff, 0xff, 0xe7, 0x00, 0x00, 0x00, 0x00, 0x00, 0x00, 0x00, 0x1c, 0xff, 0xff, 0xff,
    0xff, 0xff, 0xff, 0xfc, 0x10, 0x00, 0x00, 0x00, 0x00, 0x00, 0x1d, 0xff, 0xff, 0xe9, 0x65, 0x69,
    0xef, 0xff, 0xfd, 0x10, 0x00, 0x00, 0x00, 0x00, 0x0c, 0xff, 0xff, 0x60, 0x00, 0x00, 0x00, 0x6f,
    0xff, 0xfb, 0x00, 0x00, 0x00, 0x00, 0x07, 0xff, 0xfe, 0x30, 0x00, 0x00, 0x00, 0x00, 0x3f, 0xff,
    0xf6, 0x00, 0x00, 0x00, 0x00, 0xef, 0xff, 0x40, 0x00, 0x00, 0x00, 0x00, 0x00, 0x5f, 0xff, 0xe0,
    0x00, 0x00, 0x00, 0x6f, 0xff, 0xb0, 0x00, 0x00, 0x00, 0x00, 0x00, 0x00, 0xcf, 0xff, 0x50, 0x00,
    0x00, 0x0c, 0xff, 0xf4, 0x00, 0x00, 0x00, 0x00, 0x00, 0x00, 0x05, 0xff, 0xfb, 0x00, 0x00, 0x01,
    0xff, 0xfe, 0x00, 0x00, 0x00, 0x00, 0x00, 0x00, 0x00, 0x0f, 0xff, 0xf0, 0x00, 0x00, 0x4f, 0xff,
    0xb0, 0x00, 0x00, 0x00, 0x00, 0x00, 0x00, 0x00, 0xcf, 0xff, 0x20, 0x00, 0x06, 0xff, 0xf8, 0x00,
    0x00, 0x00, 0x00, 0x00, 0x00, 0x00, 0x0a, 0xff, 0xf4, 0x00, 0x00, 0x8f, 0xff, 0x60, 0x00, 0x00,
    0x00, 0x00, 0x00, 0x00, 0x00, 0x8f, 0xff, 0x60, 0x00, 0x08, 0xff, 0xf6, 0x00, 0x00, 0x00, 0x00,
    0x00, 0x00, 0x00, 0x07, 0xff, 0xf6, 0x00, 0x00, 0x9f, 0xff, 0x50, 0x00, 0x00, 0x00, 0x00, 0x00,
    0x00, 0x00, 0x7f, 0xff, 0x70, 0x00, 0x09, 0xff, 0xf5, 0x00, 0x00, 0x00, 0x00, 0x00, 0x00, 0x00,
    0x07, 0xff, 0xf7, 0x00, 0x00, 0x8f, 0xff, 0x60, 0x00, 0x00, 0x00, 0x00, 0x00, 0x00, 0x00, 0x7f,
    0xff, 0x70, 0x00, 0x08, 0xff, 0xf6, 0x00, 0x00, 0x00, 0x00, 0x00, 0x00, 0x00, 0x08, 0xff, 0xf6,
    0x00, 0x00, 0x6f, 0xff, 0x80, 0x00, 0x00, 0x00, 0x00, 0x00, 0x00, 0x00, 0xaf, 0xff, 0x40, 0x00,
    0x04, 0xff, 0xfb, 0x00, 0x00, 0x00, 0x00, 0x00, 0x00, 0x00, 0x0c, 0xff, 0xf2, 0x00, 0x00, 0x1f,
    0xff, 0xe0, 0x00, 0x00, 0x00, 0x00, 0x00, 0x00, 0x00, 0xff, 0xff, 0x00, 0x00, 0x00, 0xcf, 0xff,
    0x40, 0x00, 0x00, 0x00, 0x00, 0x00, 0x00, 0x5f, 0xff, 0xb0, 0x00, 0x00, 0x06, 0xff, 0xfb, 0x00,
    0x00, 0x00, 0x00, 0x00, 0x00, 0x0b, 0xff, 0xf5, 0x00, 0x00, 0x00, 0x0e, 0xff, 0xf4, 0x00, 0x00,
    0x00, 0x00, 0x00, 0x04, 0xff, 0xfe, 0x00, 0x00, 0x00, 0x00, 0x7f, 0xff, 0xf3, 0x00, 0x00, 0x00,
    0x00, 0x02, 0xef, 0xff, 0x60, 0x00, 0x00, 0x00, 0x00, 0xcf, 0xff, 0xf6, 0x00, 0x00, 0x00, 0x06,
    0xff, 0xff, 0xc0, 0x00, 0x00, 0x00, 0x00, 0x01, 0xdf, 0xff, 0xfe, 0x96, 0x56, 0x9d, 0xff, 0xff,
    0xd1, 0x00, 0x00, 0x00, 0x00, 0x00, 0x01, 0xcf, 0xff, 0xff, 0xff, 0xff, 0xff, 0xff, 0xc1, 0x00,
    0x00, 0x00, 0x00, 0x00, 0x00, 0x00, 0x7e, 0xff, 0xff, 0xff, 0xff, 0xfe, 0x70, 0x00, 0x00, 0x00,
    0x00, 0x00, 0x00, 0x00, 0x00, 0x05, 0xad, 0xff, 0xfd, 0xa5, 0x00, 0x00, 0x00, 0x00, 0x00, 0x00,
    0x08, 0xff, 0xff, 0xff, 0xff, 0xff, 0xff, 0xeb, 0x72, 0x00, 0x00, 0x00, 0x00, 0x00, 0x8f, 0xff,
    0xff, 0xff, 0xff, 0xff, 0xff, 0xff, 0xfa, 0x10, 0x00, 0x00, 0x00, 0x08, 0xff, 0xff, 0xff, 0xff,
    0xff, 0xff, 0xff, 0xff, 0xfe, 0x40, 0x00, 0x00, 0x00, 0x8f, 0xff, 0x83, 0x33, 0x33, 0x33, 0x47,
    0xbf, 0xff, 0xff, 0x20, 0x00, 0x00, 0x08, 0xff, 0xf6, 0x00, 0x00, 0x00, 0x00, 0x00, 0x3e, 0xff,
    0xfc, 0x00, 0x00, 0x00, 0x8f, 0xff, 0x60, 0x00, 0x00, 0x00, 0x00, 0x00, 0x2f, 0xff, 0xf4, 0x00,
    0x00, 0x08, 0xff, 0xf6, 0x00, 0x00, 0x00, 0x00, 0x00, 0x00, 0x8f, 0xff, 0xa0, 0x00, 0x00, 0x8f,
    0xff, 0x60, 0x00, 0x00, 0x00, 0x00, 0x00, 0x03, 0xff, 0xfd, 0x00, 0x00, 0x08, 0xff, 0xf6, 0x00,
    0x00, 0x00, 0x00, 0x00, 0x00, 0x0f, 0xff, 0xe0, 0x00, 0x00, 0x8f, 0xff, 0x60, 0x00, 0x00, 0x00,
    0x00, 0x00, 0x00, 0xff, 0xff, 0x00, 0x00, 0x08, 0xff, 0xf6, 0x00, 0x00, 0x00, 0x00, 0x00, 0x00,
    0x2f, 0xff, 0xd0, 0x00, 0x00, 0x8f, 0xff, 0x60, 0x00, 0x00, 0x00, 0x00, 0x00, 0x07, 0xff, 0xfa,
    0x00, 0x00, 0x08, 0xff, 0xf6, 0x00, 0x00, 0x00, 0x00, 0x00, 0x01, 0xef, 0xff, 0x60, 0x00, 0x00,
    0x8f, 0xff, 0x60, 0x00, 0x00, 0x00, 0x00, 0x02, 0xdf, 0xff, 0xe0, 0x00, 0x00, 0x08, 0xff, 0xf8,
    0x33, 0x33, 0x33, 0x34, 0x6a, 0xff, 0xff, 0xf5, 0x00, 0x00, 0x00, 0x8f, 0xff, 0xff, 0xff, 0xff,
    0xff, 0xff, 0xff, 0xff, 0xf6, 0x00, 0x00, 0x00, 0x08, 0xff, 0xff, 0xff, 0xff, 0xff, 0xff, 0xff,
    0xff, 0xc3, 0x00, 0x00, 0x00, 0x00, 0x8f, 0xff, 0xff, 0xff, 0xff, 0xff, 0xfe, 0xc8, 0x30, 0x00,
    0x00, 0x00, 0x00, 0x08, 0xff, 0xf6, 0x00, 0x00, 0x00, 0x00, 0x00, 0x00, 0x00, 0x00, 0x00, 0x00,
    0x00, 0x8f, 0xff, 0x60, 0x00, 0x00, 0x00, 0x00, 0x00, 0x00, 0x00, 0x00, 0x00, 0x00, 0x08, 0xff,
    0xf6, 0x00, 0x00, 0x00, 0x00, 0x00, 0x00, 0x00, 0x00, 0x00, 0x00, 0x00, 0x8f, 0xff, 0x60, 0x00,
    0x00, 0x00, 0x00, 0x00, 0x00, 0x00, 0x00, 0x00, 0x00, 0x08, 0xff, 0xf6, 0x00, 0x00, 0x00, 0x00,
    0x00, 0x00, 0x00, 0x00, 0x00, 0x00, 0x00, 0x8f, 0xff, 0x60, 0x00, 0x00, 0x00, 0x00, 0x00, 0x00,
    0x00, 0x00, 0x00, 0x00, 0x08, 0xff, 0xf6, 0x00, 0x00, 0x00, 0x00, 0x00, 0x00, 0x00, 0x00, 0x00,
    0x00, 0x00, 0x8f, 0xff, 0x60, 0x00, 0x00, 0x00, 0x00, 0x00, 0x00, 0x00, 0x00, 0x00, 0x00, 0x08,
    0xff, 0xf6, 0x00, 0x00, 0x00, 0x00, 0x00, 0x00, 0x00, 0x00, 0x00, 0x00, 0x00, 0x8f, 0xff, 0x60,
    0x00, 0x00, 0x00, 0x00, 0x00, 0x00, 0x00, 0x00, 0x00, 0x00, 0x08, 0xff, 0xf6, 0x00, 0x00, 0x00,
    0x00, 0x00, 0x00, 0x00, 0x00, 0x00, 0x00, 0x00, 0x8f, 0xff, 0x60, 0x00, 0x00, 0x00, 0x00, 0x00,
    0x00, 0x00, 0x00, 0x00, 0x00, 0x00, 0x00, 0x00, 0x01, 0x7b, 0xdf, 0xfe, 0xd9, 0x40, 0x00, 0x00,
    0x00, 0x00, 0x00, 0x00, 0x00, 0x00, 0x19, 0xff, 0xff, 0xff, 0xff, 0xff, 0xd5, 0x00, 0x00, 0x00,
    0x00, 0x00, 0x00, 0x00, 0x3e, 0xff, 0xff, 0xff, 0xff, 0xff, 0xff, 0xfa, 0x00, 0x00, 0x00, 0x00,
    0x00, 0x00, 0x3f, 0xff, 0xff, 0xd8, 0x65, 0x7a, 0xff, 0xff, 0xfb, 0x00, 0x00, 0x00, 0x00, 0x00,
    0x1e, 0xff, 0xfe, 0x40, 0x00, 0x00, 0x00, 0x8f, 0xff, 0xf8, 0x00, 0x00, 0x00, 0x00, 0x0a, 0xff,
    0xfd, 0x10, 0x00, 0x00, 0x00, 0x00, 0x5f, 0xff, 0xf3, 0x00, 0x00, 0x00, 0x02, 0xff, 0xff, 0x20,
    0x00, 0x00, 0x00, 0x00, 0x00, 0x8f, 0xff, 0xb0, 0x00, 0x00, 0x00, 0x9f, 0xff, 0x80, 0x00, 0x00,
    0x00, 0x00, 0x00, 0x00, 0xef, 0xff, 0x20, 0x00, 0x00, 0x0f, 0xff, 0xf1, 0x00, 0x00, 0x00, 0x00,
    0x00, 0x00, 0x08, 0xff, 0xf8, 0x00, 0x00, 0x03, 0xff, 0xfb, 0x00, 0x00, 0x00, 0x00, 0x00, 0x00,
    0x00, 0x3f, 0xff, 0xc0, 0x00, 0x00, 0x7f, 0xff, 0x80, 0x00, 0x00, 0x00, 0x00, 0x00, 0x00, 0x00,
    0xff, 0xff, 0x00, 0x00, 0x09, 0xff, 0xf5, 0x00, 0x00, 0x00, 0x00, 0x00, 0x00, 0x00, 0x0c, 0xff,
    0xf1, 0x00, 0x00, 0xbf, 0xff, 0x30, 0x00, 0x00, 0x00, 0x00, 0x00, 0x00, 0x00, 0xbf, 0xff, 0x30,
    0x00, 0x0b, 0xff, 0xf3, 0x00, 0x00, 0x00, 0x00, 0x00, 0x00, 0x00, 0x0a, 0xff, 0xf3, 0x00, 0x00,
    0xcf, 0xff, 0x20, 0x00, 0x00, 0x00, 0x00, 0x00, 0x00, 0x00, 0xaf, 0xff, 0x40, 0x00, 0x0c, 0xff,
    0xf2, 0x00, 0x00, 0x00, 0x00, 0x00, 0x00, 0x00, 0x0a, 0xff, 0xf4, 0x00, 0x00, 0xbf, 0xff, 0x30,
    0x00, 0x00, 0x00, 0x00, 0x00, 0x00, 0x00, 0xaf, 0xff, 0x40, 0x00, 0x0b, 0xff, 0xf3, 0x00, 0x00,
    0x00, 0x00, 0x00, 0x00, 0x00, 0x0b, 0xff, 0xf3, 0x00, 0x00, 0x9f, 0xff, 0x50, 0x00, 0x00, 0x00,
    0x00, 0x00, 0x00, 0x00, 0xcf, 0xff, 0x10, 0x00, 0x07, 0xff, 0xf8, 0x00, 0x00, 0x00, 0x00, 0x00,
    0x00, 0x00, 0x0f, 0xff, 0xf0, 0x00, 0x00, 0x3f, 0xff, 0xc0, 0x00, 0x00, 0x00, 0x00, 0x00, 0x00,
    0x02, 0xff, 0xfc, 0x00, 0x00, 0x00, 0xff, 0xff, 0x10, 0x00, 0x00, 0x00, 0x00, 0x00, 0x00, 0x7f,
    0xff, 0x80, 0x00, 0x00, 0x09, 0xff, 0xf8, 0x00, 0x00, 0x00, 0x00, 0x00, 0x00, 0x0e, 0xff, 0xf2,
    0x00, 0x00, 0x00, 0x2f, 0xff, 0xf2, 0x00, 0x00, 0x00, 0x00, 0x00, 0x07, 0xff, 0xfc, 0x00, 0x00,
    0x00, 0x00, 0xaf, 0xff, 0xd1, 0x00, 0x00, 0x00, 0x00, 0x04, 0xff, 0xff, 0x30, 0x00, 0x00, 0x00,
    0x01, 0xef, 0xff, 0xe4, 0x00, 0x00, 0x00, 0x07, 0xff, 0xff, 0x90, 0x00, 0x00, 0x00, 0x00, 0x03,
    0xef, 0xff, 0xfd, 0x86, 0x56, 0x9e, 0xff, 0xff, 0xb0, 0x00, 0x00, 0x00, 0x00, 0x00, 0x02, 0xdf,
    0xff, 0xff, 0xff, 0xff, 0xff, 0xff, 0xa0, 0x00, 0x00, 0x00, 0x00, 0x00, 0x00, 0x00, 0x8f, 0xff,
    0xff, 0xff, 0xff, 0xff, 0xf9, 0x00, 0x00, 0x00, 0x00, 0x00, 0x00, 0x00, 0x00, 0x16, 0xbd, 0xff,
    0xfd, 0xdf, 0xff, 0xfb, 0x10, 0x00, 0x00, 0x00, 0x00, 0x00, 0x00, 0x00, 0x00, 0x00, 0x00, 0x00,
    0x9f, 0xff, 0xfd, 0x20, 0x00, 0x00, 0x00, 0x00, 0x00, 0x00, 0x00, 0x00, 0x00, 0x00, 0x00, 0x7f,
    0xff, 0xff, 0x40, 0x00, 0x00, 0x00, 0x00, 0x00, 0x00, 0x00, 0x00, 0x00, 0x00, 0x00, 0x4f, 0xff,
    0xff, 0x10, 0x00, 0x00, 0x00, 0x00, 0x00, 0x00, 0x00, 0x00, 0x00, 0x00, 0x00, 0x3e, 0xff, 0x40,
    0x00, 0x00, 0x00, 0x00, 0x00, 0x00, 0x00, 0x00, 0x00, 0x00, 0x00, 0x00, 0x1c, 0x40, 0x00, 0x00,
    0x00, 0x08, 0xff, 0xff, 0xff, 0xff, 0xff, 0xfe, 0xb7, 0x20, 0x00, 0x00, 0x00, 0x00, 0x08, 0xff,
    0xff, 0xff, 0xff, 0xff, 0xff, 0xff, 0xfb, 0x20, 0x00, 0x00, 0x00, 0x08, 0xff, 0xff, 0xff, 0xff,
    0xff, 0xff, 0xff, 0xff, 0xf4, 0x00, 0x00, 0x00, 0x08, 0xff, 0xf8, 0x33, 0x33, 0x33, 0x47, 0xbf,
    0xff, 0xff, 0x30, 0x00, 0x00, 0x08, 0xff, 0xf6, 0x00, 0x00, 0x00, 0x00, 0x03, 0xef, 0xff, 0xc0,
    0x00, 0x00, 0x08, 0xff, 0xf6, 0x00, 0x00, 0x00, 0x00, 0x00, 0x2f, 0xff, 0xf3, 0x00, 0x00, 0x08,
    0xff, 0xf6, 0x00, 0x00, 0x00, 0x00, 0x00, 0x09, 0xff, 0xf8, 0x00, 0x00, 0x08, 0xff, 0xf6, 0x00,
    0x00, 0x00, 0x00, 0x00, 0x04, 0xff, 0xfb, 0x00, 0x00, 0x08, 0xff, 0xf6, 0x00, 0x00, 0x00, 0x00,
    0x00, 0x02, 0xff, 0xfc, 0x00, 0x00, 0x08, 0xff, 0xf6, 0x00, 0x00, 0x00, 0x00, 0x00, 0x02, 0xff,
    0xfc, 0x00, 0x00, 0x08, 0xff, 0xf6, 0x00, 0x00, 0x00, 0x00, 0x00, 0x04, 0xff, 0xfb, 0x00, 0x00,
    0x08, 0xff, 0xf6, 0x00, 0x00, 0x00, 0x00, 0x00, 0x0a, 0xff, 0xf7, 0x00, 0x00, 0x08, 0xff, 0xf6,
    0x00, 0x00, 0x00, 0x00, 0x00, 0x3f, 0xff, 0xf2, 0x00, 0x00, 0x08, 0xff, 0xf6, 0x00, 0x00, 0x00,
    0x00, 0x04, 0xef, 0xff, 0xa0, 0x00, 0x00, 0x08, 0xff, 0xf8, 0x33, 0x33, 0x33, 0x47, 0xcf, 0xff,
    0xfd, 0x10, 0x00, 0x00, 0x08, 0xff, 0xff, 0xff, 0xff, 0xff, 0xff, 0xff, 0xff, 0xd1, 0x00, 0x00,
    0x00, 0x08, 0xff, 0xff, 0xff, 0xff, 0xff, 0xff, 0xff, 0xf8, 0x00, 0x00, 0x00, 0x00, 0x08, 0xff,
    0xff, 0xff, 0xff, 0xff, 0xff, 0xff, 0x50, 0x00, 0x00, 0x00, 0x00, 0x08, 0xff, 0xf6, 0x00, 0x00,
    0x00, 0x4f, 0xff, 0xd0, 0x00, 0x00, 0x00, 0x00, 0x08, 0xff, 0xf6, 0x00, 0x00, 0x00, 0x0c, 0xff,
    0xf6, 0x00, 0x00, 0x00, 0x00, 0x08, 0xff, 0xf6, 0x00, 0x00, 0x00, 0x03, 0xff, 0xfe, 0x10, 0x00,
    0x00, 0x00, 0x08, 0xff, 0xf6, 0x00, 0x00, 0x00, 0x00, 0xaf, 0xff, 0x80, 0x00, 0x00, 0x00, 0x08,
    0xff, 0xf6, 0x00, 0x00, 0x00, 0x00, 0x2f, 0xff, 0xf2, 0x00, 0x00, 0x00, 0x08, 0xff, 0xf6, 0x00,
    0x00, 0x00, 0x00, 0x09, 0xff, 0xfa, 0x00, 0x00, 0x00, 0x08, 0xff, 0xf6, 0x00, 0x00, 0x00, 0x00,
    0x01, 0xff, 0xff, 0x30, 0x00, 0x00, 0x08, 0xff, 0xf6, 0x00, 0x00, 0x00, 0x00, 0x00, 0x8f, 0xff,
    0xc0, 0x00, 0x00, 0x08, 0xff, 0xf6, 0x00, 0x00, 0x00, 0x00, 0x00, 0x0e, 0xff, 0xf5, 0x00, 0x00,
    0x08, 0xff, 0xf6, 0x00, 0x00, 0x00, 0x00, 0x00, 0x06, 0xff, 0xfd, 0x00, 0x00, 0x08, 0xff, 0xf6,
    0x00, 0x00, 0x00, 0x00, 0x00, 0x00, 0xdf, 0xff, 0x70, 0x00, 0x08, 0xff, 0xf6, 0x00, 0x00, 0x00,
    0x00, 0x00, 0x00, 0x5f, 0xff, 0xe0, 0x00, 0x00, 0x00, 0x00, 0x5a, 0xdf, 0xff, 0xeb, 0x82, 0x00,
    0x00, 0x00, 0x00, 0x00, 0x00, 0x07, 0xef, 0xff, 0xff, 0xff, 0xff, 0xfb, 0x20, 0x00, 0x00, 0x00,
    0x00, 0x1c, 0xff, 0xff, 0xff, 0xff, 0xff, 0xff, 0xff, 0x40, 0x00, 0x00, 0x00, 0x0c, 0xff, 0xff,
    0xc7, 0x43, 0x46, 0x9f, 0xff, 0xff, 0x40, 0x00, 0x00, 0x08, 0xff, 0xfe, 0x40, 0x00, 0x00, 0x00,
    0x1b, 0xff, 0xfe, 0x00, 0x00, 0x00, 0xef, 0xff, 0x40, 0x00, 0x00, 0x00, 0x00, 0x0b, 0xff, 0xf8,
    0x00, 0x00, 0x3f, 0xff, 0xc0, 0x00, 0x00, 0x00, 0x00, 0x00, 0x2f, 0xff, 0xe0, 0x00, 0x05, 0xff,
    0xf9, 0x00, 0x00, 0x00, 0x00, 0x00, 0x00, 0xdf, 0xff, 0x20, 0x00, 0x5f, 0xff, 0x90, 0x00, 0x00,
    0x00, 0x00, 0x00, 0x0a, 0xff, 0xf4, 0x00, 0x03, 0xff, 0xfe, 0x00, 0x00, 0x00, 0x00, 0x00, 0x00,
    0x00, 0x00, 0x00, 0x00, 0x0e, 0xff, 0xfa, 0x00, 0x00, 0x00, 0x00, 0x00, 0x00, 0x00, 0x00, 0x00,
    0x00, 0x6f, 0xff, 0xfc, 0x30, 0x00, 0x00, 0x00, 0x00, 0x00, 0x00, 0x00, 0x00, 0x00, 0x9f, 0xff,
    0xff, 0xc6, 0x10, 0x00, 0x00, 0x00, 0x00, 0x00, 0x00, 0x00, 0x00, 0x7f, 0xff, 0xff, 0xff, 0xc8,
    0x20, 0x00, 0x00, 0x00, 0x00, 0x00, 0x00, 0x00, 0x2b, 0xff, 0xff, 0xff, 0xff, 0xd6, 0x00, 0x00,
    0x00, 0x00, 0x00, 0x00, 0x00, 0x03, 0x9f, 0xff, 0xff, 0xff, 0xfe, 0x60, 0x00, 0x00, 0x00, 0x00,
    0x00, 0x00, 0x00, 0x04, 0x9e, 0xff, 0xff, 0xff, 0xa0, 0x00, 0x00, 0x00, 0x00, 0x00, 0x00, 0x00,
    0x00, 0x03, 0x9f, 0xff, 0xff, 0xb0, 0x00, 0x00, 0x00, 0x00, 0x00, 0x00, 0x00, 0x00, 0x00, 0x19,
    0xff, 0xff, 0x70, 0x00, 0x00, 0x00, 0x00, 0x00, 0x00, 0x00, 0x00, 0x00, 0x07, 0xff, 0xfe, 0x00,
    0x00, 0x00, 0x00, 0x00, 0x00, 0x00, 0x00, 0x00, 0x00, 0x0e, 0xff, 0xf3, 0x00, 0x5f, 0xff, 0x90,
    0x00, 0x00, 0x00, 0x00, 0x00, 0x00, 0xaf, 0xff, 0x50, 0x03, 0xff, 0xfc, 0x00, 0x00, 0x00, 0x00,
    0x00, 0x00, 0x0a, 0xff, 0xf5, 0x00, 0x0f, 0xff, 0xf2, 0x00, 0x00, 0x00, 0x00, 0x00, 0x00, 0xdf,
    0xff, 0x30, 0x00, 0x9f, 0xff, 0xc0, 0x00, 0x00, 0x00, 0x00, 0x00, 0x5f, 0xff, 0xf0, 0x00, 0x01,
    0xef, 0xff, 0xd3, 0x00, 0x00, 0x00, 0x00, 0x5f, 0xff, 0xf8, 0x00, 0x00, 0x03, 0xff, 0xff, 0xfc,
    0x75, 0x33, 0x58, 0xdf, 0xff, 0xfd, 0x00, 0x00, 0x00, 0x02, 0xdf, 0xff, 0xff, 0xff, 0xff, 0xff,
    0xff, 0xfd, 0x10, 0x00, 0x00, 0x00, 0x00, 0x7e, 0xff, 0xff, 0xff, 0xff, 0xff, 0xf8, 0x00, 0x00,
    0x00, 0x00, 0x00, 0x00, 0x04, 0x9c, 0xef, 0xfe, 0xc9, 0x50, 0x00, 0x00, 0x00, 0x0f, 0xff, 0xff,
    0xff, 0xff, 0xff, 0xff, 0xff, 0xff, 0xff, 0xff, 0xff, 0x10, 0xff, 0xff, 0xff, 0xff, 0xff, 0xff,
    0xff, 0xff, 0xff, 0xff, 0xff, 0xf1, 0x0f, 0xff, 0xff, 0xff, 0xff, 0xff, 0xff, 0xff, 0xff, 0xff,
    0xff, 0xff, 0x10, 0x33, 0x33, 0x33, 0x33, 0x38, 0xff, 0xf9, 0x33, 0x33, 0x33, 0x33, 0x30, 0x00,
    0x00, 0x00, 0x00, 0x00, 0x6f, 0xff, 0x80, 0x00, 0x00, 0x00, 0x00, 0x00, 0x00, 0x00, 0x00, 0x00,
    0x06, 0xff, 0xf8, 0x00, 0x00, 0x00, 0x00, 0x00, 0x00, 0x00, 0x00, 0x00, 0x00, 0x6f, 0xff, 0x80,
    0x00, 0x00, 0x00, 0x00, 0x00, 0x00, 0x00, 0x00, 0x00, 0x06, 0xff, 0xf8, 0x00, 0x00, 0x00, 0x00,
    0x00, 0x00, 0x00, 0x00, 0x00, 0x00, 0x6f, 0xff, 0x80, 0x00, 0x00, 0x00, 0x00, 0x00, 0x00, 0x00,
    0x00, 0x00, 0x06, 0xff, 0xf8, 0x00, 0x00, 0x00, 0x00, 0x00, 0x00, 0x00, 0x00, 0x00, 0x00, 0x6f,
    0xff, 0x80, 0x00, 0x00, 0x00, 0x00, 0x00, 0x00, 0x00, 0x00, 0x00, 0x06, 0xff, 0xf8, 0x00, 0x00,
    0x00, 0x00, 0x00, 0x00, 0x00, 0x00, 0x00, 0x00, 0x6f, 0xff, 0x80, 0x00, 0x00, 0x00, 0x00, 0x00,
    0x00, 0x00, 0x00, 0x00, 0x06, 0xff, 0xf8, 0x00, 0x00, 0x00, 0x00, 0x00, 0x00, 0x00, 0x00, 0x00,
    0x00, 0x6f, 0xff, 0x80, 0x00, 0x00, 0x00, 0x00, 0x00, 0x00, 0x00, 0x00, 0x00, 0x06, 0xff, 0xf8,
    0x00, 0x00, 0x00, 0x00, 0x00, 0x00, 0x00, 0x00, 0x00, 0x00, 0x6f, 0xff, 0x80, 0x00, 0x00, 0x00,
    0x00, 0x00, 0x00, 0x00, 0x00, 0x00, 0x06, 0xff, 0xf8, 0x00, 0x00, 0x00, 0x00, 0x00, 0x00, 0x00,
    0x00, 0x00, 0x00, 0x6f, 0xff, 0x80, 0x00, 0x00, 0x00, 0x00, 0x00, 0x00, 0x00, 0x00, 0x00, 0x06,
    0xff, 0xf8, 0x00, 0x00, 0x00, 0x00, 0x00, 0x00, 0x00, 0x00, 0x00, 0x00, 0x6f, 0xff, 0x80, 0x00,
    0x00, 0x00, 0x00, 0x00, 0x00, 0x00, 0x00, 0x00, 0x06, 0xff, 0xf8, 0x00, 0x00, 0x00, 0x00, 0x00,
    0x00, 0x00, 0x00, 0x00, 0x00, 0x6f, 0xff, 0x80, 0x00, 0x00, 0x00, 0x00, 0x00, 0x00, 0x00, 0x00,
    0x00, 0x06, 0xff, 0xf8, 0x00, 0x00, 0x00, 0x00, 0x00, 0x00, 0x00, 0x00, 0x00, 0x00, 0x6f, 0xff,
    0x80, 0x00, 0x00, 0x00, 0x00, 0x00, 0x00, 0x00, 0x00, 0x00, 0x06, 0xff, 0xf8, 0x00, 0x00, 0x00,
    0x00, 0x00, 0x00, 0x00, 0x00, 0x00, 0x00, 0x6f, 0xff, 0x80, 0x00, 0x00, 0x00, 0x00, 0x00, 0x00,
    0x00, 0x00, 0x00, 0x06, 0xff, 0xf8, 0x00, 0x00, 0x00, 0x00, 0x00, 0x00, 0x00, 0x00, 0x00, 0x00,
    0x6f, 0xff, 0x80, 0x00, 0x00, 0x00, 0x00, 0x00, 0x00, 0x00, 0x00, 0x00, 0x06, 0xff, 0xf8, 0x00,
    0x00, 0x00, 0x00, 0x00, 0x00, 0x2f, 0xff, 0xc0, 0x00, 0x00, 0x00, 0x00, 0x00, 0x00, 0x7f, 0xff,
    0x70, 0x00, 0x02, 0xff, 0xfc, 0x00, 0x00, 0x00, 0x00, 0x00, 0x00, 0x07, 0xff, 0xf7, 0x00, 0x00,
    0x2f, 0xff, 0xc0, 0x00, 0x00, 0x00, 0x00, 0x00, 0x00, 0x7f, 0xff, 0x70, 0x00, 0x02, 0xff, 0xfc,
    0x00, 0x00, 0x00, 0x00, 0x00, 0x00, 0x07, 0xff, 0xf7, 0x00, 0x00, 0x2f, 0xff, 0xc0, 0x00, 0x00,
    0x00, 0x00, 0x00, 0x00, 0x7f, 0xff, 0x70, 0x00, 0x02, 0xff, 0xfc, 0x00, 0x00, 0x00, 0x00, 0x00,
    0x00, 0x07, 0xff, 0xf7, 0x00, 0x00, 0x2f, 0xff, 0xc0, 0x00, 0x00, 0x00, 0x00, 0x00, 0x00, 0x7f,
    0xff, 0x70, 0x00, 0x02, 0xff, 0xfc, 0x00, 0x00, 0x00, 0x00, 0x00, 0x00, 0x07, 0xff, 0xf7, 0x00,
    0x00, 0x2f, 0xff, 0xc0, 0x00, 0x00, 0x00, 0x00, 0x00, 0x00, 0x7f, 0xff, 0x70, 0x00, 0x02, 0xff,
    0xfc, 0x00, 0x00, 0x00, 0x00, 0x00, 0x00, 0x07, 0xff, 0xf7, 0x00, 0x00, 0x2f, 0xff, 0xc0, 0x00,
    0x00, 0x00, 0x00, 0x00, 0x00, 0x7f, 0xff, 0x70, 0x00, 0x02, 0xff, 0xfc, 0x00, 0x00, 0x00, 0x00,
    0x00, 0x00, 0x07, 0xff, 0xf7, 0x00, 0x00, 0x2f, 0xff, 0xc0, 0x00, 0x00, 0x00, 0x00, 0x00, 0x00,
    0x7f, 0xff, 0x70, 0x00, 0x02, 0xff, 0xfc, 0x00, 0x00, 0x00, 0x00, 0x00, 0x00, 0x07, 0xff, 0xf7,
    0x00, 0x00, 0x2f, 0xff, 0xc0, 0x00, 0x00, 0x00, 0x00, 0x00, 0x00, 0x7f, 0xff, 0x70, 0x00, 0x02,
    0xff, 0xfc, 0x00, 0x00, 0x00, 0x00, 0x00, 0x00, 0x07, 0xff, 0xf7, 0x00, 0x00, 0x2f, 0xff, 0xc0,
    0x00, 0x00, 0x00, 0x00, 0x00, 0x00, 0x7f, 0xff, 0x70, 0x00, 0x02, 0xff, 0xfc, 0x00, 0x00, 0x00,
    0x00, 0x00, 0x00, 0x07, 0xff, 0xf7, 0x00, 0x00, 0x2f, 0xff, 0xc0, 0x00, 0x00, 0x00, 0x00, 0x00,
    0x00, 0x7f, 0xff, 0x70, 0x00, 0x02, 0xff, 0xfc, 0x00, 0x00, 0x00, 0x00, 0x00, 0x00, 0x07, 0xff,
    0xf7, 0x00, 0x00, 0x1f, 0xff, 0xc0, 0x00, 0x00, 0x00, 0x00, 0x00, 0x00, 0x7f, 0xff, 0x70, 0x00,
    0x00, 0xff, 0xfe, 0x00, 0x00, 0x00, 0x00, 0x00, 0x00, 0x09, 0xff, 0xf6, 0x00, 0x00, 0x0e, 0xff,
    0xf1, 0x00, 0x00, 0x00, 0x00, 0x00, 0x00, 0xcf, 0xff, 0x30, 0x00, 0x00, 0xaf, 0xff, 0x80, 0x00,
    0x00, 0x00, 0x00, 0x00, 0x2f, 0xff, 0xf0, 0x00, 0x00, 0x04, 0xff, 0xff, 0x20, 0x00, 0x00, 0x00,
    0x00, 0x0c, 0xff, 0xf9, 0x00, 0x00, 0x00, 0x0b, 0xff, 0xfe, 0x40, 0x00, 0x00, 0x00, 0x1b, 0xff,
    0xfe, 0x10, 0x00, 0x00, 0x00, 0x1e, 0xff, 0xff, 0xc7, 0x43, 0x46, 0xaf, 0xff, 0xff, 0x40, 0x00,
    0x00, 0x00, 0x00, 0x2d, 0xff, 0xff, 0xff, 0xff, 0xff, 0xff, 0xff, 0x40, 0x00, 0x00, 0x00, 0x00,
    0x00, 0x08, 0xff, 0xff, 0xff, 0xff, 0xff, 0xfa, 0x10, 0x00, 0x00, 0x00, 0x00, 0x00, 0x00, 0x01,
    0x6a, 0xdf, 0xff, 0xeb, 0x71, 0x00, 0x00, 0x00, 0x00, 0x3f, 0xff, 0xf1, 0x00, 0x00, 0x00, 0x00,
    0x00, 0x00, 0x00, 0x04, 0xff, 0xff, 0x00, 0xdf, 0xff, 0x60, 0x00, 0x00, 0x00, 0x00, 0x00, 0x00,
    0x00, 0x9f, 0xff, 0xa0, 0x07, 0xff, 0xfb, 0x00, 0x00, 0x00, 0x00, 0x00, 0x00, 0x00, 0x0e, 0xff,
    0xf4, 0x00, 0x2f, 0xff, 0xf1, 0x00, 0x00, 0x00, 0x00, 0x00, 0x00, 0x04, 0xff, 0xfe, 0x00, 0x00,
    0xcf, 0xff, 0x60, 0x00, 0x00, 0x00, 0x00, 0x00, 0x00, 0xaf, 0xff, 0x80, 0x00, 0x06, 0xff, 0xfc,
    0x00, 0x00, 0x00, 0x00, 0x00, 0x00, 0x0f, 0xff, 0xf2, 0x00, 0x00, 0x0f, 0xff, 0xf1, 0x00, 0x00,
    0x00, 0x00, 0x00, 0x05, 0xff, 0xfc, 0x00, 0x00, 0x00, 0xaf, 0xff, 0x70, 0x00, 0x00, 0x00, 0x00,
    0x00, 0xaf, 0xff, 0x60, 0x00, 0x00, 0x04, 0xff, 0xfc, 0x00, 0x00, 0x00, 0x00, 0x00, 0x0f, 0xff,
    0xf1, 0x00, 0x00, 0x00, 0x0e, 0xff, 0xf2, 0x00, 0x00, 0x00, 0x00, 0x06, 0xff, 0xfb, 0x00, 0x00,
    0x00, 0x00, 0x8f, 0xff, 0x70, 0x00, 0x00, 0x00, 0x00, 0xbf, 0xff, 0x50, 0x00, 0x00, 0x00, 0x02,
    0xff, 0xfd, 0x00, 0x00, 0x00, 0x00, 0x1f, 0xff, 0xe0, 0x00, 0x00, 0x00, 0x00, 0x0d, 0xff, 0xf2,
    0x00, 0x00, 0x00, 0x06, 0xff, 0xf9, 0x00, 0x00, 0x00, 0x00, 0x00, 0x7f, 0xff, 0x80, 0x00, 0x00,
    0x00, 0xcf, 0xff, 0x30, 0x00, 0x00, 0x00, 0x00, 0x01, 0xff, 0xfd, 0x00, 0x00, 0x00, 0x1f, 0xff,
    0xd0, 0x00, 0x00, 0x00, 0x00, 0x00, 0x0b, 0xff, 0xf2, 0x00, 0x00, 0x07, 0xff, 0xf7, 0x00, 0x00,
    0x00, 0x00, 0x00, 0x00, 0x5f, 0xff, 0x80, 0x00, 0x00, 0xcf, 0xff, 0x10, 0x00, 0x00, 0x00, 0x00,
    0x00, 0x00, 0xff, 0xfd, 0x00, 0x00, 0x2f, 0xff, 0xb0, 0x00, 0x00, 0x00, 0x00, 0x00, 0x00, 0x09,
    0xff, 0xf3, 0x00, 0x07, 0xff, 0xf6, 0x00, 0x00, 0x00, 0x00, 0x00, 0x00, 0x00, 0x3f, 0xff, 0x80,
    0x00, 0xdf, 0xff, 0x00, 0x00, 0x00, 0x00, 0x00, 0x00, 0x00, 0x00, 0xdf, 0xfe, 0x00, 0x2f, 0xff,
    0xa0, 0x00, 0x00, 0x00, 0x00, 0x00, 0x00, 0x00, 0x08, 0xff, 0xf3, 0x08, 0xff, 0xf4, 0x00, 0x00,
    0x00, 0x00, 0x00, 0x00, 0x00, 0x00, 0x2f, 0xff, 0x90, 0xdf, 0xfe, 0x00, 0x00, 0x00, 0x00, 0x00,
    0x00, 0x00, 0x00, 0x00, 0xcf, 0xfe, 0x3f, 0xff, 0x80, 0x00, 0x00, 0x00, 0x00, 0x00, 0x00, 0x00,
    0x00, 0x06, 0xff, 0xfc, 0xff, 0xf2, 0x00, 0x00, 0x00, 0x00, 0x00, 0x00, 0x00, 0x00, 0x00, 0x1f,
    0xff, 0xff, 0xfc, 0x00, 0x00, 0x00, 0x00, 0x00, 0x00, 0x00, 0x00, 0x00, 0x00, 0xaf, 0xff, 0xff,
    0x60, 0x00, 0x00, 0x00, 0x00, 0x00, 0x00, 0x00, 0x00, 0x00, 0x04, 0xff, 0xff, 0xf1, 0x00, 0x00,
    0x00, 0x00, 0x00, 0x00, 0x00, 0x00, 0x00, 0x00, 0x0e, 0xff, 0xfb, 0x00, 0x00, 0x00, 0x00, 0x00,
    0x00, 0x00, 0x00, 0x00, 0x00, 0x00, 0x9f, 0xff, 0x50, 0x00, 0x00, 0x00, 0x00, 0x00, 0x0a, 0xff,
    0xf4, 0x00, 0x00, 0x00, 0x00, 0x00, 0x0e, 0xff, 0xa0, 0x00, 0x00, 0x00, 0x00, 0x00, 0xbf, 0xff,
    0x30, 0x6f, 0xff, 0x80, 0x00, 0x00, 0x00, 0x00, 0x02, 0xff, 0xff, 0x00, 0x00, 0x00, 0x00, 0x00,
    0x0e, 0xff, 0xf0, 0x02, 0xff, 0xfc, 0x00, 0x00, 0x00, 0x00, 0x00, 0x7f, 0xff, 0xf3, 0x00, 0x00,
    0x00, 0x00, 0x02, 0xff, 0xfc, 0x00, 0x0e, 0xff, 0xf0, 0x00, 0x00, 0x00, 0x00, 0x0b, 0xff, 0xff,
    0x80, 0x00, 0x00, 0x00, 0x00, 0x6f, 0xff, 0x80, 0x00, 0xaf, 0xff, 0x30, 0x00, 0x00, 0x00, 0x00,
    0xff, 0xff, 0xfc, 0x00, 0x00, 0x00, 0x00, 0x09, 0xff, 0xf4, 0x00, 0x06, 0xff, 0xf7, 0x00, 0x00,
    0x00, 0x00, 0x4f, 0xff, 0xff, 0xf1, 0x00, 0x00, 0x00, 0x00, 0xdf, 0xff, 0x00, 0x00, 0x3f, 0xff,
    0xa0, 0x00, 0x00, 0x00, 0x09, 0xff, 0xce, 0xff, 0x50, 0x00, 0x00, 0x00, 0x1f, 0xff, 0xc0, 0x00,
    0x00, 0xef, 0xfe, 0x00, 0x00, 0x00, 0x00, 0xdf, 0xf9, 0xbf, 0xf9, 0x00, 0x00, 0x00, 0x04, 0xff,
    0xf8, 0x00, 0x00, 0x0b, 0xff, 0xf2, 0x00, 0x00, 0x00, 0x2f, 0xff, 0x57, 0xff, 0xe0, 0x00, 0x00,
    0x00, 0x8f, 0xff, 0x50, 0x00, 0x00, 0x7f, 0xff, 0x50, 0x00, 0x00, 0x07, 0xff, 0xf1, 0x3f, 0xff,
    0x20, 0x00, 0x00, 0x0b, 0xff, 0xf1, 0x00, 0x00, 0x03, 0xff, 0xf9, 0x00, 0x00, 0x00, 0xbf, 0xfc,
    0x00, 0xef, 0xf7, 0x00, 0x00, 0x00, 0xff, 0xfd, 0x00, 0x00, 0x00, 0x0f, 0xff, 0xd0, 0x00, 0x00,
    0x0f, 0xff, 0x70, 0x0a, 0xff, 0xb0, 0x00, 0x00, 0x3f, 0xff, 0x90, 0x00, 0x00, 0x00, 0xbf, 0xff,
    0x10, 0x00, 0x04, 0xff, 0xf2, 0x00, 0x5f, 0xff, 0x00, 0x00, 0x06, 0xff, 0xf5, 0x00, 0x00, 0x00,
    0x07, 0xff, 0xf4, 0x00, 0x00, 0x9f, 0xfe, 0x00, 0x01, 0xff, 0xf4, 0x00, 0x00, 0xaf, 0xff, 0x10,
    0x00, 0x00, 0x00, 0x4f, 0xff, 0x80, 0x00, 0x0d, 0xff, 0x90, 0x00, 0x0c, 0xff, 0x80, 0x00, 0x0d,
    0xff, 0xd0, 0x00, 0x00, 0x00, 0x00, 0xff, 0xfc, 0x00, 0x02, 0xff, 0xf4, 0x00, 0x00, 0x8f, 0xfd,
    0x00, 0x01, 0xff, 0xfa, 0x00, 0x00, 0x00, 0x00, 0x0c, 0xff, 0xf0, 0x00, 0x6f, 0xff, 0x00, 0x00,
    0x04, 0xff, 0xf1, 0x00, 0x5f, 0xff, 0x60, 0x00, 0x00, 0x00, 0x00, 0x8f, 0xff, 0x30, 0x0b, 0xff,
    0xb0, 0x00, 0x00, 0x0f, 0xff, 0x50, 0x08, 0xff, 0xf2, 0x00, 0x00, 0x00, 0x00, 0x04, 0xff, 0xf7,
    0x00, 0xff, 0xf6, 0x00, 0x00, 0x00, 0xbf, 0xfa, 0x00, 0xcf, 0xfe, 0x00, 0x00, 0x00, 0x00, 0x00,
    0x0f, 0xff, 0xa0, 0x4f, 0xff, 0x20, 0x00, 0x00, 0x06, 0xff, 0xe0, 0x0f, 0xff, 0xa0, 0x00, 0x00,
    0x00, 0x00, 0x00, 0xcf, 0xfe, 0x08, 0xff, 0xd0, 0x00, 0x00, 0x00, 0x1f, 0xff, 0x33, 0xff, 0xf6,
    0x00, 0x00, 0x00, 0x00, 0x00, 0x09, 0xff, 0xf0, 0xcf, 0xf8, 0x00, 0x00, 0x00, 0x00, 0xdf, 0xf7,
    0x6f, 0xff, 0x30, 0x00, 0x00, 0x00, 0x00, 0x00, 0x5f, 0xff, 0x4f, 0xff, 0x40, 0x00, 0x00, 0x00,
    0x09, 0xff, 0xa8, 0xff, 0xf0, 0x00, 0x00, 0x00, 0x00, 0x00, 0x01, 0xff, 0xf9, 0xff, 0xf0, 0x00,
    0x00, 0x00, 0x00, 0x4f, 0xfe, 0xaf, 0xfb, 0x00, 0x00, 0x00, 0x00, 0x00, 0x00, 0x0d, 0xff, 0xff,
    0xfa, 0x00, 0x00, 0x00, 0x00, 0x00, 0xff, 0xff, 0xff, 0x70, 0x00, 0x00, 0x00, 0x00, 0x00, 0x00,
    0x9f, 0xff, 0xff, 0x60, 0x00, 0x00, 0x00, 0x00, 0x0b, 0xff, 0xff, 0xf3, 0x00, 0x00, 0x00, 0x00,
    0x00, 0x00, 0x05, 0xff, 0xff, 0xf1, 0x00, 0x00, 0x00, 0x00, 0x00, 0x7f, 0xff, 0xff, 0x00, 0x00,
    0x00, 0x00, 0x00, 0x00, 0x00, 0x1f, 0xff, 0xfc, 0x00, 0x00, 0x00, 0x00, 0x00, 0x02, 0xff, 0xff,
    0xb0, 0x00, 0x00, 0x00, 0x00, 0x00, 0x00, 0x00, 0xef, 0xff, 0x80, 0x00, 0x00, 0x00, 0x00, 0x00,
    0x0e, 0xff, 0xf8, 0x00, 0x00, 0x00, 0x00, 0x00, 0x00, 0x00, 0x0a, 0xff, 0xf3, 0x00, 0x00, 0x00,
    0x00, 0x00, 0x00, 0x9f, 0xff, 0x40, 0x00, 0x00, 0x00, 0x04, 0xff, 0xff, 0x50, 0x00, 0x00, 0x00,
    0x00, 0x00, 0x00, 0xef, 0xff, 0xa0, 0x00, 0xaf, 0xff, 0xe1, 0x00, 0x00, 0x00, 0x00, 0x00, 0x08,
    0xff, 0xff, 0x10, 0x00, 0x1e, 0xff, 0xf9, 0x00, 0x00, 0x00, 0x00, 0x00, 0x3f, 0xff, 0xf6, 0x00,
    0x00, 0x05, 0xff, 0xff, 0x30, 0x00, 0x00, 0x00, 0x00, 0xcf, 0xff, 0xc0, 0x00, 0x00, 0x00, 0xbf,
    0xff, 0xd0, 0x00, 0x00, 0x00, 0x06, 0xff, 0xff, 0x20, 0x00, 0x00, 0x00, 0x2f, 0xff, 0xf7, 0x00,
    0x00, 0x00, 0x1f, 0xff, 0xf8, 0x00, 0x00, 0x00, 0x00, 0x07, 0xff, 0xff, 0x10, 0x00, 0x00, 0xaf,
    0xff, 0xd0, 0x00, 0x00, 0x00, 0x00, 0x00, 0xcf, 0xff, 0xb0, 0x00, 0x04, 0xff, 0xff, 0x30, 0x00,
    0x00, 0x00, 0x00, 0x00, 0x3f, 0xff, 0xf5, 0x00, 0x0e, 0xff, 0xf9, 0x00, 0x00, 0x00, 0x00, 0x00,
    0x00, 0x08, 0xff, 0xfe, 0x00, 0x8f, 0xff, 0xe1, 0x00, 0x00, 0x00, 0x00, 0x00, 0x00, 0x00, 0xef,
    0xff, 0x93, 0xff, 0xff, 0x50, 0x00, 0x00, 0x00, 0x00, 0x00, 0x00, 0x00, 0x4f, 0xff, 0xfd, 0xff,
    0xfb, 0x00, 0x00, 0x00, 0x00, 0x00, 0x00, 0x00, 0x00, 0x0a, 0xff, 0xff, 0xff, 0xf1, 0x00, 0x00,
    0x00, 0x00, 0x00, 0x00, 0x00, 0x00, 0x01, 0xef, 0xff, 0xff, 0x60, 0x00, 0x00, 0x00, 0x00, 0x00,
    0x00, 0x00, 0x00, 0x00, 0x6f, 0xff, 0xfc, 0x00, 0x00, 0x00, 0x00, 0x00, 0x00, 0x00, 0x00, 0x00,
    0x00, 0x9f, 0xff, 0xfe, 0x10, 0x00, 0x00, 0x00, 0x00, 0x00, 0x00, 0x00, 0x00, 0x03, 0xff, 0xff,
    0xff, 0x90, 0x00, 0x00, 0x00, 0x00, 0x00, 0x00, 0x00, 0x00, 0x0d, 0xff, 0xff, 0xff, 0xf4, 0x00,
    0x00, 0x00, 0x00, 0x00, 0x00, 0x00, 0x00, 0x7f, 0xff, 0xfb, 0xff, 0xfd, 0x00, 0x00, 0x00, 0x00,
    0x00, 0x00, 0x00, 0x02, 0xff, 0xff, 0x71, 0xff, 0xff, 0x80, 0x00, 0x00, 0x00, 0x00, 0x00, 0x00,
    0x0b, 0xff, 0xfc, 0x00, 0x6f, 0xff, 0xf2, 0x00, 0x00, 0x00, 0x00, 0x00, 0x00, 0x6f, 0xff, 0xf3,
    0x00, 0x0c, 0xff, 0xfc, 0x00, 0x00, 0x00, 0x00, 0x00, 0x01, 0xff, 0xff, 0x80, 0x00, 0x02, 0xff,
    0xff, 0x60, 0x00, 0x00, 0x00, 0x00, 0x0a, 0xff, 0xfe, 0x00, 0x00, 0x00, 0x8f, 0xff, 0xf1, 0x00,
    0x00, 0x00, 0x00, 0x4f, 0xff, 0xf4, 0x00, 0x00, 0x00, 0x0d, 0xff, 0xfb, 0x00, 0x00, 0x00, 0x00,
    0xef, 0xff, 0xa0, 0x00, 0x00, 0x00, 0x04, 0xff, 0xff, 0x50, 0x00, 0x00, 0x09, 0xff, 0xff, 0x10,
    0x00, 0x00, 0x00, 0x00, 0xaf, 0xff, 0xe1, 0x00, 0x00, 0x3f, 0xff, 0xf6, 0x00, 0x00, 0x00, 0x00,
    0x00, 0x1e, 0xff, 0xfa, 0x00, 0x00, 0xdf, 0xff, 0xc0, 0x00, 0x00, 0x00, 0x00, 0x00, 0x06, 0xff,
    0xff, 0x40, 0x07, 0xff, 0xff, 0x20, 0x00, 0x00, 0x00, 0x00, 0x00, 0x00, 0xbf, 0xff, 0xd0, 0x6f,
    0xff, 0xf2, 0x00, 0x00, 0x00, 0x00, 0x00, 0x00, 0x00, 0xdf, 0xff, 0x90, 0xdf, 0xff, 0x90, 0x00,
    0x00, 0x00, 0x00, 0x00, 0x00, 0x6f, 0xff, 0xf1, 0x05, 0xff, 0xff, 0x20, 0x00, 0x00, 0x00, 0x00,
    0x00, 0x0e, 0xff, 0xf7, 0x00, 0x0c, 0xff, 0xfa, 0x00, 0x00, 0x00, 0x00, 0x00, 0x07, 0xff, 0xfe,
    0x00, 0x00, 0x3f, 0xff, 0xf2, 0x00, 0x00, 0x00, 0x00, 0x00, 0xef, 0xff, 0x60, 0x00, 0x00, 0xaf,
    0xff, 0xa0, 0x00, 0x00, 0x00, 0x00, 0x7f, 0xff, 0xd0, 0x00, 0x00, 0x02, 0xff, 0xff, 0x30, 0x00,
    0x00, 0x00, 0x1e, 0xff, 0xf4, 0x00, 0x00, 0x00, 0x09, 0xff, 0xfb, 0x00, 0x00, 0x00, 0x08, 0xff,
    0xfc, 0x00, 0x00, 0x00, 0x00, 0x1f, 0xff, 0xf3, 0x00, 0x00, 0x01, 0xff, 0xff, 0x30, 0x00, 0x00,
    0x00, 0x00, 0x7f, 0xff, 0xb0, 0x00, 0x00, 0x8f, 0xff, 0xa0, 0x00, 0x00, 0x00, 0x00, 0x00, 0xef,
    0xff, 0x30, 0x00, 0x1f, 0xff, 0xf2, 0x00, 0x00, 0x00, 0x00, 0x00, 0x06, 0xff, 0xfc, 0x00, 0x09,
    0xff, 0xf9, 0x00, 0x00, 0x00, 0x00, 0x00, 0x00, 0x0d, 0xff, 0xf4, 0x01, 0xff, 0xff, 0x10, 0x00,
    0x00, 0x00, 0x00, 0x00, 0x00, 0x4f, 0xff, 0xc0, 0x9f, 0xff, 0x70, 0x00, 0x00, 0x00, 0x00, 0x00,
    0x00, 0x00, 0xbf, 0xff, 0x7f, 0xff, 0xe0, 0x00, 0x00, 0x00, 0x00, 0x00, 0x00, 0x00, 0x03, 0xff,
    0xff, 0xff, 0xf5, 0x00, 0x00, 0x00, 0x00, 0x00, 0x00, 0x00, 0x00, 0x0a, 0xff, 0xff, 0xfd, 0x00,
    0x00, 0x00, 0x00, 0x00, 0x00, 0x00, 0x00, 0x00, 0x2f, 0xff, 0xff, 0x40, 0x00, 0x00, 0x00, 0x00,
    0x00, 0x00, 0x00, 0x00, 0x00, 0x9f, 0xff, 0xb0, 0x00, 0x00, 0x00, 0x00, 0x00, 0x00, 0x00, 0x00,
    0x00, 0x06, 0xff, 0xf9, 0x00, 0x00, 0x00, 0x00, 0x00, 0x00, 0x00, 0x00, 0x00, 0x00, 0x6f, 0xff,
    0x90, 0x00, 0x00, 0x00, 0x00, 0x00, 0x00, 0x00, 0x00, 0x00, 0x06, 0xff, 0xf9, 0x00, 0x00, 0x00,
    0x00, 0x00, 0x00, 0x00, 0x00, 0x00, 0x00, 0x6f, 0xff, 0x90, 0x00, 0x00, 0x00, 0x00, 0x00, 0x00,
    0x00, 0x00, 0x00, 0x06, 0xff, 0xf9, 0x00, 0x00, 0x00, 0x00, 0x00, 0x00, 0x00, 0x00, 0x00, 0x00,
    0x6f, 0xff, 0x90, 0x00, 0x00, 0x00, 0x00, 0x00, 0x00, 0x00, 0x00, 0x00, 0x06, 0xff, 0xf9, 0x00,
    0x00, 0x00, 0x00, 0x00, 0x00, 0x00, 0x00, 0x00, 0x00, 0x6f, 0xff, 0x90, 0x00, 0x00, 0x00, 0x00,
    0x00, 0x00, 0x00, 0x00, 0x00, 0x06, 0xff, 0xf9, 0x00, 0x00, 0x00, 0x00, 0x00, 0x00, 0x00, 0x00,
    0x00, 0x00, 0x6f, 0xff, 0x90, 0x00, 0x00, 0x00, 0x00, 0x00, 0x00, 0x00, 0x00, 0x00, 0x06, 0xff,
    0xf9, 0x00, 0x00, 0x00, 0x00, 0x00, 0x00, 0xff, 0xff, 0xff, 0xff, 0xff, 0xff, 0xff, 0xff, 0xff,
    0xff, 0xd0, 0x00, 0x0f, 0xff, 0xff, 0xff, 0xff, 0xff, 0xff, 0xff, 0xff, 0xff, 0xfd, 0x00, 0x00,
    0xff, 0xff, 0xff, 0xff, 0xff, 0xff, 0xff, 0xff, 0xff, 0xff, 0xd0, 0x00, 0x03, 0x33, 0x33, 0x33,
    0x33, 0x33, 0x33, 0x33, 0x5f, 0xff, 0xf6, 0x00, 0x00, 0x00, 0x00, 0x00, 0x00, 0x00, 0x00, 0x00,
    0x0b, 0xff, 0xfb, 0x00, 0x00, 0x00, 0x00, 0x00, 0x00, 0x00, 0x00, 0x00, 0x06, 0xff, 0xfe, 0x10,
    0x00, 0x00, 0x00, 0x00, 0x00, 0x00, 0x00, 0x00, 0x02, 0xff, 0xff, 0x50, 0x00, 0x00, 0x00, 0x00,
    0x00, 0x00, 0x00, 0x00, 0x00, 0xcf, 0xff, 0xa0, 0x00, 0x00, 0x00, 0x00, 0x00, 0x00, 0x00, 0x00,
    0x00, 0x7f, 0xff, 0xe1, 0x00, 0x00, 0x00, 0x00, 0x00, 0x00, 0x00, 0x00, 0x00, 0x2f, 0xff, 0xf4,
    0x00, 0x00, 0x00, 0x00, 0x00, 0x00, 0x00, 0x00, 0x00, 0x0d, 0xff, 0xf9, 0x00, 0x00, 0x00, 0x00,
    0x00, 0x00, 0x00, 0x00, 0x00, 0x08, 0xff, 0xfd, 0x00, 0x00, 0x00, 0x00, 0x00, 0x00, 0x00, 0x00,
    0x00, 0x03, 0xff, 0xff, 0x30, 0x00, 0x00, 0x00, 0x00, 0x00, 0x00, 0x00, 0x00, 0x00, 0xdf, 0xff,
    0x80, 0x00, 0x00, 0x00, 0x00, 0x00, 0x00, 0x00, 0x00, 0x00, 0x9f, 0xff, 0xd0, 0x00, 0x00, 0x00,
    0x00, 0x00, 0x00, 0x00, 0x00, 0x00, 0x4f, 0xff, 0xf3, 0x00, 0x00, 0x00, 0x00, 0x00, 0x00, 0x00,
    0x00, 0x00, 0x1e, 0xff, 0xf7, 0x00, 0x00, 0x00, 0x00, 0x00, 0x00, 0x00, 0x00, 0x00, 0x0a, 0xff,
    0xfc, 0x00, 0x00, 0x00, 0x00, 0x00, 0x00, 0x00, 0x00, 0x00, 0x05, 0xff, 0xff, 0x20, 0x00, 0x00,
    0x00, 0x00, 0x00, 0x00, 0x00, 0x00, 0x01, 0xef, 0xff, 0x60, 0x00, 0x00, 0x00, 0x00, 0x00, 0x00,
    0x00, 0x00, 0x00, 0xbf, 0xff, 0xb0, 0x00, 0x00, 0x00, 0x00, 0x00, 0x00, 0x00, 0x00, 0x00, 0x6f,
    0xff, 0xf1, 0x00, 0x00, 0x00, 0x00, 0x00, 0x00, 0x00, 0x00, 0x00, 0x2f, 0xff, 0xf5, 0x00, 0x00,
    0x00, 0x00, 0x00, 0x00, 0x00, 0x00, 0x00, 0x0c, 0xff, 0xfa, 0x00, 0x00, 0x00, 0x00, 0x00, 0x00,
    0x00, 0x00, 0x00, 0x07, 0xff, 0xfe, 0x10, 0x00, 0x00, 0x00, 0x00, 0x00, 0x00, 0x00, 0x00, 0x02,
    0xff, 0xff, 0x50, 0x00, 0x00, 0x00, 0x00, 0x00, 0x00, 0x00, 0x00, 0x00, 0xdf, 0xff, 0xc3, 0x33,
    0x33, 0x33, 0x33, 0x33, 0x33, 0x33, 0x31, 0x00, 0x3f, 0xff, 0xff, 0xff, 0xff, 0xff, 0xff, 0xff,
    0xff, 0xff, 0xff, 0x80, 0x03, 0xff, 0xff, 0xff, 0xff, 0xff, 0xff, 0xff, 0xff, 0xff, 0xff, 0xf8,
    0x00, 0x3f, 0xff, 0xff, 0xff, 0xff, 0xff, 0xff, 0xff, 0xff, 0xff, 0xff, 0x80, 0x00, 0x0f, 0xff,
    0xff, 0xff, 0xb0, 0x00, 0xff, 0xff, 0xff, 0xfb, 0x00, 0x0f, 0xff, 0xff, 0xff, 0xb0, 0x00, 0xff,
    0xfd, 0x11, 0x11, 0x00, 0x0f, 0xff, 0xd0, 0x00, 0x00, 0x00, 0xff, 0xfd, 0x00, 0x00, 0x00, 0x0f,
    0xff, 0xd0, 0x00, 0x00, 0x00, 0xff, 0xfd, 0x00, 0x00, 0x00, 0x0f, 0xff, 0xd0, 0x00, 0x00, 0x00,
    0xff, 0xfd, 0x00, 0x00, 0x00, 0x0f, 0xff, 0xd0, 0x00, 0x00, 0x00, 0xff, 0xfd, 0x00, 0x00, 0x00,
    0x0f, 0xff, 0xd0, 0x00, 0x00, 0x00, 0xff, 0xfd, 0x00, 0x00, 0x00, 0x0f, 0xff, 0xd0, 0x00, 0x00,
    0x00, 0xff, 0xfd, 0x00, 0x00, 0x00, 0x0f, 0xff, 0xd0, 0x00, 0x00, 0x00, 0xff, 0xfd, 0x00, 0x00,
    0x00, 0x0f, 0xff, 0xd0, 0x00, 0x00, 0x00, 0xff, 0xfd, 0x00, 0x00, 0x00, 0x0f, 0xff, 0xd0, 0x00,
    0x00, 0x00, 0xff, 0xfd, 0x00, 0x00, 0x00, 0x0f, 0xff, 0xd0, 0x00, 0x00, 0x00, 0xff, 0xfd, 0x00,
    0x00, 0x00, 0x0f, 0xff, 0xd0, 0x00, 0x00, 0x00, 0xff, 0xfd, 0x00, 0x00, 0x00, 0x0f, 0xff, 0xd0,
    0x00, 0x00, 0x00, 0xff, 0xfd, 0x00, 0x00, 0x00, 0x0f, 0xff, 0xd0, 0x00, 0x00, 0x00, 0xff, 0xfd,
    0x00, 0x00, 0x00, 0x0f, 0xff, 0xd0, 0x00, 0x00, 0x00, 0xff, 0xfd, 0x00, 0x00, 0x00, 0x0f, 0xff,
    0xd0, 0x00, 0x00, 0x00, 0xff, 0xfd, 0x00, 0x00, 0x00, 0x0f, 0xff, 0xd0, 0x00, 0x00, 0x00, 0xff,
    0xfd, 0x00, 0x00, 0x00, 0x0f, 0xff, 0xd2, 0x22, 0x10, 0x00, 0xff, 0xff, 0xff, 0xfb, 0x00, 0x0f,
    0xff, 0xff, 0xff, 0xb0, 0x00, 0xff, 0xff, 0xff, 0xfb, 0x0f, 0xff, 0xa0, 0x00, 0x00, 0x00, 0x00,
    0x00, 0x00, 0x9f, 0xff, 0x00, 0x00, 0x00, 0x00, 0x00, 0x00, 0x03, 0xff, 0xf6, 0x00, 0x00, 0x00,
    0x00, 0x00, 0x00, 0x0d, 0xff, 0xc0, 0x00, 0x00, 0x00, 0x00, 0x00, 0x00, 0x7f, 0xff, 0x20, 0x00,
    0x00, 0x00, 0x00, 0x00, 0x01, 0xff, 0xf8, 0x00, 0x00, 0x00, 0x00, 0x00, 0x00, 0x0b, 0xff, 0xe0,
    0x00, 0x00, 0x00, 0x00, 0x00, 0x00, 0x5f, 0xff, 0x40, 0x00, 0x00, 0x00, 0x00, 0x00, 0x00, 0xef,
    0xfa, 0x00, 0x00, 0x00, 0x00, 0x00, 0x00, 0x09, 0xff, 0xf1, 0x00, 0x00, 0x00, 0x00, 0x00, 0x00,
    0x3f, 0xff, 0x60, 0x00, 0x00, 0x00, 0x00, 0x00, 0x00, 0xdf, 0xfc, 0x00, 0x00, 0x00, 0x00, 0x00,
    0x00, 0x07, 0xff, 0xf2, 0x00, 0x00, 0x00, 0x00, 0x00, 0x00, 0x1f, 0xff, 0x80, 0x00, 0x00, 0x00,
    0x00, 0x00, 0x00, 0xaf, 0xfe, 0x00, 0x00, 0x00, 0x00, 0x00, 0x00, 0x04, 0xff, 0xf5, 0x00, 0x00,
    0x00, 0x00, 0x00, 0x00, 0x0e, 0xff, 0xb0, 0x00, 0x00, 0x00, 0x00, 0x00, 0x00, 0x8f, 0xff, 0x10,
    0x00, 0x00, 0x00, 0x00, 0x00, 0x02, 0xff, 0xf7, 0x00, 0x00, 0x00, 0x00, 0x00, 0x00, 0x0c, 0xff,
    0xd0, 0x00, 0x00, 0x00, 0x00, 0x00, 0x00, 0x6f, 0xff, 0x30, 0x00, 0x00, 0x00, 0x00, 0x00, 0x01,
    0xff, 0xf9, 0x00, 0x00, 0x00, 0x00, 0x00, 0x00, 0x0a, 0xff, 0xe0, 0x00, 0x00, 0x00, 0x00, 0x00,
    0x00, 0x4f, 0xff, 0x50, 0x00, 0x00, 0x00, 0x00, 0x00, 0x00, 0xef, 0xfb, 0x00, 0x00, 0x00, 0x00,
    0x00, 0x00, 0x08, 0xff, 0xf1, 0x00, 0x00, 0x00, 0x00, 0x00, 0x00, 0x2f, 0xff, 0x70, 0x00, 0x00,
    0x00, 0x00, 0x00, 0x00, 0xcf, 0xfd, 0x00, 0x00, 0x00, 0x00, 0x00, 0x00, 0x06, 0xff, 0xf3, 0x00,
    0x00, 0x00, 0x00, 0x00, 0x00, 0x0f, 0xff, 0x90, 0x00, 0x00, 0x00, 0x00, 0x00, 0x00, 0xaf, 0xff,
    0x00, 0x00, 0x00, 0x00, 0x00, 0x00, 0x04, 0xff, 0xf5, 0x00, 0x00, 0x00, 0x00, 0x00, 0x00, 0x0d,
    0xff, 0xb0, 0xcf, 0xff, 0xff, 0xff, 0x00, 0x0c, 0xff, 0xff, 0xff, 0xf0, 0x00, 0xcf, 0xff, 0xff,
    0xff, 0x00, 0x01, 0x11, 0x1e, 0xff, 0xf0, 0x00, 0x00, 0x00, 0xdf, 0xff, 0x00, 0x00, 0x00, 0x0d,
    0xff, 0xf0, 0x00, 0x00, 0x00, 0xdf, 0xff, 0x00, 0x00, 0x00, 0x0d, 0xff, 0xf0, 0x00, 0x00, 0x00,
    0xdf, 0xff, 0x00, 0x00, 0x00, 0x0d, 0xff, 0xf0, 0x00, 0x00, 0x00, 0xdf, 0xff, 0x00, 0x00, 0x00,
    0x0d, 0xff, 0xf0, 0x00, 0x00, 0x00, 0xdf, 0xff, 0x00, 0x00, 0x00, 0x0d, 0xff, 0xf0, 0x00, 0x00,
    0x00, 0xdf, 0xff, 0x00, 0x00, 0x00, 0x0d, 0xff, 0xf0, 0x00, 0x00, 0x00, 0xdf, 0xff, 0x00, 0x00,
    0x00, 0x0d, 0xff, 0xf0, 0x00, 0x00, 0x00, 0xdf, 0xff, 0x00, 0x00, 0x00, 0x0d, 0xff, 0xf0, 0x00,
    0x00, 0x00, 0xdf, 0xff, 0x00, 0x00, 0x00, 0x0d, 0xff, 0xf0, 0x00, 0x00, 0x00, 0xdf, 0xff, 0x00,
    0x00, 0x00, 0x0d, 0xff, 0xf0, 0x00, 0x00, 0x00, 0xdf, 0xff, 0x00, 0x00, 0x00, 0x0d, 0xff, 0xf0,
    0x00, 0x00, 0x00, 0xdf, 0xff, 0x00, 0x00, 0x00, 0x0d, 0xff, 0xf0, 0x00, 0x00, 0x00, 0xdf, 0xff,
    0x00, 0x00, 0x00, 0x0d, 0xff, 0xf0, 0x00, 0x00, 0x00, 0xdf, 0xff, 0x00, 0x00, 0x00, 0x0d, 0xff,
    0xf0, 0x00, 0x00, 0x00, 0xdf, 0xff, 0x00, 0x00, 0x00, 0x0d, 0xff, 0xf0, 0x00, 0x00, 0x00, 0xdf,
    0xff, 0x00, 0x00, 0x00, 0x0d, 0xff, 0xf0, 0x00, 0x12, 0x22, 0xef, 0xff, 0x00, 0x0c, 0xff, 0xff,
    0xff, 0xf0, 0x00, 0xcf, 0xff, 0xff, 0xff, 0x00, 0x0c, 0xff, 0xff, 0xff, 0xf0, 0x00, 0x00, 0x00,
    0x00, 0x0c, 0xff, 0x40, 0x00, 0x00, 0x00, 0x00, 0x00, 0x00, 0x2f, 0xff, 0xa0, 0x00, 0x00, 0x00,
    0x00, 0x00, 0x00, 0x9f, 0xff, 0xf1, 0x00, 0x00, 0x00, 0x00, 0x00, 0x00, 0xff, 0xff, 0xf7, 0x00,
    0x00, 0x00, 0x00, 0x00, 0x06, 0xff, 0xff, 0xfe, 0x00, 0x00, 0x00, 0x00, 0x00, 0x0c, 0xff, 0xaf,
    0xff, 0x40, 0x00, 0x00, 0x00, 0x00, 0x3f, 0xff, 0x2a, 0xff, 0xb0, 0x00, 0x00, 0x00, 0x00, 0xaf,
    0xfc, 0x04, 0xff, 0xf2, 0x00, 0x00, 0x00, 0x01, 0xff, 0xf6, 0x00, 0xef, 0xf8, 0x00, 0x00, 0x00,
    0x07, 0xff, 0xf0, 0x00, 0x7f, 0xfe, 0x00, 0x00, 0x00, 0x0d, 0xff, 0x90, 0x00, 0x1f, 0xff, 0x50,
    0x00, 0x00, 0x4f, 0xff, 0x30, 0x00, 0x0b, 0xff, 0xc0, 0x00, 0x00, 0xaf, 0xfd, 0x00, 0x00, 0x05,
    0xff, 0xf2, 0x00, 0x01, 0xff, 0xf6, 0x00, 0x00, 0x00, 0xef, 0xf9, 0x00, 0x07, 0xff, 0xf1, 0x00,
    0x00, 0x00, 0x8f, 0xff, 0x00, 0x00, 0x00, 0x00, 0x00, 0x00, 0x00, 0x00, 0x00, 0x00, 0x00, 0x00,
    0x00, 0x00, 0x00, 0x00, 0x00, 0x00, 0x00, 0x00, 0x00, 0x00, 0x00, 0x00, 0x00, 0x00, 0x00, 0x00,
    0x00, 0x00, 0x00, 0x00, 0x00, 0x00, 0x00, 0x00, 0x00, 0x00, 0x00, 0x00, 0x00, 0x00, 0x00, 0x00,
    0x00, 0x00, 0x00, 0x00, 0x00, 0x00, 0x00, 0x00, 0x00, 0x00, 0x00, 0x00, 0x00, 0x00, 0x00, 0x00,
    0x00, 0x00, 0x00, 0x00, 0x00, 0x00, 0x00, 0x00, 0x00, 0x00, 0x00, 0x00, 0x00, 0x00, 0x00, 0x00,
    0x00, 0x00, 0x00, 0x00, 0x00, 0x00, 0x00, 0x00, 0x00, 0x00, 0x00, 0x00, 0x00, 0x00, 0x00, 0x00,
    0x00, 0x00, 0x00, 0x00, 0x00, 0x00, 0x00, 0x00, 0x00, 0x00, 0x00, 0x00, 0x00, 0x00, 0x00, 0x00,
    0x00, 0x00, 0x00, 0x00, 0x00, 0x00, 0x00, 0x00, 0x00, 0x00, 0x00, 0x00, 0x00, 0x00, 0x00, 0x00,
    0x00, 0x00, 0x00, 0x00, 0x00, 0x00, 0x00, 0x00, 0x00, 0x00, 0x00, 0x00, 0xef, 0xff, 0xff, 0xff,
    0xff, 0xff, 0xff, 0xff, 0xff, 0xee, 0xff, 0xff, 0xff, 0xff, 0xff, 0xff, 0xff, 0xff, 0xfe, 0xef,
    0xff, 0xff, 0xff, 0xff, 0xff, 0xff, 0xff, 0xff, 0xe1, 0x22, 0x22, 0x22, 0x22, 0x22, 0x22, 0x22,
    0x22, 0x21, 0x06, 0xff, 0xff, 0x20, 0x00, 0x00, 0x00, 0x08, 0xff, 0xfc, 0x00, 0x00, 0x00, 0x00,
    0x0a, 0xff, 0xf6, 0x00, 0x00, 0x00, 0x00, 0x0b, 0xff, 0xf1, 0x00, 0x00, 0x00, 0x00, 0x0c, 0xff,
    0xb0, 0x00, 0x00, 0x00, 0x00, 0x1e, 0xff, 0x60, 0x00, 0x00, 0x00, 0x00, 0x00, 0x00, 0x00, 0x00,
    0x00, 0x00, 0x00, 0x00, 0x00, 0x00, 0x00, 0x00, 0x00, 0x00, 0x00, 0x00, 0x00, 0x00, 0x00, 0x00,
    0x00, 0x00, 0x00, 0x00, 0x00, 0x00, 0x00, 0x00, 0x00, 0x00, 0x00, 0x00, 0x00, 0x00, 0x00, 0x00,
    0x00, 0x00, 0x00, 0x00, 0x00, 0x00, 0x00, 0x00, 0x00, 0x00, 0x00, 0x00, 0x00, 0x00, 0x00, 0x00,
    0x00, 0x00, 0x00, 0x00, 0x00, 0x00, 0x00, 0x00, 0x00, 0x00, 0x00, 0x00, 0x00, 0x00, 0x00, 0x00,
    0x00, 0x00, 0x00, 0x00, 0x00, 0x00, 0x00, 0x00, 0x00, 0x00, 0x00, 0x00, 0x00, 0x00, 0x00, 0x00,
    0x00, 0x00, 0x00, 0x00, 0x00, 0x00, 0x00, 0x00, 0x00, 0x00, 0x00, 0x00, 0x00, 0x00, 0x00, 0x00,
    0x00, 0x00, 0x00, 0x00, 0x00, 0x00, 0x00, 0x00, 0x00, 0x00, 0x00, 0x00, 0x00, 0x00, 0x00, 0x00,
    0x00, 0x00, 0x00, 0x00, 0x00, 0x00, 0x00, 0x00, 0x00, 0x00, 0x00, 0x00, 0x00, 0x00, 0x00, 0x00,
    0x00, 0x00, 0x00, 0x00, 0x00, 0x00, 0x00, 0x00, 0x00, 0x00, 0x00, 0x00, 0x00, 0x00, 0x00, 0x00,
    0x00, 0x00, 0x00, 0x00, 0x00, 0x00, 0x00, 0x00, 0x00, 0x00, 0x00, 0x00, 0x00, 0x00, 0x00, 0x04,
    0x9d, 0xff, 0xfd, 0xa5, 0x00, 0x00, 0x00, 0x00, 0x00, 0x00, 0x3d, 0xff, 0xff, 0xff, 0xff, 0xfd,
    0x30, 0x00, 0x00, 0x00, 0x00, 0x5f, 0xff, 0xff, 0xff, 0xff, 0xff, 0xff, 0x30, 0x00, 0x00, 0x00,
    0x3f, 0xff, 0xfb, 0x41, 0x12, 0x6e, 0xff, 0xfd, 0x00, 0x00, 0x00, 0x0c, 0xff, 0xf6, 0x00, 0x00,
    0x00, 0x1d, 0xff, 0xf5, 0x00, 0x00, 0x02, 0xff, 0xfb, 0x00, 0x00, 0x00, 0x00, 0x5f, 0xff, 0x90,
    0x00, 0x00, 0x29, 0x99, 0x40, 0x00, 0x00, 0x00, 0x01, 0xff, 0xfb, 0x00, 0x00, 0x00, 0x00, 0x00,
    0x00, 0x00, 0x00, 0x00, 0x0f, 0xff, 0xc0, 0x00, 0x00, 0x00, 0x00, 0x00, 0x00, 0x00, 0x00, 0x00,
    0xff, 0xfc, 0x00, 0x00, 0x00, 0x00, 0x01, 0x6a, 0xde, 0xff, 0xff, 0xff, 0xff, 0xc0, 0x00, 0x00,
    0x00, 0x19, 0xff, 0xff, 0xff, 0xff, 0xff, 0xff, 0xfc, 0x00, 0x00, 0x00, 0x2d, 0xff, 0xff, 0xfd,
    0xba, 0xaa, 0xbf, 0xff, 0xc0, 0x00, 0x00, 0x0c, 0xff, 0xfc, 0x40, 0x00, 0x00, 0x00, 0xff, 0xfc,
    0x00, 0x00, 0x05, 0xff, 0xfb, 0x00, 0x00, 0x00, 0x00, 0x0f, 0xff, 0xc0, 0x00, 0x00, 0xaf, 0xff,
    0x20, 0x00, 0x00, 0x00, 0x00, 0xff, 0xfc, 0x00, 0x00, 0x0c, 0xff, 0xf1, 0x00, 0x00, 0x00, 0x00,
    0x1f, 0xff, 0xc0, 0x00, 0x00, 0xbf, 0xff, 0x40, 0x00, 0x00, 0x00, 0x09, 0xff, 0xfc, 0x00, 0x00,
    0x08, 0xff, 0xfd, 0x10, 0x00, 0x00, 0x1a, 0xff, 0xff, 0xc0, 0x00, 0x00, 0x1f, 0xff, 0xfe, 0x95,
    0x56, 0xaf, 0xff, 0xff, 0xfd, 0x00, 0x00, 0x00, 0x6f, 0xff, 0xff, 0xff, 0xff, 0xff, 0xdf, 0xff,
    0xf0, 0x00, 0x00, 0x00, 0x5e, 0xff, 0xff, 0xff, 0xff, 0x90, 0xdf, 0xff, 0x20, 0x00, 0x00, 0x00,
    0x17, 0xce, 0xff, 0xd9, 0x20, 0x09, 0xff, 0xf7, 0x00, 0x00, 0x2f, 0xff, 0xb0, 0x00, 0x00, 0x00,
    0x00, 0x00, 0x00, 0x00, 0x00, 0x00, 0x2f, 0xff, 0xb0, 0x00, 0x00, 0x00, 0x00, 0x00, 0x00, 0x00,
    0x00, 0x00, 0x2f, 0xff, 0xb0, 0x00, 0x00, 0x00, 0x00, 0x00, 0x00, 0x00, 0x00, 0x00, 0x2f, 0xff,
    0xb0, 0x00, 0x00, 0x00, 0x00, 0x00, 0x00, 0x00, 0x00, 0x00, 0x2f, 0xff, 0xb0, 0x00, 0x00, 0x00,
    0x00, 0x00, 0x00, 0x00, 0x00, 0x00, 0x2f, 0xff, 0xb0, 0x00, 0x00, 0x00, 0x00, 0x00, 0x00, 0x00,
    0x00, 0x00, 0x2f, 0xff, 0xb0, 0x00, 0x00, 0x00, 0x00, 0x00, 0x00, 0x00, 0x00, 0x00, 0x2f, 0xff,
    0xb0, 0x00, 0x00, 0x00, 0x00, 0x00, 0x00, 0x00, 0x00, 0x00, 0x2f, 0xff, 0xb0, 0x00, 0x00, 0x00,
    0x00, 0x00, 0x00, 0x00, 0x00, 0x00, 0x2f, 0xff, 0xb0, 0x00, 0x00, 0x00, 0x00, 0x00, 0x00, 0x00,
    0x00, 0x00, 0x2f, 0xff, 0xb0, 0x05, 0xbe, 0xff, 0xea, 0x40, 0x00, 0x00, 0x00, 0x00, 0x2f, 0xff,
    0xb2, 0xdf, 0xff, 0xff, 0xff, 0xfc, 0x10, 0x00, 0x00, 0x00, 0x2f, 0xff, 0xdf, 0xff, 0xff, 0xff,
    0xff, 0xff, 0xe1, 0x00, 0x00, 0x00, 0x2f, 0xff, 0xff, 0xfb, 0x53, 0x35, 0xaf, 0xff, 0xfc, 0x00,
    0x00, 0x00, 0x2f, 0xff, 0xff, 0x40, 0x00, 0x00, 0x04, 0xff, 0xff, 0x50, 0x00, 0x00, 0x2f, 0xff,
    0xf4, 0x00, 0x00, 0x00, 0x00, 0x6f, 0xff, 0xc0, 0x00, 0x00, 0x2f, 0xff, 0xc0, 0x00, 0x00, 0x00,
    0x00, 0x0e, 0xff, 0xf1, 0x00, 0x00, 0x2f, 0xff, 0xb0, 0x00, 0x00, 0x00, 0x00, 0x08, 0xff, 0xf5,
    0x00, 0x00, 0x2f, 0xff, 0xb0, 0x00, 0x00, 0x00, 0x00, 0x05, 0xff, 0xf8, 0x00, 0x00, 0x2f, 0xff,
    0xb0, 0x00, 0x00, 0x00, 0x00, 0x03, 0xff, 0xf9, 0x00, 0x00, 0x2f, 0xff, 0xb0, 0x00, 0x00, 0x00,
    0x00, 0x02, 0xff, 0xfa, 0x00, 0x00, 0x2f, 0xff, 0xb0, 0x00, 0x00, 0x00, 0x00, 0x02, 0xff, 0xfa,
    0x00, 0x00, 0x2f, 0xff, 0xb0, 0x00, 0x00, 0x00, 0x00, 0x03, 0xff, 0xf9, 0x00, 0x00, 0x2f, 0xff,
    0xb0, 0x00, 0x00, 0x00, 0x00, 0x05, 0xff, 0xf8, 0x00, 0x00, 0x2f, 0xff, 0xb0, 0x00, 0x00, 0x00,
    0x00, 0x09, 0xff, 0xf5, 0x00, 0x00, 0x2f, 0xff, 0xc0, 0x00, 0x00, 0x00, 0x00, 0x0e, 0xff, 0xf1,
    0x00, 0x00, 0x2f, 0xff, 0xf5, 0x00, 0x00, 0x00, 0x00, 0x7f, 0xff, 0xc0, 0x00, 0x00, 0x2f, 0xff,
    0xff, 0x50, 0x00, 0x00, 0x05, 0xff, 0xff, 0x50, 0x00, 0x00, 0x2f, 0xff, 0xff, 0xfb, 0x64, 0x36,
    0xbf, 0xff, 0xfb, 0x00, 0x00, 0x00, 0x2f, 0xff, 0xbf, 0xff, 0xff, 0xff, 0xff, 0xff, 0xd1, 0x00,
    0x00, 0x00, 0x2f, 0xff, 0x72, 0xdf, 0xff, 0xff, 0xff, 0xfb, 0x10, 0x00, 0x00, 0x00, 0x2f, 0xff,
    0x60, 0x05, 0xbe, 0xff, 0xea, 0x40, 0x00, 0x00, 0x00, 0x00, 0x00, 0x00, 0x02, 0x8c, 0xef, 0xfd,
    0xa5, 0x00, 0x00, 0x00, 0x00, 0x00, 0x01, 0xaf, 0xff, 0xff, 0xff, 0xff, 0xd3, 0x00, 0x00, 0x00,
    0x00, 0x2e, 0xff, 0xff, 0xff, 0xff, 0xff, 0xff, 0x40, 0x00, 0x00, 0x00, 0xdf, 0xff, 0xe7, 0x31,
    0x26, 0xdf, 0xff, 0xf2, 0x00, 0x00, 0x09, 0xff, 0xfc, 0x10, 0x00, 0x00, 0x09, 0xff, 0xfb, 0x00,
    0x00, 0x1f, 0xff, 0xe1, 0x00, 0x00, 0x00, 0x00, 0xcf, 0xff, 0x20, 0x00, 0x7f, 0xff, 0x70, 0x00,
    0x00, 0x00, 0x00, 0x5f, 0xff, 0x60, 0x00, 0xbf, 0xff, 0x10, 0x00, 0x00, 0x00, 0x00, 0x1f, 0xff,
    0x90, 0x00, 0xef, 0xfe, 0x00, 0x00, 0x00, 0x00, 0x00, 0x00, 0x00, 0x00, 0x00, 0xff, 0xfc, 0x00,
    0x00, 0x00, 0x00, 0x00, 0x00, 0x00, 0x00, 0x01, 0xff, 0xfb, 0x00, 0x00, 0x00, 0x00, 0x00, 0x00,
    0x00, 0x00, 0x01, 0xff, 0xfb, 0x00, 0x00, 0x00, 0x00, 0x00, 0x00, 0x00, 0x00, 0x00, 0xff, 0xfc,
    0x00, 0x00, 0x00, 0x00, 0x00, 0x00, 0x00, 0x00, 0x00, 0xef, 0xfe, 0x00, 0x00, 0x00, 0x00, 0x00,
    0x00, 0x00, 0x00, 0x00, 0xbf, 0xff, 0x10, 0x00, 0x00, 0x00, 0x00, 0x00, 0x00, 0x00, 0x00, 0x7f,
    0xff, 0x70, 0x00, 0x00, 0x00, 0x00, 0x1f, 0xff, 0x80, 0x00, 0x1f, 0xff, 0xe1, 0x00, 0x00, 0x00,
    0x00, 0x8f, 0xff, 0x50, 0x00, 0x09, 0xff, 0xfc, 0x10, 0x00, 0x00, 0x05, 0xff, 0xfe, 0x00, 0x00,
    0x00, 0xdf, 0xff, 0xe7, 0x31, 0x25, 0xbf, 0xff, 0xf4, 0x00, 0x00, 0x00, 0x2e, 0xff, 0xff, 0xff,
    0xff, 0xff, 0xff, 0x50, 0x00, 0x00, 0x00, 0x01, 0xaf, 0xff, 0xff, 0xff, 0xff, 0xc3, 0x00, 0x00,
    0x00, 0x00, 0x00, 0x02, 0x8c, 0xef, 0xfd, 0x94, 0x00, 0x00, 0x00, 0x00, 0x00, 0x00, 0x00, 0x00,
    0x00, 0x00, 0x00, 0x2f, 0xff, 0xb0, 0x00, 0x00, 0x00, 0x00, 0x00, 0x00, 0x00, 0x00, 0x00, 0x2f,
    0xff, 0xb0, 0x00, 0x00, 0x00, 0x00, 0x00, 0x00, 0x00, 0x00, 0x00, 0x2f, 0xff, 0xb0, 0x00, 0x00,
    0x00, 0x00, 0x00, 0x00, 0x00, 0x00, 0x00, 0x2f, 0xff, 0xb0, 0x00, 0x00, 0x00, 0x00, 0x00, 0x00,
    0x00, 0x00, 0x00, 0x2f, 0xff, 0xb0, 0x00, 0x00, 0x00, 0x00, 0x00, 0x00, 0x00, 0x00, 0x00, 0x2f,
    0xff, 0xb0, 0x00, 0x00, 0x00, 0x00, 0x00, 0x00, 0x00, 0x00, 0x00, 0x2f, 0xff, 0xb0, 0x00, 0x00,
    0x00, 0x00, 0x00, 0x00, 0x00, 0x00, 0x00, 0x2f, 0xff, 0xb0, 0x00, 0x00, 0x00, 0x00, 0x00, 0x00,
    0x00, 0x00, 0x00, 0x2f, 0xff, 0xb0, 0x00, 0x00, 0x00, 0x00, 0x00, 0x00, 0x00, 0x00, 0x00, 0x2f,
    0xff, 0xb0, 0x00, 0x00, 0x00, 0x00, 0x06, 0xbe, 0xff, 0xd9, 0x30, 0x2f, 0xff, 0xb0, 0x00, 0x00,
    0x00, 0x03, 0xdf, 0xff, 0xff, 0xff, 0xfa, 0x2f, 0xff, 0xb0, 0x00, 0x00, 0x00, 0x3f, 0xff, 0xff,
    0xff, 0xff, 0xff, 0xdf, 0xff, 0xb0, 0x00, 0x00, 0x01, 0xef, 0xff, 0xf9, 0x43, 0x36, 0xdf, 0xff,
    0xff, 0xb0, 0x00, 0x00, 0x0a, 0xff, 0xfe, 0x20, 0x00, 0x00, 0x07, 0xff, 0xff, 0xb0, 0x00, 0x00,
    0x1f, 0xff, 0xf2, 0x00, 0x00, 0x00, 0x00, 0x9f, 0xff, 0xb0, 0x00, 0x00, 0x7f, 0xff, 0x90, 0x00,
    0x00, 0x00, 0x00, 0x2f, 0xff, 0xb0, 0x00, 0x00, 0xbf, 0xff, 0x30, 0x00, 0x00, 0x00, 0x00, 0x2f,
    0xff, 0xb0, 0x00, 0x00, 0xef, 0xff, 0x00, 0x00, 0x00, 0x00, 0x00, 0x2f, 0xff, 0xb0, 0x00, 0x00,
    0xff, 0xfd, 0x00, 0x00, 0x00, 0x00, 0x00, 0x2f, 0xff, 0xb0, 0x00, 0x00, 0xff, 0xfc, 0x00, 0x00,
    0x00, 0x00, 0x00, 0x2f, 0xff, 0xb0, 0x00, 0x00, 0xff, 0xfc, 0x00, 0x00, 0x00, 0x00, 0x00, 0x2f,
    0xff, 0xb0, 0x00, 0x00, 0xff, 0xfd, 0x00, 0x00, 0x00, 0x00, 0x00, 0x2f, 0xff, 0xb0, 0x00, 0x00,
    0xef, 0xff, 0x00, 0x00, 0x00, 0x00, 0x00, 0x2f, 0xff, 0xb0, 0x00, 0x00, 0xbf, 0xff, 0x30, 0x00,
    0x00, 0x00, 0x00, 0x2f, 0xff, 0xb0, 0x00, 0x00, 0x6f, 0xff, 0x90, 0x00, 0x00, 0x00, 0x00, 0x2f,
    0xff, 0xb0, 0x00, 0x00, 0x1f, 0xff, 0xf2, 0x00, 0x00, 0x00, 0x00, 0xaf, 0xff, 0xb0, 0x00, 0x00,
    0x09, 0xff, 0xfd, 0x20, 0x00, 0x00, 0x08, 0xff, 0xff, 0xb0, 0x00, 0x00, 0x01, 0xef, 0xff, 0xf9,
    0x53, 0x47, 0xdf, 0xff, 0xff, 0xb0, 0x00, 0x00, 0x00, 0x3f, 0xff, 0xff, 0xff, 0xff, 0xff, 0xcf,
    0xff, 0xb0, 0x00, 0x00, 0x00, 0x02, 0xdf, 0xff, 0xff, 0xff, 0xfa, 0x1e, 0xff, 0xb0, 0x00, 0x00,
    0x00, 0x00, 0x05, 0xbe, 0xff, 0xd9, 0x30, 0x0d, 0xff, 0xb0, 0x00, 0x00, 0x00, 0x00, 0x01, 0x7b,
    0xef, 0xfd, 0xa4, 0x00, 0x00, 0x00, 0x00, 0x00, 0x00, 0x7f, 0xff, 0xff, 0xff, 0xff, 0xc2, 0x00,
    0x00, 0x00, 0x00, 0x0b, 0xff, 0xff, 0xff, 0xff, 0xff, 0xff, 0x30, 0x00, 0x00, 0x00, 0xaf, 0xff,
    0xf8, 0x32, 0x26, 0xdf, 0xff, 0xe0, 0x00, 0x00, 0x06, 0xff, 0xfd, 0x10, 0x00, 0x00, 0x0a, 0xff,
    0xf8, 0x00, 0x00, 0x0e, 0xff, 0xf2, 0x00, 0x00, 0x00, 0x00, 0xef, 0xfe, 0x00, 0x00, 0x5f, 0xff,
    0x80, 0x00, 0x00, 0x00, 0x00, 0x7f, 0xff, 0x40, 0x00, 0xaf, 0xff, 0x20, 0x00, 0x00, 0x00, 0x00,
    0x3f, 0xff, 0x70, 0x00, 0xef, 0xff, 0x11, 0x11, 0x11, 0x11, 0x11, 0x2f, 0xff, 0x90, 0x00, 0xff,
    0xff, 0xff, 0xff, 0xff, 0xff, 0xff, 0xff, 0xff, 0xb0, 0x01, 0xff, 0xff, 0xff, 0xff, 0xff, 0xff,
    0xff, 0xff, 0xff, 0xb0, 0x01, 0xff, 0xff, 0xff, 0xff, 0xff, 0xff, 0xff, 0xff, 0xff, 0xb0, 0x01,
    0xff, 0xfc, 0x00, 0x00, 0x00, 0x00, 0x00, 0x00, 0x00, 0x00, 0x00, 0xff, 0xfe, 0x00, 0x00, 0x00,
    0x00, 0x00, 0x00, 0x00, 0x00, 0x00, 0xcf, 0xff, 0x20, 0x00, 0x00, 0x00, 0x00, 0x00, 0x00, 0x00,
    0x00, 0x7f, 0xff, 0x90, 0x00, 0x00, 0x00, 0x00, 0x00, 0x00, 0x00, 0x00, 0x1f, 0xff, 0xf3, 0x00,
    0x00, 0x00, 0x00, 0x05, 0xc1, 0x00, 0x00, 0x09, 0xff, 0xff, 0x40, 0x00, 0x00, 0x00, 0x7f, 0xfe,
    0x20, 0x00, 0x00, 0xcf, 0xff, 0xfb, 0x52, 0x13, 0x6c, 0xff, 0xfd, 0x00, 0x00, 0x00, 0x1c, 0xff,
    0xff, 0xff, 0xff, 0xff, 0xff, 0xd1, 0x00, 0x00, 0x00, 0x00, 0x8f, 0xff, 0xff, 0xff, 0xff, 0xf9,
    0x00, 0x00, 0x00, 0x00, 0x00, 0x01, 0x7b, 0xef, 0xfe, 0xc8, 0x20, 0x00, 0x00, 0x00, 0x00, 0x00,
    0x00, 0x4a, 0xef, 0xfe, 0x70, 0x00, 0x00, 0x01, 0xbf, 0xff, 0xff, 0xf9, 0x00, 0x00, 0x00, 0xcf,
    0xff, 0xff, 0xff, 0x80, 0x00, 0x00, 0x6f, 0xff, 0xfa, 0x54, 0x42, 0x00, 0x00, 0x0d, 0xff, 0xf7,
    0x00, 0x00, 0x00, 0x00, 0x01, 0xff, 0xfd, 0x00, 0x00, 0x00, 0x00, 0x00, 0x3f, 0xff, 0x90, 0x00,
    0x00, 0x00, 0x00, 0x03, 0xff, 0xf8, 0x00, 0x00, 0x00, 0x00, 0x00, 0x3f, 0xff, 0x80, 0x00, 0x00,
    0x00, 0x00, 0x03, 0xff, 0xf8, 0x00, 0x00, 0x00, 0x0c, 0xff, 0xff, 0xff, 0xff, 0xff, 0xf4, 0x00,
    0xcf, 0xff, 0xff, 0xff, 0xff, 0xff, 0x40, 0x0a, 0xee, 0xef, 0xff, 0xfe, 0xee, 0xe3, 0x00, 0x00,
    0x03, 0xff, 0xf8, 0x00, 0x00, 0x00, 0x00, 0x00, 0x3f, 0xff, 0x80, 0x00, 0x00, 0x00, 0x00, 0x03,
    0xff, 0xf8, 0x00, 0x00, 0x00, 0x00, 0x00, 0x3f, 0xff, 0x80, 0x00, 0x00, 0x00, 0x00, 0x03, 0xff,
    0xf8, 0x00, 0x00, 0x00, 0x00, 0x00, 0x3f, 0xff, 0x80, 0x00, 0x00, 0x00, 0x00, 0x03, 0xff, 0xf8,
    0x00, 0x00, 0x00, 0x00, 0x00, 0x3f, 0xff, 0x80, 0x00, 0x00, 0x00, 0x00, 0x03, 0xff, 0xf8, 0x00,
    0x00, 0x00, 0x00, 0x00, 0x3f, 0xff, 0x80, 0x00, 0x00, 0x00, 0x00, 0x03, 0xff, 0xf8, 0x00, 0x00,
    0x00, 0x00, 0x00, 0x3f, 0xff, 0x80, 0x00, 0x00, 0x00, 0x00, 0x03, 0xff, 0xf8, 0x00, 0x00, 0x00,
    0x00, 0x00, 0x3f, 0xff, 0x80, 0x00, 0x00, 0x00, 0x00, 0x03, 0xff, 0xf8, 0x00, 0x00, 0x00, 0x00,
    0x00, 0x3f, 0xff, 0x80, 0x00, 0x00, 0x00, 0x00, 0x03, 0xff, 0xf8, 0x00, 0x00, 0x00, 0x00, 0x00,
    0x3f, 0xff, 0x80, 0x00, 0x00, 0x00, 0x00, 0x03, 0xff, 0xf8, 0x00, 0x00, 0x00, 0x00, 0x00, 0x00,
    0x06, 0xbe, 0xff, 0xd9, 0x30, 0x0c, 0xff, 0xb0, 0x00, 0x00, 0x00, 0x03, 0xdf, 0xff, 0xff, 0xff,
    0xfa, 0x1d, 0xff, 0xb0, 0x00, 0x00, 0x00, 0x4f, 0xff, 0xff, 0xff, 0xff, 0xff, 0xce, 0xff, 0xb0,
    0x00, 0x00, 0x01, 0xef, 0xff, 0xf9, 0x43, 0x36, 0xdf, 0xff, 0xff, 0xb0, 0x00, 0x00, 0x0a, 0xff,
    0xfe, 0x20, 0x00, 0x00, 0x07, 0xff, 0xff, 0xb0, 0x00, 0x00, 0x1f, 0xff, 0xf2, 0x00, 0x00, 0x00,
    0x00, 0x8f, 0xff, 0xb0, 0x00, 0x00, 0x6f, 0xff, 0x90, 0x00, 0x00, 0x00, 0x00, 0x1f, 0xff, 0xb0,
    0x00, 0x00, 0xaf, 0xff, 0x30, 0x00, 0x00, 0x00, 0x00, 0x1f, 0xff, 0xb0, 0x00, 0x00, 0xdf, 0xff,
    0x00, 0x00, 0x00, 0x00, 0x00, 0x1f, 0xff, 0xb0, 0x00, 0x00, 0xff, 0xfd, 0x00, 0x00, 0x00, 0x00,
    0x00, 0x1f, 0xff, 0xb0, 0x00, 0x00, 0xff, 0xfc, 0x00, 0x00, 0x00, 0x00, 0x00, 0x1f, 0xff, 0xb0,
    0x00, 0x00, 0xff, 0xfc, 0x00, 0x00, 0x00, 0x00, 0x00, 0x1f, 0xff, 0xb0, 0x00, 0x00, 0xff, 0xfd,
    0x00, 0x00, 0x00, 0x00, 0x00, 0x1f, 0xff, 0xb0, 0x00, 0x00, 0xdf, 0xff, 0x00, 0x00, 0x00, 0x00,
    0x00, 0x1f, 0xff, 0xb0, 0x00, 0x00, 0xaf, 0xff, 0x30, 0x00, 0x00, 0x00, 0x00, 0x1f, 0xff, 0xb0,
    0x00, 0x00, 0x6f, 0xff, 0x90, 0x00, 0x00, 0x00, 0x00, 0x2f, 0xff, 0xb0, 0x00, 0x00, 0x1f, 0xff,
    0xf2, 0x00, 0x00, 0x00, 0x00, 0x9f, 0xff, 0xb0, 0x00, 0x00, 0x09, 0xff, 0xfd, 0x20, 0x00, 0x00,
    0x08, 0xff, 0xff, 0xb0, 0x00, 0x00, 0x01, 0xef, 0xff, 0xf9, 0x53, 0x47, 0xdf, 0xff, 0xff, 0xb0,
    0x00, 0x00, 0x00, 0x3f, 0xff, 0xff, 0xff, 0xff, 0xff, 0xdf, 0xff, 0xb0, 0x00, 0x00, 0x00, 0x02,
    0xdf, 0xff, 0xff, 0xff, 0xfa, 0x2f, 0xff, 0xb0, 0x00, 0x00, 0x00, 0x00, 0x05, 0xbe, 0xff, 0xd9,
    0x30, 0x1f, 0xff, 0xb0, 0x00, 0x00, 0x00, 0x00, 0x00, 0x00, 0x00, 0x00, 0x00, 0x1f, 0xff, 0xb0,
    0x00, 0x00, 0x00, 0x00, 0x00, 0x00, 0x00, 0x00, 0x00, 0x3f, 0xff, 0x90, 0x00, 0x00, 0x00, 0x00,
    0x00, 0x00, 0x00, 0x00, 0x00, 0x8f, 0xff, 0x60, 0x00, 0x00, 0x00, 0x7a, 0x00, 0x00, 0x00, 0x00,
    0x01, 0xef, 0xff, 0x10, 0x00, 0x00, 0x05, 0xff, 0xb1, 0x00, 0x00, 0x00, 0x1c, 0xff, 0xfa, 0x00,
    0x00, 0x00, 0x09, 0xff, 0xff, 0x94, 0x22, 0x48, 0xef, 0xff, 0xe1, 0x00, 0x00, 0x00, 0x00, 0xaf,
    0xff, 0xff, 0xff, 0xff, 0xff, 0xff, 0x30, 0x00, 0x00, 0x00, 0x00, 0x05, 0xef, 0xff, 0xff, 0xff,
    0xff, 0xb2, 0x00, 0x00, 0x00, 0x00, 0x00, 0x00, 0x04, 0x9d, 0xff, 0xfd, 0x93, 0x00, 0x00, 0x00,
    0x00, 0x00, 0x1f, 0xff, 0xb0, 0x00, 0x00, 0x00, 0x00, 0x00, 0x00, 0x00, 0x00, 0x01, 0xff, 0xfb,
    0x00, 0x00, 0x00, 0x00, 0x00, 0x00, 0x00, 0x00, 0x00, 0x1f, 0xff, 0xb0, 0x00, 0x00, 0x00, 0x00,
    0x00, 0x00, 0x00, 0x00, 0x01, 0xff, 0xfb, 0x00, 0x00, 0x00, 0x00, 0x00, 0x00, 0x00, 0x00, 0x00,
    0x1f, 0xff, 0xb0, 0x00, 0x00, 0x00, 0x00, 0x00, 0x00, 0x00, 0x00, 0x01, 0xff, 0xfb, 0x00, 0x00,
    0x00, 0x00, 0x00, 0x00, 0x00, 0x00, 0x00, 0x1f, 0xff, 0xb0, 0x00, 0x00, 0x00, 0x00, 0x00, 0x00,
    0x00, 0x00, 0x01, 0xff, 0xfb, 0x00, 0x00, 0x00, 0x00, 0x00, 0x00, 0x00, 0x00, 0x00, 0x1f, 0xff,
    0xb0, 0x00, 0x00, 0x00, 0x00, 0x00, 0x00, 0x00, 0x00, 0x01, 0xff, 0xfb, 0x00, 0x00, 0x00, 0x00,
    0x00, 0x00, 0x00, 0x00, 0x00, 0x1f, 0xff, 0xb0, 0x02, 0x9d, 0xff, 0xeb, 0x70, 0x00, 0x00, 0x00,
    0x01, 0xff, 0xfb, 0x09, 0xff, 0xff, 0xff, 0xff, 0xe3, 0x00, 0x00, 0x00, 0x1f, 0xff, 0xbc, 0xff,
    0xff, 0xff, 0xff, 0xff, 0xe1, 0x00, 0x00, 0x01, 0xff, 0xff, 0xff, 0xc6, 0x33, 0x5a, 0xff, 0xff,
    0x80, 0x00, 0x00, 0x1f, 0xff, 0xff, 0x70, 0x00, 0x00, 0x07, 0xff, 0xfe, 0x00, 0x00, 0x01, 0xff,
    0xff, 0x70, 0x00, 0x00, 0x00, 0x0d, 0xff, 0xf2, 0x00, 0x00, 0x1f, 0xff, 0xd0, 0x00, 0x00, 0x00,
    0x00, 0x9f, 0xff, 0x40, 0x00, 0x01, 0xff, 0xfb, 0x00, 0x00, 0x00, 0x00, 0x07, 0xff, 0xf5, 0x00,
    0x00, 0x1f, 0xff, 0xb0, 0x00, 0x00, 0x00, 0x00, 0x7f, 0xff, 0x50, 0x00, 0x01, 0xff, 0xfb, 0x00,
    0x00, 0x00, 0x00, 0x07, 0xff, 0xf5, 0x00, 0x00, 0x1f, 0xff, 0xb0, 0x00, 0x00, 0x00, 0x00, 0x7f,
    0xff, 0x50, 0x00, 0x01, 0xff, 0xfb, 0x00, 0x00, 0x00, 0x00, 0x07, 0xff, 0xf5, 0x00, 0x00, 0x1f,
    0xff, 0xb0, 0x00, 0x00, 0x00, 0x00, 0x7f, 0xff, 0x50, 0x00, 0x01, 0xff, 0xfb, 0x00, 0x00, 0x00,
    0x00, 0x07, 0xff, 0xf5, 0x00, 0x00, 0x1f, 0xff, 0xb0, 0x00, 0x00, 0x00, 0x00, 0x7f, 0xff, 0x50,
    0x00, 0x01, 0xff, 0xfb, 0x00, 0x00, 0x00, 0x00, 0x07, 0xff, 0xf5, 0x00, 0x00, 0x1f, 0xff, 0xb0,
    0x00, 0x00, 0x00, 0x00, 0x7f, 0xff, 0x50, 0x00, 0x01, 0xff, 0xfb, 0x00, 0x00, 0x00, 0x00, 0x07,
    0xff, 0xf5, 0x00, 0x00, 0x1f, 0xff, 0xb0, 0x00, 0x00, 0x00, 0x00, 0x7f, 0xff, 0x50, 0x00, 0x01,
    0xff, 0xfb, 0x00, 0x00, 0x00, 0x00, 0x07, 0xff, 0xf5, 0x00, 0x00, 0x1f, 0xff, 0xb0, 0x00, 0x00,
    0x00, 0x00, 0x7f, 0xff, 0x50, 0x00, 0x01, 0xff, 0xfb, 0x00, 0x00, 0x00, 0x00, 0x07, 0xff, 0xf5,
    0x00, 0x00, 0x00, 0x34, 0x00, 0x00, 0x00, 0x0a, 0xff, 0xd1, 0x00, 0x00, 0x0f, 0xff, 0xf5, 0x00,
    0x00, 0x0f, 0xff, 0xf4, 0x00, 0x00, 0x05, 0xef, 0x90, 0x00, 0x00, 0x00, 0x00, 0x00, 0x00, 0x00,
    0x00, 0x00, 0x00, 0x00, 0x00, 0x00, 0x00, 0x00, 0x00, 0x00, 0x00, 0x00, 0x00, 0x00, 0x00, 0x0c,
    0xff, 0xf0, 0x00, 0x00, 0x0c, 0xff, 0xf0, 0x00, 0x00, 0x0c, 0xff, 0xf0, 0x00, 0x00, 0x0c, 0xff,
    0xf0, 0x00, 0x00, 0x0c, 0xff, 0xf0, 0x00, 0x00, 0x0c, 0xff, 0xf0, 0x00, 0x00, 0x0c, 0xff, 0xf0,
    0x00, 0x00, 0x0c, 0xff, 0xf0, 0x00, 0x00, 0x0c, 0xff, 0xf0, 0x00, 0x00, 0x0c, 0xff, 0xf0, 0x00,
    0x00, 0x0c, 0xff, 0xf0, 0x00, 0x00, 0x0c, 0xff, 0xf0, 0x00, 0x00, 0x0c, 0xff, 0xf0, 0x00, 0x00,
    0x0c, 0xff, 0xf0, 0x00, 0x00, 0x0c, 0xff, 0xf0, 0x00, 0x00, 0x0c, 0xff, 0xf0, 0x00, 0x00, 0x0c,
    0xff, 0xf0, 0x00, 0x00, 0x0c, 0xff, 0xf0, 0x00, 0x00, 0x0c, 0xff, 0xf0, 0x00, 0x00, 0x0c, 0xff,
    0xf0, 0x00, 0x00, 0x0c, 0xff, 0xf0, 0x00, 0x00, 0x0c, 0xff, 0xf0, 0x00, 0x00, 0x00, 0x00, 0x43,
    0x00, 0x00, 0x00, 0x00, 0x1d, 0xff, 0xa0, 0x00, 0x00, 0x00, 0x5f, 0xff, 0xf0, 0x00, 0x00, 0x00,
    0x4f, 0xff, 0xf0, 0x00, 0x00, 0x00, 0x09, 0xfe, 0x50, 0x00, 0x00, 0x00, 0x00, 0x00, 0x00, 0x00,
    0x00, 0x00, 0x00, 0x00, 0x00, 0x00, 0x00, 0x00, 0x00, 0x00, 0x00, 0x00, 0x00, 0x00, 0x00, 0x00,
    0x00, 0x00, 0x00, 0x00, 0x0f, 0xff, 0xd0, 0x00, 0x00, 0x00, 0x0f, 0xff, 0xd0, 0x00, 0x00, 0x00,
    0x0f, 0xff, 0xd0, 0x00, 0x00, 0x00, 0x0f, 0xff, 0xd0, 0x00, 0x00, 0x00, 0x0f, 0xff, 0xd0, 0x00,
    0x00, 0x00, 0x0f, 0xff, 0xd0, 0x00, 0x00, 0x00, 0x0f, 0xff, 0xd0, 0x00, 0x00, 0x00, 0x0f, 0xff,
    0xd0, 0x00, 0x00, 0x00, 0x0f, 0xff, 0xd0, 0x00, 0x00, 0x00, 0x0f, 0xff, 0xd0, 0x00, 0x00, 0x00,
    0x0f, 0xff, 0xd0, 0x00, 0x00, 0x00, 0x0f, 0xff, 0xd0, 0x00, 0x00, 0x00, 0x0f, 0xff, 0xd0, 0x00,
    0x00, 0x00, 0x0f, 0xff, 0xd0, 0x00, 0x00, 0x00, 0x0f, 0xff, 0xd0, 0x00, 0x00, 0x00, 0x0f, 0xff,
    0xd0, 0x00, 0x00, 0x00, 0x0f, 0xff, 0xd0, 0x00, 0x00, 0x00, 0x0f, 0xff, 0xd0, 0x00, 0x00, 0x00,
    0x0f, 0xff, 0xd0, 0x00, 0x00, 0x00, 0x0f, 0xff, 0xd0, 0x00, 0x00, 0x00, 0x0f, 0xff, 0xd0, 0x00,
    0x00, 0x00, 0x0f, 0xff, 0xd0, 0x00, 0x00, 0x00, 0x0f, 0xff, 0xd0, 0x00, 0x00, 0x00, 0x0f, 0xff,
    0xd0, 0x00, 0x00, 0x00, 0x0f, 0xff, 0xd0, 0x00, 0x00, 0x00, 0x0f, 0xff, 0xc0, 0x00, 0x00, 0x00,
    0x5f, 0xff, 0xa0, 0x00, 0x24, 0x36, 0xef, 0xff, 0x60, 0x00, 0x5f, 0xff, 0xff, 0xfe, 0x00, 0x00,
    0x5f, 0xff, 0xff, 0xf4, 0x00, 0x00, 0x4d, 0xff, 0xd9, 0x20, 0x00, 0x00, 0x00, 0x1f, 0xff, 0xb0,
    0x00, 0x00, 0x00, 0x00, 0x00, 0x00, 0x00, 0x00, 0x1f, 0xff, 0xb0, 0x00, 0x00, 0x00, 0x00, 0x00,
    0x00, 0x00, 0x00, 0x1f, 0xff, 0xb0, 0x00, 0x00, 0x00, 0x00, 0x00, 0x00, 0x00, 0x00, 0x1f, 0xff,
    0xb0, 0x00, 0x00, 0x00, 0x00, 0x00, 0x00, 0x00, 0x00, 0x1f, 0xff, 0xb0, 0x00, 0x00, 0x00, 0x00,
    0x00, 0x00, 0x00, 0x00, 0x1f, 0xff, 0xb0, 0x00, 0x00, 0x00, 0x00, 0x00, 0x00, 0x00, 0x00, 0x1f,
    0xff, 0xb0, 0x00, 0x00, 0x00, 0x00, 0x00, 0x00, 0x00, 0x00, 0x1f, 0xff, 0xb0, 0x00, 0x00, 0x00,
    0x00, 0x00, 0x00, 0x00, 0x00, 0x1f, 0xff, 0xb0, 0x00, 0x00, 0x00, 0x00, 0x00, 0x00, 0x00, 0x00,
    0x1f, 0xff, 0xb0, 0x00, 0x00, 0x00, 0x00, 0x00, 0x00, 0x00, 0x00, 0x1f, 0xff, 0xb0, 0x00, 0x00,
    0x00, 0x0c, 0xff, 0xfc, 0x00, 0x00, 0x1f, 0xff, 0xb0, 0x00, 0x00, 0x00, 0xcf, 0xff, 0xc0, 0x00,
    0x00, 0x1f, 0xff, 0xb0, 0x00, 0x00, 0x0b, 0xff, 0xfd, 0x10, 0x00, 0x00, 0x1f, 0xff, 0xb0, 0x00,
    0x00, 0xbf, 0xff, 0xd1, 0x00, 0x00, 0x00, 0x1f, 0xff, 0xb0, 0x00, 0x0a, 0xff, 0xfe, 0x20, 0x00,
    0x00, 0x00, 0x1f, 0xff, 0xb0, 0x00, 0x9f, 0xff, 0xe2, 0x00, 0x00, 0x00, 0x00, 0x1f, 0xff, 0xb0,
    0x09, 0xff, 0xff, 0x30, 0x00, 0x00, 0x00, 0x00, 0x1f, 0xff, 0xb0, 0x7f, 0xff, 0xf3, 0x00, 0x00,
    0x00, 0x00, 0x00, 0x1f, 0xff, 0xb5, 0xff, 0xff, 0x40, 0x00, 0x00, 0x00, 0x00, 0x00, 0x1f, 0xff,
    0xdf, 0xff, 0xfd, 0x00, 0x00, 0x00, 0x00, 0x00, 0x00, 0x1f, 0xff, 0xff, 0xff, 0xff, 0x90, 0x00,
    0x00, 0x00, 0x00, 0x00, 0x1f, 0xff, 0xff, 0xff, 0xff, 0xf5, 0x00, 0x00, 0x00, 0x00, 0x00, 0x1f,
    0xff, 0xff, 0x66, 0xff, 0xff, 0x20, 0x00, 0x00, 0x00, 0x00, 0x1f, 0xff, 0xf7, 0x00, 0xaf, 0xff,
    0xd0, 0x00, 0x00, 0x00, 0x00, 0x1f, 0xff, 0xc0, 0x00, 0x0d, 0xff, 0xf9, 0x00, 0x00, 0x00, 0x00,
    0x1f, 0xff, 0xb0, 0x00, 0x02, 0xff, 0xff, 0x60, 0x00, 0x00, 0x00, 0x1f, 0xff, 0xb0, 0x00, 0x00,
    0x5f, 0xff, 0xf2, 0x00, 0x00, 0x00, 0x1f, 0xff, 0xb0, 0x00, 0x00, 0x09, 0xff, 0xfd, 0x00, 0x00,
    0x00, 0x1f, 0xff, 0xb0, 0x00, 0x00, 0x00, 0xdf, 0xff, 0xa0, 0x00, 0x00, 0x1f, 0xff, 0xb0, 0x00,
    0x00, 0x00, 0x2f, 0xff, 0xf6, 0x00, 0x00, 0x1f, 0xff, 0xb0, 0x00, 0x00, 0x00, 0x05, 0xff, 0xff,
    0x20, 0x00, 0x1f, 0xff, 0xb0, 0x00, 0x00, 0x00, 0x00, 0x9f, 0xff, 0xd0, 0x00, 0x0c, 0xff, 0xf0,
    0x00, 0x00, 0x0c, 0xff, 0xf0, 0x00, 0x00, 0x0c, 0xff, 0xf0, 0x00, 0x00, 0x0c, 0xff, 0xf0, 0x00,
    0x00, 0x0c, 0xff, 0xf0, 0x00, 0x00, 0x0c, 0xff, 0xf0, 0x00, 0x00, 0x0c, 0xff, 0xf0, 0x00, 0x00,
    0x0c, 0xff, 0xf0, 0x00, 0x00, 0x0c, 0xff, 0xf0, 0x00, 0x00, 0x0c, 0xff, 0xf0, 0x00, 0x00, 0x0c,
    0xff, 0xf0, 0x00, 0x00, 0x0c, 0xff, 0xf0, 0x00, 0x00, 0x0c, 0xff, 0xf0, 0x00, 0x00, 0x0c, 0xff,
    0xf0, 0x00, 0x00, 0x0c, 0xff, 0xf0, 0x00, 0x00, 0x0c, 0xff, 0xf0, 0x00, 0x00, 0x0c, 0xff, 0xf0,
    0x00, 0x00, 0x0c, 0xff, 0xf0, 0x00, 0x00, 0x0c, 0xff, 0xf0, 0x00, 0x00, 0x0c, 0xff, 0xf0, 0x00,
    0x00, 0x0c, 0xff, 0xf0, 0x00, 0x00, 0x0c, 0xff, 0xf0, 0x00, 0x00, 0x0c, 0xff, 0xf0, 0x00, 0x00,
    0x0c, 0xff, 0xf0, 0x00, 0x00, 0x0c, 0xff, 0xf0, 0x00, 0x00, 0x0c, 0xff, 0xf0, 0x00, 0x00, 0x0c,
    0xff, 0xf0, 0x00, 0x00, 0x0c, 0xff, 0xf0, 0x00, 0x00, 0x0c, 0xff, 0xf0, 0x00, 0x00, 0x0c, 0xff,
    0xf0, 0x00, 0x00, 0x0c, 0xff, 0xf0, 0x00, 0x00, 0x0c, 0xff, 0xf0, 0x00, 0x00, 0x2f, 0xff, 0x70,
    0x05, 0xad, 0xff, 0xeb, 0x50, 0x00, 0x00, 0x18, 0xcf, 0xff, 0xd9, 0x30, 0x00, 0x00, 0x00, 0x02,
    0xff, 0xf8, 0x2c, 0xff, 0xff, 0xff, 0xff, 0xc1, 0x00, 0x7f, 0xff, 0xff, 0xff, 0xff, 0x90, 0x00,
    0x00, 0x00, 0x2f, 0xff, 0xce, 0xff, 0xff, 0xff, 0xff, 0xff, 0xd0, 0xaf, 0xff, 0xff, 0xff, 0xff,
    0xff, 0x90, 0x00, 0x00, 0x02, 0xff, 0xff, 0xff, 0x94, 0x33, 0x6c, 0xff, 0xff, 0xdf, 0xfe, 0x84,
    0x34, 0x7d, 0xff, 0xff, 0x20, 0x00, 0x00, 0x2f, 0xff, 0xfd, 0x20, 0x00, 0x00, 0x09, 0xff, 0xff,
    0xfd, 0x10, 0x00, 0x00, 0x0c, 0xff, 0xf8, 0x00, 0x00, 0x02, 0xff, 0xff, 0x20, 0x00, 0x00, 0x00,
    0x0e, 0xff, 0xff, 0x20, 0x00, 0x00, 0x00, 0x3f, 0xff, 0xc0, 0x00, 0x00, 0x2f, 0xff, 0xb0, 0x00,
    0x00, 0x00, 0x00, 0x9f, 0xff, 0x90, 0x00, 0x00, 0x00, 0x00, 0xef, 0xfe, 0x00, 0x00, 0x02, 0xff,
    0xfa, 0x00, 0x00, 0x00, 0x00, 0x08, 0xff, 0xf6, 0x00, 0x00, 0x00, 0x00, 0x0d, 0xff, 0xf0, 0x00,
    0x00, 0x2f, 0xff, 0xa0, 0x00, 0x00, 0x00, 0x00, 0x7f, 0xff, 0x40, 0x00, 0x00, 0x00, 0x00, 0xdf,
    0xff, 0x00, 0x00, 0x02, 0xff, 0xfa, 0x00, 0x00, 0x00, 0x00, 0x07, 0xff, 0xf4, 0x00, 0x00, 0x00,
    0x00, 0x0d, 0xff, 0xf0, 0x00, 0x00, 0x2f, 0xff, 0xa0, 0x00, 0x00, 0x00, 0x00, 0x7f, 0xff, 0x40,
    0x00, 0x00, 0x00, 0x00, 0xdf, 0xff, 0x00, 0x00, 0x02, 0xff, 0xfa, 0x00, 0x00, 0x00, 0x00, 0x07,
    0xff, 0xf4, 0x00, 0x00, 0x00, 0x00, 0x0d, 0xff, 0xf0, 0x00, 0x00, 0x2f, 0xff, 0xa0, 0x00, 0x00,
    0x00, 0x00, 0x7f, 0xff, 0x40, 0x00, 0x00, 0x00, 0x00, 0xdf, 0xff, 0x00, 0x00, 0x02, 0xff, 0xfa,
    0x00, 0x00, 0x00, 0x00, 0x07, 0xff, 0xf4, 0x00, 0x00, 0x00, 0x00, 0x0d, 0xff, 0xf0, 0x00, 0x00,
    0x2f, 0xff, 0xa0, 0x00, 0x00, 0x00, 0x00, 0x7f, 0xff, 0x40, 0x00, 0x00, 0x00, 0x00, 0xdf, 0xff,
    0x00, 0x00, 0x02, 0xff, 0xfa, 0x00, 0x00, 0x00, 0x00, 0x07, 0xff, 0xf4, 0x00, 0x00, 0x00, 0x00,
    0x0d, 0xff, 0xf0, 0x00, 0x00, 0x2f, 0xff, 0xa0, 0x00, 0x00, 0x00, 0x00, 0x7f, 0xff, 0x40, 0x00,
    0x00, 0x00, 0x00, 0xdf, 0xff, 0x00, 0x00, 0x02, 0xff, 0xfa, 0x00, 0x00, 0x00, 0x00, 0x07, 0xff,
    0xf4, 0x00, 0x00, 0x00, 0x00, 0x0d, 0xff, 0xf0, 0x00, 0x00, 0x2f, 0xff, 0xa0, 0x00, 0x00, 0x00,
    0x00, 0x7f, 0xff, 0x40, 0x00, 0x00, 0x00, 0x00, 0xdf, 0xff, 0x00, 0x00, 0x02, 0xff, 0xfa, 0x00,
    0x00, 0x00, 0x00, 0x07, 0xff, 0xf4, 0x00, 0x00, 0x00, 0x00, 0x0d, 0xff, 0xf0, 0x00, 0x00, 0x2f,
    0xff, 0xa0, 0x00, 0x00, 0x00, 0x00, 0x7f, 0xff, 0x40, 0x00, 0x00, 0x00, 0x00, 0xdf, 0xff, 0x00,
    0x00, 0x02, 0xff, 0xfa, 0x00, 0x00, 0x00, 0x00, 0x07, 0xff, 0xf4, 0x00, 0x00, 0x00, 0x00, 0x0d,
    0xff, 0xf0, 0x00, 0x00, 0x1f, 0xff, 0x80, 0x02, 0x9d, 0xff, 0xeb, 0x70, 0x00, 0x00, 0x00, 0x01,
    0xff, 0xf8, 0x09, 0xff, 0xff, 0xff, 0xff, 0xe3, 0x00, 0x00, 0x00, 0x1f, 0xff, 0xac, 0xff, 0xff,
    0xff, 0xff, 0xff, 0xe1, 0x00, 0x00, 0x01, 0xff, 0xff, 0xff, 0xc6, 0x33, 0x5a, 0xff, 0xff, 0x80,
    0x00, 0x00, 0x1f, 0xff, 0xff, 0x70, 0x00, 0x00, 0x07, 0xff, 0xfe, 0x00, 0x00, 0x01, 0xff, 0xff,
    0x70, 0x00, 0x00, 0x00, 0x0d, 0xff, 0xf2, 0x00, 0x00, 0x1f, 0xff, 0xd0, 0x00, 0x00, 0x00, 0x00,
    0x9f, 0xff, 0x40, 0x00, 0x01, 0xff, 0xfb, 0x00, 0x00, 0x00, 0x00, 0x07, 0xff, 0xf5, 0x00, 0x00,
    0x1f, 0xff, 0xb0, 0x00, 0x00, 0x00, 0x00, 0x7f, 0xff, 0x50, 0x00, 0x01, 0xff, 0xfb, 0x00, 0x00,
    0x00, 0x00, 0x07, 0xff, 0xf5, 0x00, 0x00, 0x1f, 0xff, 0xb0, 0x00, 0x00, 0x00, 0x00, 0x7f, 0xff,
    0x50, 0x00, 0x01, 0xff, 0xfb, 0x00, 0x00, 0x00, 0x00, 0x07, 0xff, 0xf5, 0x00, 0x00, 0x1f, 0xff,
    0xb0, 0x00, 0x00, 0x00, 0x00, 0x7f, 0xff, 0x50, 0x00, 0x01, 0xff, 0xfb, 0x00, 0x00, 0x00, 0x00,
    0x07, 0xff, 0xf5, 0x00, 0x00, 0x1f, 0xff, 0xb0, 0x00, 0x00, 0x00, 0x00, 0x7f, 0xff, 0x50, 0x00,
    0x01, 0xff, 0xfb, 0x00, 0x00, 0x00, 0x00, 0x07, 0xff, 0xf5, 0x00, 0x00, 0x1f, 0xff, 0xb0, 0x00,
    0x00, 0x00, 0x00, 0x7f, 0xff, 0x50, 0x00, 0x01, 0xff, 0xfb, 0x00, 0x00, 0x00, 0x00, 0x07, 0xff,
    0xf5, 0x00, 0x00, 0x1f, 0xff, 0xb0, 0x00, 0x00, 0x00, 0x00, 0x7f, 0xff, 0x50, 0x00, 0x01, 0xff,
    0xfb, 0x00, 0x00, 0x00, 0x00, 0x07, 0xff, 0xf5, 0x00, 0x00, 0x1f, 0xff, 0xb0, 0x00, 0x00, 0x00,
    0x00, 0x7f, 0xff, 0x50, 0x00, 0x01, 0xff, 0xfb, 0x00, 0x00, 0x00, 0x00, 0x07, 0xff, 0xf5, 0x00,
    0x00, 0x00, 0x00, 0x01, 0x7b, 0xef, 0xfe, 0xb6, 0x10, 0x00, 0x00, 0x00, 0x00, 0x00, 0x00, 0x8f,
    0xff, 0xff, 0xff, 0xff, 0xf7, 0x00, 0x00, 0x00, 0x00, 0x00, 0x0c, 0xff, 0xff, 0xff, 0xff, 0xff,
    0xff, 0xb0, 0x00, 0x00, 0x00, 0x00, 0xbf, 0xff, 0xf9, 0x42, 0x24, 0xaf, 0xff, 0xfb, 0x00, 0x00,
    0x00, 0x07, 0xff, 0xfe, 0x30, 0x00, 0x00, 0x04, 0xff, 0xff, 0x60, 0x00, 0x00, 0x0e, 0xff, 0xf3,
    0x00, 0x00, 0x00, 0x00, 0x4f, 0xff, 0xe0, 0x00, 0x00, 0x6f, 0xff, 0x90, 0x00, 0x00, 0x00, 0x00,
    0x0a, 0xff, 0xf5, 0x00, 0x00, 0xbf, 0xff, 0x30, 0x00, 0x00, 0x00, 0x00, 0x04, 0xff, 0xfa, 0x00,
    0x00, 0xef, 0xfe, 0x00, 0x00, 0x00, 0x00, 0x00, 0x00, 0xff, 0xfe, 0x00, 0x00, 0xff, 0xfc, 0x00,
    0x00, 0x00, 0x00, 0x00, 0x00, 0xdf, 0xff, 0x00, 0x01, 0xff, 0xfb, 0x00, 0x00, 0x00, 0x00, 0x00,
    0x00, 0xbf, 0xff, 0x10, 0x01, 0xff, 0xfb, 0x00, 0x00, 0x00, 0x00, 0x00, 0x00, 0xbf, 0xff, 0x10,
    0x00, 0xff, 0xfc, 0x00, 0x00, 0x00, 0x00, 0x00, 0x00, 0xdf, 0xff, 0x00, 0x00, 0xef, 0xfe, 0x00,
    0x00, 0x00, 0x00, 0x00, 0x00, 0xff, 0xfe, 0x00, 0x00, 0xbf, 0xff, 0x20, 0x00, 0x00, 0x00, 0x00,
    0x03, 0xff, 0xfa, 0x00, 0x00, 0x6f, 0xff, 0x90, 0x00, 0x00, 0x00, 0x00, 0x0a, 0xff, 0xf5, 0x00,
    0x00, 0x0e, 0xff, 0xf3, 0x00, 0x00, 0x00, 0x00, 0x4f, 0xff, 0xe0, 0x00, 0x00, 0x07, 0xff, 0xfe,
    0x30, 0x00, 0x00, 0x03, 0xef, 0xff, 0x60, 0x00, 0x00, 0x00, 0xbf, 0xff, 0xf9, 0x42, 0x24, 0x9f,
    0xff, 0xfb, 0x00, 0x00, 0x00, 0x00, 0x0b, 0xff, 0xff, 0xff, 0xff, 0xff, 0xff, 0xb0, 0x00, 0x00,
    0x00, 0x00, 0x00, 0x7f, 0xff, 0xff, 0xff, 0xff, 0xf7, 0x00, 0x00, 0x00, 0x00, 0x00, 0x00, 0x01,
    0x7b, 0xef, 0xfe, 0xb6, 0x10, 0x00, 0x00, 0x00, 0x00, 0x2f, 0xff, 0x60, 0x06, 0xbe, 0xff, 0xda,
    0x40, 0x00, 0x00, 0x00, 0x00, 0x2f, 0xff, 0x73, 0xdf, 0xff, 0xff, 0xff, 0xfb, 0x10, 0x00, 0x00,
    0x00, 0x2f, 0xff, 0xcf, 0xff, 0xff, 0xff, 0xff, 0xff, 0xe1, 0x00, 0x00, 0x00, 0x2f, 0xff, 0xff,
    0xf9, 0x53, 0x36, 0xcf, 0xff, 0xfc, 0x00, 0x00, 0x00, 0x2f, 0xff, 0xfd, 0x20, 0x00, 0x00, 0x07,
    0xff, 0xff, 0x50, 0x00, 0x00, 0x2f, 0xff, 0xf2, 0x00, 0x00, 0x00, 0x00, 0x9f, 0xff, 0xc0, 0x00,
    0x00, 0x2f, 0xff, 0xb0, 0x00, 0x00, 0x00, 0x00, 0x1f, 0xff, 0xf1, 0x00, 0x00, 0x2f, 0xff, 0xb0,
    0x00, 0x00, 0x00, 0x00, 0x0a, 0xff, 0xf5, 0x00, 0x00, 0x2f, 0xff, 0xb0, 0x00, 0x00, 0x00, 0x00,
    0x06, 0xff, 0xf7, 0x00, 0x00, 0x2f, 0xff, 0xb0, 0x00, 0x00, 0x00, 0x00, 0x03, 0xff, 0xf9, 0x00,
    0x00, 0x2f, 0xff, 0xb0, 0x00, 0x00, 0x00, 0x00, 0x02, 0xff, 0xfa, 0x00, 0x00, 0x2f, 0xff, 0xb0,
    0x00, 0x00, 0x00, 0x00, 0x02, 0xff, 0xfa, 0x00, 0x00, 0x2f, 0xff, 0xb0, 0x00, 0x00, 0x00, 0x00,
    0x03, 0xff, 0xf9, 0x00, 0x00, 0x2f, 0xff, 0xb0, 0x00, 0x00, 0x00, 0x00, 0x06, 0xff, 0xf7, 0x00,
    0x00, 0x2f, 0xff, 0xb0, 0x00, 0x00, 0x00, 0x00, 0x09, 0xff, 0xf4, 0x00, 0x00, 0x2f, 0xff, 0xb0,
    0x00, 0x00, 0x00, 0x00, 0x0f, 0xff, 0xf1, 0x00, 0x00, 0x2f, 0xff, 0xe1, 0x00, 0x00, 0x00, 0x00,
    0x8f, 0xff, 0xb0, 0x00, 0x00, 0x2f, 0xff, 0xfc, 0x10, 0x00, 0x00, 0x06, 0xff, 0xff, 0x40, 0x00,
    0x00, 0x2f, 0xff, 0xff, 0xf8, 0x32, 0x25, 0xbf, 0xff, 0xfb, 0x00, 0x00, 0x00, 0x2f, 0xff, 0xef,
    0xff, 0xff, 0xff, 0xff, 0xff, 0xd1, 0x00, 0x00, 0x00, 0x2f, 0xff, 0xb4, 0xef, 0xff, 0xff, 0xff,
    0xfb, 0x10, 0x00, 0x00, 0x00, 0x2f, 0xff, 0xb0, 0x06, 0xbe, 0xff, 0xea, 0x40, 0x00, 0x00, 0x00,
    0x00, 0x2f, 0xff, 0xb0, 0x00, 0x00, 0x00, 0x00, 0x00, 0x00, 0x00, 0x00, 0x00, 0x2f, 0xff, 0xb0,
    0x00, 0x00, 0x00, 0x00, 0x00, 0x00, 0x00, 0x00, 0x00, 0x2f, 0xff, 0xb0, 0x00, 0x00, 0x00, 0x00,
    0x00, 0x00, 0x00, 0x00, 0x00, 0x2f, 0xff, 0xb0, 0x00, 0x00, 0x00, 0x00, 0x00, 0x00, 0x00, 0x00,
    0x00, 0x2f, 0xff, 0xb0, 0x00, 0x00, 0x00, 0x00, 0x00, 0x00, 0x00, 0x00, 0x00, 0x2f, 0xff, 0xb0,
    0x00, 0x00, 0x00, 0x00, 0x00, 0x00, 0x00, 0x00, 0x00, 0x2f, 0xff, 0xb0, 0x00, 0x00, 0x00, 0x00,
    0x00, 0x00, 0x00, 0x00, 0x00, 0x2f, 0xff, 0xb0, 0x00, 0x00, 0x00, 0x00, 0x00, 0x00, 0x00, 0x00,
    0x00, 0x2f, 0xff, 0xb0, 0x00, 0x00, 0x00, 0x00, 0x00, 0x00, 0x00, 0x00, 0x00, 0x00, 0x00, 0x06,
    0xbe, 0xff, 0xda, 0x40, 0x0d, 0xff, 0xa0, 0x00, 0x00, 0x00, 0x03, 0xef, 0xff, 0xff, 0xff, 0xfb,
    0x1e, 0xff, 0xa0, 0x00, 0x00, 0x00, 0x4f, 0xff, 0xff, 0xff, 0xff, 0xff, 0xdf, 0xff, 0xa0, 0x00,
    0x00, 0x02, 0xff, 0xff, 0xf8, 0x31, 0x25, 0xbf, 0xff, 0xff, 0xa0, 0x00, 0x00, 0x0a, 0xff, 0xfd,
    0x20, 0x00, 0x00, 0x05, 0xff, 0xff, 0xa0, 0x00, 0x00, 0x2f, 0xff, 0xf2, 0x00, 0x00, 0x00, 0x00,
    0x6f, 0xff, 0xa0, 0x00, 0x00, 0x7f, 0xff, 0x90, 0x00, 0x00, 0x00, 0x00, 0x2f, 0xff, 0xa0, 0x00,
    0x00, 0xbf, 0xff, 0x30, 0x00, 0x00, 0x00, 0x00, 0x2f, 0xff, 0xa0, 0x00, 0x00, 0xef, 0xff, 0x00,
    0x00, 0x00, 0x00, 0x00, 0x2f, 0xff, 0xa0, 0x00, 0x00, 0xff, 0xfd, 0x00, 0x00, 0x00, 0x00, 0x00,
    0x2f, 0xff, 0xa0, 0x00, 0x00, 0xff, 0xfc, 0x00, 0x00, 0x00, 0x00, 0x00, 0x2f, 0xff, 0xa0, 0x00,
    0x00, 0xff, 0xfc, 0x00, 0x00, 0x00, 0x00, 0x00, 0x2f, 0xff, 0xa0, 0x00, 0x00, 0xff, 0xfd, 0x00,
    0x00, 0x00, 0x00, 0x00, 0x2f, 0xff, 0xa0, 0x00, 0x00, 0xef, 0xff, 0x00, 0x00, 0x00, 0x00, 0x00,
    0x2f, 0xff, 0xa0, 0x00, 0x00, 0xbf, 0xff, 0x30, 0x00, 0x00, 0x00, 0x00, 0x2f, 0xff, 0xa0, 0x00,
    0x00, 0x7f, 0xff, 0x90, 0x00, 0x00, 0x00, 0x00, 0x2f, 0xff, 0xa0, 0x00, 0x00, 0x1f, 0xff, 0xf2,
    0x00, 0x00, 0x00, 0x00, 0x7f, 0xff, 0xa0, 0x00, 0x00, 0x09, 0xff, 0xfd, 0x20, 0x00, 0x00, 0x06,
    0xff, 0xff, 0xa0, 0x00, 0x00, 0x01, 0xef, 0xff, 0xf8, 0x32, 0x25, 0xbf, 0xff, 0xff, 0xa0, 0x00,
    0x00, 0x00, 0x3f, 0xff, 0xff, 0xff, 0xff, 0xff, 0xff, 0xff, 0xa0, 0x00, 0x00, 0x00, 0x03, 0xdf,
    0xff, 0xff, 0xff, 0xfb, 0x3f, 0xff, 0xa0, 0x00, 0x00, 0x00, 0x00, 0x06, 0xbe, 0xff, 0xda, 0x40,
    0x2f, 0xff, 0xa0, 0x00, 0x00, 0x00, 0x00, 0x00, 0x00, 0x00, 0x00, 0x00, 0x2f, 0xff, 0xa0, 0x00,
    0x00, 0x00, 0x00, 0x00, 0x00, 0x00, 0x00, 0x00, 0x2f, 0xff, 0xa0, 0x00, 0x00, 0x00, 0x00, 0x00,
    0x00, 0x00, 0x00, 0x00, 0x2f, 0xff, 0xa0, 0x00, 0x00, 0x00, 0x00, 0x00, 0x00, 0x00, 0x00, 0x00,
    0x2f, 0xff, 0xa0, 0x00, 0x00, 0x00, 0x00, 0x00, 0x00, 0x00, 0x00, 0x00, 0x2f, 0xff, 0xa0, 0x00,
    0x00, 0x00, 0x00, 0x00, 0x00, 0x00, 0x00, 0x00, 0x2f, 0xff, 0xa0, 0x00, 0x00, 0x00, 0x00, 0x00,
    0x00, 0x00, 0x00, 0x00, 0x2f, 0xff, 0xa0, 0x00, 0x00, 0x00, 0x00, 0x00, 0x00, 0x00, 0x00, 0x00,
    0x2f, 0xff, 0xa0, 0x00, 0x00, 0x00, 0x00, 0x00, 0x00, 0x00, 0x00, 0x00, 0x2f, 0xff, 0xa0, 0x00,
    0x00, 0x1f, 0xff, 0x90, 0x18, 0xdf, 0xf8, 0x00, 0x1f, 0xff, 0xa3, 0xef, 0xff, 0xf9, 0x00, 0x1f,
    0xff, 0xce, 0xff, 0xff, 0xf9, 0x00, 0x1f, 0xff, 0xff, 0xff, 0xca, 0xa7, 0x00, 0x1f, 0xff, 0xff,
    0x91, 0x00, 0x00, 0x00, 0x1f, 0xff, 0xf7, 0x00, 0x00, 0x00, 0x00, 0x1f, 0xff, 0xd0, 0x00, 0x00,
    0x00, 0x00, 0x1f, 0xff, 0xb0, 0x00, 0x00, 0x00, 0x00, 0x1f, 0xff, 0xb0, 0x00, 0x00, 0x00, 0x00,
    0x1f, 0xff, 0xb0, 0x00, 0x00, 0x00, 0x00, 0x1f, 0xff, 0xb0, 0x00, 0x00, 0x00, 0x00, 0x1f, 0xff,
    0xb0, 0x00, 0x00, 0x00, 0x00, 0x1f, 0xff, 0xb0, 0x00, 0x00, 0x00, 0x00, 0x1f, 0xff, 0xb0, 0x00,
    0x00, 0x00, 0x00, 0x1f, 0xff, 0xb0, 0x00, 0x00, 0x00, 0x00, 0x1f, 0xff, 0xb0, 0x00, 0x00, 0x00,
    0x00, 0x1f, 0xff, 0xb0, 0x00, 0x00, 0x00, 0x00, 0x1f, 0xff, 0xb0, 0x00, 0x00, 0x00, 0x00, 0x1f,
    0xff, 0xb0, 0x00, 0x00, 0x00, 0x00, 0x1f, 0xff, 0xb0, 0x00, 0x00, 0x00, 0x00, 0x1f, 0xff, 0xb0,
    0x00, 0x00, 0x00, 0x00, 0x1f, 0xff, 0xb0, 0x00, 0x00, 0x00, 0x00, 0x00, 0x00, 0x17, 0xce, 0xff,
    0xeb, 0x71, 0x00, 0x00, 0x00, 0x00, 0x00, 0x08, 0xff, 0xff, 0xff, 0xff, 0xff, 0x70, 0x00, 0x00,
    0x00, 0x00, 0xbf, 0xff, 0xff, 0xff, 0xff, 0xff, 0xf9, 0x00, 0x00, 0x00, 0x08, 0xff, 0xff, 0x83,
    0x22, 0x5b, 0xff, 0xff, 0x60, 0x00, 0x00, 0x0f, 0xff, 0xf2, 0x00, 0x00, 0x00, 0x7f, 0xff, 0xe0,
    0x00, 0x00, 0x3f, 0xff, 0x90, 0x00, 0x00, 0x00, 0x0c, 0xff, 0xf3, 0x00, 0x00, 0x4f, 0xff, 0x90,
    0x00, 0x00, 0x00, 0x06, 0xee, 0xe5, 0x00, 0x00, 0x2f, 0xff, 0xe1, 0x00, 0x00, 0x00, 0x00, 0x00,
    0x00, 0x00, 0x00, 0x0b, 0xff, 0xfe, 0x82, 0x00, 0x00, 0x00, 0x00, 0x00, 0x00, 0x00, 0x01, 0xdf,
    0xff, 0xff, 0xea, 0x62, 0x00, 0x00, 0x00, 0x00, 0x00, 0x00, 0x09, 0xff, 0xff, 0xff, 0xff, 0xd7,
    0x10, 0x00, 0x00, 0x00, 0x00, 0x00, 0x17, 0xcf, 0xff, 0xff, 0xff, 0xf6, 0x00, 0x00, 0x00, 0x00,
    0x00, 0x00, 0x00, 0x47, 0xbf, 0xff, 0xff, 0x70, 0x00, 0x00, 0x00, 0x00, 0x00, 0x00, 0x00, 0x01,
    0x9f, 0xff, 0xf2, 0x00, 0x00, 0x44, 0x43, 0x00, 0x00, 0x00, 0x00, 0x09, 0xff, 0xf7, 0x00, 0x00,
    0xff, 0xfe, 0x00, 0x00, 0x00, 0x00, 0x03, 0xff, 0xf9, 0x00, 0x00, 0xcf, 0xff, 0x30, 0x00, 0x00,
    0x00, 0x04, 0xff, 0xf8, 0x00, 0x00, 0x6f, 0xff, 0xd2, 0x00, 0x00, 0x00, 0x0c, 0xff, 0xf4, 0x00,
    0x00, 0x0c, 0xff, 0xff, 0x94, 0x22, 0x37, 0xdf, 0xff, 0xd0, 0x00, 0x00, 0x01, 0xdf, 0xff, 0xff,
    0xff, 0xff, 0xff, 0xfe, 0x20, 0x00, 0x00, 0x00, 0x09, 0xff, 0xff, 0xff, 0xff, 0xff, 0xb1, 0x00,
    0x00, 0x00, 0x00, 0x00, 0x28, 0xce, 0xff, 0xec, 0x83, 0x00, 0x00, 0x00, 0x00, 0x00, 0xcf, 0xff,
    0x00, 0x00, 0x00, 0x00, 0x00, 0xcf, 0xff, 0x00, 0x00, 0x00, 0x00, 0x00, 0xcf, 0xff, 0x00, 0x00,
    0x00, 0x00, 0x00, 0xcf, 0xff, 0x00, 0x00, 0x00, 0x00, 0x00, 0xcf, 0xff, 0x00, 0x00, 0x00, 0x00,
    0x00, 0xcf, 0xff, 0x00, 0x00, 0x00, 0xdf, 0xff, 0xff, 0xff, 0xff, 0xff, 0x30, 0xdf, 0xff, 0xff,
    0xff, 0xff, 0xff, 0x30, 0xbe, 0xee, 0xff, 0xff, 0xee, 0xee, 0x20, 0x00, 0x00, 0xcf, 0xff, 0x00,
    0x00, 0x00, 0x00, 0x00, 0xcf, 0xff, 0x00, 0x00, 0x00, 0x00, 0x00, 0xcf, 0xff, 0x00, 0x00, 0x00,
    0x00, 0x00, 0xcf, 0xff, 0x00, 0x00, 0x00, 0x00, 0x00, 0xcf, 0xff, 0x00, 0x00, 0x00, 0x00, 0x00,
    0xcf, 0xff, 0x00, 0x00, 0x00, 0x00, 0x00, 0xcf, 0xff, 0x00, 0x00, 0x00, 0x00, 0x00, 0xcf, 0xff,
    0x00, 0x00, 0x00, 0x00, 0x00, 0xcf, 0xff, 0x00, 0x00, 0x00, 0x00, 0x00, 0xcf, 0xff, 0x00, 0x00,
    0x00, 0x00, 0x00, 0xcf, 0xff, 0x00, 0x00, 0x00, 0x00, 0x00, 0xcf, 0xff, 0x00, 0x00, 0x00, 0x00,
    0x00, 0xcf, 0xff, 0x00, 0x00, 0x00, 0x00, 0x00, 0xbf, 0xff, 0x10, 0x00, 0x00, 0x00, 0x00, 0xaf,
    0xff, 0x40, 0x00, 0x00, 0x00, 0x00, 0x7f, 0xff, 0xe6, 0x45, 0x20, 0x00, 0x00, 0x1f, 0xff, 0xff,
    0xff, 0x40, 0x00, 0x00, 0x06, 0xff, 0xff, 0xff, 0x40, 0x00, 0x00, 0x00, 0x4b, 0xef, 0xfc, 0x20,
    0x00, 0x3f, 0xff, 0x90, 0x00, 0x00, 0x00, 0x00, 0x8f, 0xff, 0x40, 0x00, 0x03, 0xff, 0xf9, 0x00,
    0x00, 0x00, 0x00, 0x08, 0xff, 0xf4, 0x00, 0x00, 0x3f, 0xff, 0x90, 0x00, 0x00, 0x00, 0x00, 0x8f,
    0xff, 0x40, 0x00, 0x03, 0xff, 0xf9, 0x00, 0x00, 0x00, 0x00, 0x08, 0xff, 0xf4, 0x00, 0x00, 0x3f,
    0xff, 0x90, 0x00, 0x00, 0x00, 0x00, 0x8f, 0xff, 0x40, 0x00, 0x03, 0xff, 0xf9, 0x00, 0x00, 0x00,
    0x00, 0x08, 0xff, 0xf4, 0x00, 0x00, 0x3f, 0xff, 0x90, 0x00, 0x00, 0x00, 0x00, 0x8f, 0xff, 0x40,
    0x00, 0x03, 0xff, 0xf9, 0x00, 0x00, 0x00, 0x00, 0x08, 0xff, 0xf4, 0x00, 0x00, 0x3f, 0xff, 0x90,
    0x00, 0x00, 0x00, 0x00, 0x8f, 0xff, 0x40, 0x00, 0x03, 0xff, 0xf9, 0x00, 0x00, 0x00, 0x00, 0x08,
    0xff, 0xf4, 0x00, 0x00, 0x3f, 0xff, 0x90, 0x00, 0x00, 0x00, 0x00, 0x8f, 0xff, 0x40, 0x00, 0x03,
    0xff, 0xf9, 0x00, 0x00, 0x00, 0x00, 0x08, 0xff, 0xf4, 0x00, 0x00, 0x3f, 0xff, 0x90, 0x00, 0x00,
    0x00, 0x00, 0x8f, 0xff, 0x40, 0x00, 0x03, 0xff, 0xf9, 0x00, 0x00, 0x00, 0x00, 0x08, 0xff, 0xf4,
    0x00, 0x00, 0x2f, 0xff, 0xa0, 0x00, 0x00, 0x00, 0x00, 0x8f, 0xff, 0x40, 0x00, 0x01, 0xff, 0xfb,
    0x00, 0x00, 0x00, 0x00, 0x09, 0xff, 0xf4, 0x00, 0x00, 0x0f, 0xff, 0xf1, 0x00, 0x00, 0x00, 0x02,
    0xff, 0xff, 0x40, 0x00, 0x00, 0xbf, 0xff, 0x90, 0x00, 0x00, 0x02, 0xdf, 0xff, 0xf4, 0x00, 0x00,
    0x04, 0xff, 0xff, 0xc5, 0x34, 0x6a, 0xff, 0xff, 0xff, 0x40, 0x00, 0x00, 0x0b, 0xff, 0xff, 0xff,
    0xff, 0xff, 0xfd, 0xff, 0xf4, 0x00, 0x00, 0x00, 0x0a, 0xff, 0xff, 0xff, 0xff, 0xf6, 0x6f, 0xff,
    0x40, 0x00, 0x00, 0x00, 0x04, 0xad, 0xff, 0xec, 0x71, 0x05, 0xff, 0xf4, 0x00, 0x2f, 0xff, 0xb0,
    0x00, 0x00, 0x00, 0x00, 0x07, 0xff, 0xf6, 0x0c, 0xff, 0xf1, 0x00, 0x00, 0x00, 0x00, 0x0c, 0xff,
    0xf1, 0x06, 0xff, 0xf6, 0x00, 0x00, 0x00, 0x00, 0x1f, 0xff, 0xa0, 0x01, 0xff, 0xfc, 0x00, 0x00,
    0x00, 0x00, 0x6f, 0xff, 0x50, 0x00, 0xaf, 0xff, 0x10, 0x00, 0x00, 0x00, 0xcf, 0xfe, 0x00, 0x00,
    0x5f, 0xff, 0x60, 0x00, 0x00, 0x01, 0xff, 0xf9, 0x00, 0x00, 0x0e, 0xff, 0xc0, 0x00, 0x00, 0x06,
    0xff, 0xf3, 0x00, 0x00, 0x09, 0xff, 0xf1, 0x00, 0x00, 0x0b, 0xff, 0xd0, 0x00, 0x00, 0x03, 0xff,
    0xf6, 0x00, 0x00, 0x1f, 0xff, 0x80, 0x00, 0x00, 0x00, 0xdf, 0xfc, 0x00, 0x00, 0x6f, 0xff, 0x20,
    0x00, 0x00, 0x00, 0x7f, 0xff, 0x10, 0x00, 0xbf, 0xfc, 0x00, 0x00, 0x00, 0x00, 0x2f, 0xff, 0x60,
    0x01, 0xff, 0xf6, 0x00, 0x00, 0x00, 0x00, 0x0c, 0xff, 0xc0, 0x05, 0xff, 0xf1, 0x00, 0x00, 0x00,
    0x00, 0x06, 0xff, 0xf1, 0x0b, 0xff, 0xb0, 0x00, 0x00, 0x00, 0x00, 0x00, 0xff, 0xf6, 0x0f, 0xff,
    0x50, 0x00, 0x00, 0x00, 0x00, 0x00, 0xaf, 0xfc, 0x5f, 0xff, 0x00, 0x00, 0x00, 0x00, 0x00, 0x00,
    0x4f, 0xff, 0xcf, 0xf9, 0x00, 0x00, 0x00, 0x00, 0x00, 0x00, 0x0e, 0xff, 0xff, 0xf3, 0x00, 0x00,
    0x00, 0x00, 0x00, 0x00, 0x09, 0xff, 0xff, 0xd0, 0x00, 0x00, 0x00, 0x00, 0x00, 0x00, 0x03, 0xff,
    0xff, 0x80, 0x00, 0x00, 0x00, 0x00, 0x00, 0x00, 0x00, 0xdf, 0xff, 0x20, 0x00, 0x00, 0x00, 0x00,
    0x00, 0x00, 0x00, 0x7f, 0xfc, 0x00, 0x00, 0x00, 0x00, 0x0f, 0xff, 0xc0, 0x00, 0x00, 0x00, 0x00,
    0xef, 0xf6, 0x00, 0x00, 0x00, 0x00, 0x5f, 0xff, 0x60, 0x0b, 0xff, 0xf1, 0x00, 0x00, 0x00, 0x04,
    0xff, 0xfb, 0x00, 0x00, 0x00, 0x00, 0x9f, 0xff, 0x20, 0x06, 0xff, 0xf5, 0x00, 0x00, 0x00, 0x09,
    0xff, 0xff, 0x10, 0x00, 0x00, 0x00, 0xdf, 0xfd, 0x00, 0x01, 0xff, 0xf9, 0x00, 0x00, 0x00, 0x0e,
    0xff, 0xff, 0x50, 0x00, 0x00, 0x01, 0xff, 0xf8, 0x00, 0x00, 0xcf, 0xfd, 0x00, 0x00, 0x00, 0x3f,
    0xff, 0xff, 0xa0, 0x00, 0x00, 0x05, 0xff, 0xf4, 0x00, 0x00, 0x8f, 0xff, 0x20, 0x00, 0x00, 0x8f,
    0xfd, 0xff, 0xf0, 0x00, 0x00, 0x09, 0xff, 0xf0, 0x00, 0x00, 0x3f, 0xff, 0x60, 0x00, 0x00, 0xdf,
    0xf5, 0xef, 0xf4, 0x00, 0x00, 0x0d, 0xff, 0xa0, 0x00, 0x00, 0x0e, 0xff, 0xa0, 0x00, 0x02, 0xff,
    0xf0, 0xaf, 0xf9, 0x00, 0x00, 0x1f, 0xff, 0x60, 0x00, 0x00, 0x0a, 0xff, 0xe0, 0x00, 0x07, 0xff,
    0xa0, 0x4f, 0xfe, 0x00, 0x00, 0x5f, 0xff, 0x10, 0x00, 0x00, 0x05, 0xff, 0xf3, 0x00, 0x0c, 0xff,
    0x50, 0x0f, 0xff, 0x30, 0x00, 0xaf, 0xfc, 0x00, 0x00, 0x00, 0x01, 0xff, 0xf7, 0x00, 0x1f, 0xff,
    0x10, 0x0a, 0xff, 0x80, 0x00, 0xef, 0xf8, 0x00, 0x00, 0x00, 0x00, 0xcf, 0xfb, 0x00, 0x6f, 0xfb,
    0x00, 0x05, 0xff, 0xd0, 0x02, 0xff, 0xf3, 0x00, 0x00, 0x00, 0x00, 0x7f, 0xff, 0x00, 0xbf, 0xf6,
    0x00, 0x00, 0xff, 0xf2, 0x06, 0xff, 0xe0, 0x00, 0x00, 0x00, 0x00, 0x2f, 0xff, 0x41, 0xff, 0xf1,
    0x00, 0x00, 0xbf, 0xf7, 0x0a, 0xff, 0xa0, 0x00, 0x00, 0x00, 0x00, 0x0d, 0xff, 0x85, 0xff, 0xc0,
    0x00, 0x00, 0x5f, 0xfc, 0x0e, 0xff, 0x50, 0x00, 0x00, 0x00, 0x00, 0x09, 0xff, 0xca, 0xff, 0x70,
    0x00, 0x00, 0x1f, 0xff, 0x4f, 0xff, 0x10, 0x00, 0x00, 0x00, 0x00, 0x04, 0xff, 0xff, 0xff, 0x20,
    0x00, 0x00, 0x0b, 0xff, 0xdf, 0xfc, 0x00, 0x00, 0x00, 0x00, 0x00, 0x00, 0xff, 0xff, 0xfd, 0x00,
    0x00, 0x00, 0x06, 0xff, 0xff, 0xf7, 0x00, 0x00, 0x00, 0x00, 0x00, 0x00, 0xbf, 0xff, 0xf8, 0x00,
    0x00, 0x00, 0x01, 0xff, 0xff, 0xf2, 0x00, 0x00, 0x00, 0x00, 0x00, 0x00, 0x6f, 0xff, 0xf3, 0x00,
    0x00, 0x00, 0x00, 0xbf, 0xff, 0xd0, 0x00, 0x00, 0x00, 0x00, 0x00, 0x00, 0x1f, 0xff, 0xe0, 0x00,
    0x00, 0x00, 0x00, 0x6f, 0xff, 0x90, 0x00, 0x00, 0x00, 0x00, 0x00, 0x00, 0x0d, 0xff, 0x90, 0x00,
    0x00, 0x00, 0x00, 0x1f, 0xff, 0x40, 0x00, 0x00, 0x00, 0x09, 0xff, 0xfc, 0x00, 0x00, 0x00, 0x00,
    0x1f, 0xff, 0xf5, 0x00, 0x0d, 0xff, 0xf5, 0x00, 0x00, 0x00, 0x0b, 0xff, 0xfa, 0x00, 0x00, 0x3f,
    0xff, 0xe0, 0x00, 0x00, 0x04, 0xff, 0xfe, 0x10, 0x00, 0x00, 0x9f, 0xff, 0x90, 0x00, 0x00, 0xef,
    0xff, 0x50, 0x00, 0x00, 0x00, 0xdf, 0xff, 0x30, 0x00, 0x8f, 0xff, 0xa0, 0x00, 0x00, 0x00, 0x03,
    0xff, 0xfc, 0x00, 0x2f, 0xff, 0xe1, 0x00, 0x00, 0x00, 0x00, 0x09, 0xff, 0xf6, 0x0c, 0xff, 0xf5,
    0x00, 0x00, 0x00, 0x00, 0x00, 0x0d, 0xff, 0xe7, 0xff, 0xfa, 0x00, 0x00, 0x00, 0x00, 0x00, 0x00,
    0x3f, 0xff, 0xff, 0xfe, 0x10, 0x00, 0x00, 0x00, 0x00, 0x00, 0x00, 0x9f, 0xff, 0xff, 0x50, 0x00,
    0x00, 0x00, 0x00, 0x00, 0x00, 0x00, 0xef, 0xff, 0xa0, 0x00, 0x00, 0x00, 0x00, 0x00, 0x00, 0x00,
    0x2f, 0xff, 0xfd, 0x00, 0x00, 0x00, 0x00, 0x00, 0x00, 0x00, 0x0c, 0xff, 0xff, 0xf8, 0x00, 0x00,
    0x00, 0x00, 0x00, 0x00, 0x07, 0xff, 0xff, 0xff, 0xf3, 0x00, 0x00, 0x00, 0x00, 0x00, 0x02, 0xff,
    0xfe, 0x3f, 0xff, 0xd0, 0x00, 0x00, 0x00, 0x00, 0x00, 0xcf, 0xff, 0x40, 0x8f, 0xff, 0x80, 0x00,
    0x00, 0x00, 0x00, 0x7f, 0xff, 0xb0, 0x00, 0xdf, 0xff, 0x30, 0x00, 0x00, 0x00, 0x2f, 0xff, 0xf1,
    0x00, 0x04, 0xff, 0xfd, 0x00, 0x00, 0x00, 0x0c, 0xff, 0xf7, 0x00, 0x00, 0x0a, 0xff, 0xf9, 0x00,
    0x00, 0x07, 0xff, 0xfc, 0x00, 0x00, 0x00, 0x1f, 0xff, 0xf3, 0x00, 0x02, 0xff, 0xff, 0x30, 0x00,
    0x00, 0x00, 0x6f, 0xff, 0xd0, 0x00, 0xcf, 0xff, 0x90, 0x00, 0x00, 0x00, 0x00, 0xcf, 0xff, 0x90,
    0x5f, 0xff, 0xc0, 0x00, 0x00, 0x00, 0x00, 0x0d, 0xff, 0xf2, 0x0f, 0xff, 0xf1, 0x00, 0x00, 0x00,
    0x00, 0x2f, 0xff, 0xd0, 0x0a, 0xff, 0xf6, 0x00, 0x00, 0x00, 0x00, 0x7f, 0xff, 0x70, 0x04, 0xff,
    0xfc, 0x00, 0x00, 0x00, 0x00, 0xcf, 0xff, 0x20, 0x00, 0xef, 0xff, 0x10, 0x00, 0x00, 0x01, 0xff,
    0xfc, 0x00, 0x00, 0x8f, 0xff, 0x70, 0x00, 0x00, 0x06, 0xff, 0xf7, 0x00, 0x00, 0x3f, 0xff, 0xc0,
    0x00, 0x00, 0x0b, 0xff, 0xf1, 0x00, 0x00, 0x0d, 0xff, 0xf1, 0x00, 0x00, 0x1f, 0xff, 0xb0, 0x00,
    0x00, 0x07, 0xff, 0xf7, 0x00, 0x00, 0x5f, 0xff, 0x60, 0x00, 0x00, 0x01, 0xff, 0xfc, 0x00, 0x00,
    0xaf, 0xff, 0x10, 0x00, 0x00, 0x00, 0xbf, 0xff, 0x20, 0x00, 0xff, 0xfb, 0x00, 0x00, 0x00, 0x00,
    0x6f, 0xff, 0x70, 0x04, 0xff, 0xf5, 0x00, 0x00, 0x00, 0x00, 0x0f, 0xff, 0xc0, 0x09, 0xff, 0xf0,
    0x00, 0x00, 0x00, 0x00, 0x0a, 0xff, 0xf2, 0x0e, 0xff, 0xa0, 0x00, 0x00, 0x00, 0x00, 0x04, 0xff,
    0xf7, 0x3f, 0xff, 0x40, 0x00, 0x00, 0x00, 0x00, 0x00, 0xef, 0xfc, 0x8f, 0xfe, 0x00, 0x00, 0x00,
    0x00, 0x00, 0x00, 0x9f, 0xff, 0xef, 0xf9, 0x00, 0x00, 0x00, 0x00, 0x00, 0x00, 0x3f, 0xff, 0xff,
    0xf3, 0x00, 0x00, 0x00, 0x00, 0x00, 0x00, 0x0d, 0xff, 0xff, 0xe0, 0x00, 0x00, 0x00, 0x00, 0x00,
    0x00, 0x07, 0xff, 0xff, 0x80, 0x00, 0x00, 0x00, 0x00, 0x00, 0x00, 0x02, 0xff, 0xff, 0x30, 0x00,
    0x00, 0x00, 0x00, 0x00, 0x00, 0x00, 0xcf, 0xfd, 0x00, 0x00, 0x00, 0x00, 0x00, 0x00, 0x00, 0x00,
    0xef, 0xf7, 0x00, 0x00, 0x00, 0x00, 0x00, 0x00, 0x00, 0x04, 0xff, 0xf2, 0x00, 0x00, 0x00, 0x00,
    0x00, 0x00, 0x00, 0x09, 0xff, 0xc0, 0x00, 0x00, 0x00, 0x00, 0x00, 0x00, 0x00, 0x1f, 0xff, 0x70,
    0x00, 0x00, 0x00, 0x00, 0x00, 0x00, 0x00, 0xcf, 0xff, 0x10, 0x00, 0x00, 0x00, 0x00, 0x01, 0x55,
    0x8e, 0xff, 0xf8, 0x00, 0x00, 0x00, 0x00, 0x00, 0x04, 0xff, 0xff, 0xff, 0xc0, 0x00, 0x00, 0x00,
    0x00, 0x00, 0x04, 0xff, 0xff, 0xfc, 0x10, 0x00, 0x00, 0x00, 0x00, 0x00, 0x02, 0xdf, 0xfc, 0x70,
    0x00, 0x00, 0x00, 0x00, 0x00, 0x00, 0x00, 0xff, 0xff, 0xff, 0xff, 0xff, 0xff, 0xff, 0xff, 0xd0,
    0x00, 0x0f, 0xff, 0xff, 0xff, 0xff, 0xff, 0xff, 0xff, 0xfd, 0x00, 0x00, 0xff, 0xff, 0xff, 0xff,
    0xff, 0xff, 0xff, 0xff, 0xc0, 0x00, 0x02, 0x22, 0x22, 0x22, 0x22, 0x22, 0x6f, 0xff, 0xf3, 0x00,
    0x00, 0x00, 0x00, 0x00, 0x00, 0x00, 0x1e, 0xff, 0xf7, 0x00, 0x00, 0x00, 0x00, 0x00, 0x00, 0x00,
    0x0c, 0xff, 0xfb, 0x00, 0x00, 0x00, 0x00, 0x00, 0x00, 0x00, 0x08, 0xff, 0xfd, 0x10, 0x00, 0x00,
    0x00, 0x00, 0x00, 0x00, 0x04, 0xff, 0xff, 0x30, 0x00, 0x00, 0x00, 0x00, 0x00, 0x00, 0x01, 0xef,
    0xff, 0x60, 0x00, 0x00, 0x00, 0x00, 0x00, 0x00, 0x00, 0xcf, 0xff, 0xa0, 0x00, 0x00, 0x00, 0x00,
    0x00, 0x00, 0x00, 0x9f, 0xff, 0xd0, 0x00, 0x00, 0x00, 0x00, 0x00, 0x00, 0x00, 0x5f, 0xff, 0xf2,
    0x00, 0x00, 0x00, 0x00, 0x00, 0x00, 0x00, 0x2f, 0xff, 0xf5, 0x00, 0x00, 0x00, 0x00, 0x00, 0x00,
    0x00, 0x0c, 0xff, 0xf9, 0x00, 0x00, 0x00, 0x00, 0x00, 0x00, 0x00, 0x09, 0xff, 0xfd, 0x00, 0x00,
    0x00, 0x00, 0x00, 0x00, 0x00, 0x05, 0xff, 0xff, 0x20, 0x00, 0x00, 0x00, 0x00, 0x00, 0x00, 0x02,
    0xff, 0xff, 0x50, 0x00, 0x00, 0x00, 0x00, 0x00, 0x00, 0x00, 0xdf, 0xff, 0x90, 0x00, 0x00, 0x00,
    0x00, 0x00, 0x00, 0x00, 0xaf, 0xff, 0xd2, 0x22, 0x22, 0x22, 0x22, 0x22, 0x20, 0x00, 0x2f, 0xff,
    0xff, 0xff, 0xff, 0xff, 0xff, 0xff, 0xff, 0x60, 0x02, 0xff, 0xff, 0xff, 0xff, 0xff, 0xff, 0xff,
    0xff, 0xf6, 0x00, 0x2f, 0xff, 0xff, 0xff, 0xff, 0xff, 0xff, 0xff, 0xff, 0x60, 0x00, 0x00, 0x00,
    0x00, 0x00, 0x17, 0xd2, 0x00, 0x00, 0x00, 0x00, 0x07, 0xff, 0xf7, 0x00, 0x00, 0x00, 0x00, 0xaf,
    0xff, 0xe5, 0x00, 0x00, 0x00, 0x08, 0xff, 0xfa, 0x00, 0x00, 0x00, 0x00, 0x2f, 0xff, 0xc0, 0x00,
    0x00, 0x00, 0x00, 0x9f, 0xff, 0x40, 0x00, 0x00, 0x00, 0x00, 0xef, 0xfe, 0x00, 0x00, 0x00, 0x00,
    0x02, 0xff, 0xfa, 0x00, 0x00, 0x00, 0x00, 0x04, 0xff, 0xf8, 0x00, 0x00, 0x00, 0x00, 0x05, 0xff,
    0xf7, 0x00, 0x00, 0x00, 0x00, 0x05, 0xff, 0xf7, 0x00, 0x00, 0x00, 0x00, 0x05, 0xff, 0xf7, 0x00,
    0x00, 0x00, 0x00, 0x05, 0xff, 0xf7, 0x00, 0x00, 0x00, 0x00, 0x05, 0xff, 0xf7, 0x00, 0x00, 0x00,
    0x00, 0x05, 0xff, 0xf7, 0x00, 0x00, 0x00, 0x00, 0x07, 0xff, 0xf5, 0x00, 0x00, 0x00, 0x00, 0x0b,
    0xff, 0xf2, 0x00, 0x00, 0x00, 0x00, 0x4f, 0xff, 0xc0, 0x00, 0x00, 0x00, 0x16, 0xff, 0xff, 0x30,
    0x00, 0x00, 0x0b, 0xff, 0xff, 0xf6, 0x00, 0x00, 0x00, 0x0c, 0xff, 0xff, 0x60, 0x00, 0x00, 0x00,
    0x0b, 0xff, 0xff, 0xf5, 0x00, 0x00, 0x00, 0x00, 0x27, 0xff, 0xff, 0x30, 0x00, 0x00, 0x00, 0x00,
    0x4f, 0xff, 0xc0, 0x00, 0x00, 0x00, 0x00, 0x0b, 0xff, 0xf1, 0x00, 0x00, 0x00, 0x00, 0x07, 0xff,
    0xf5, 0x00, 0x00, 0x00, 0x00, 0x05, 0xff, 0xf7, 0x00, 0x00, 0x00, 0x00, 0x05, 0xff, 0xf7, 0x00,
    0x00, 0x00, 0x00, 0x05, 0xff, 0xf7, 0x00, 0x00, 0x00, 0x00, 0x05, 0xff, 0xf7, 0x00, 0x00, 0x00,
    0x00, 0x05, 0xff, 0xf7, 0x00, 0x00, 0x00, 0x00, 0x05, 0xff, 0xf7, 0x00, 0x00, 0x00, 0x00, 0x04,
    0xff, 0xf8, 0x00, 0x00, 0x00, 0x00, 0x02, 0xff, 0xfa, 0x00, 0x00, 0x00, 0x00, 0x00, 0xef, 0xfe,
    0x00, 0x00, 0x00, 0x00, 0x00, 0x9f, 0xff, 0x30, 0x00, 0x00, 0x00, 0x00, 0x2f, 0xff, 0xc0, 0x00,
    0x00, 0x00, 0x00, 0x08, 0xff, 0xfa, 0x00, 0x00, 0x00, 0x00, 0x00, 0xaf, 0xff, 0xe5, 0x00, 0x00,
    0x00, 0x00, 0x07, 0xff, 0xf7, 0x00, 0x00, 0x00, 0x00, 0x00, 0x17, 0xd2, 0x00, 0x06, 0xff, 0xa0,
    0x00, 0x00, 0x06, 0xff, 0xa0, 0x00, 0x00, 0x06, 0xff, 0xa0, 0x00, 0x00, 0x06, 0xff, 0xa0, 0x00,
    0x00, 0x06, 0xff, 0xa0, 0x00, 0x00, 0x06, 0xff, 0xa0, 0x00, 0x00, 0x06, 0xff, 0xa0, 0x00, 0x00,
    0x06, 0xff, 0xa0, 0x00, 0x00, 0x06, 0xff, 0xa0, 0x00, 0x00, 0x06, 0xff, 0xa0, 0x00, 0x00, 0x06,
    0xff, 0xa0, 0x00, 0x00, 0x06, 0xff, 0xa0, 0x00, 0x00, 0x06, 0xff, 0xa0, 0x00, 0x00, 0x06, 0xff,
    0xa0, 0x00, 0x00, 0x06, 0xff, 0xa0, 0x00, 0x00, 0x06, 0xff, 0xa0, 0x00, 0x00, 0x06, 0xff, 0xa0,
    0x00, 0x00, 0x06, 0xff, 0xa0, 0x00, 0x00, 0x06, 0xff, 0xa0, 0x00, 0x00, 0x06, 0xff, 0xa0, 0x00,
    0x00, 0x06, 0xff, 0xa0, 0x00, 0x00, 0x06, 0xff, 0xa0, 0x00, 0x00, 0x06, 0xff, 0xa0, 0x00, 0x00,
    0x06, 0xff, 0xa0, 0x00, 0x00, 0x06, 0xff, 0xa0, 0x00, 0x00, 0x06, 0xff, 0xa0, 0x00, 0x00, 0x06,
    0xff, 0xa0, 0x00, 0x00, 0x06, 0xff, 0xa0, 0x00, 0x00, 0x06, 0xff, 0xa0, 0x00, 0x00, 0x06, 0xff,
    0xa0, 0x00, 0x00, 0x06, 0xff, 0xa0, 0x00, 0x00, 0x06, 0xff, 0xa0, 0x00, 0x00, 0x06, 0xff, 0xa0,
    0x00, 0x00, 0x06, 0xff, 0xa0, 0x00, 0x00, 0x06, 0xff, 0xa0, 0x00, 0x00, 0x06, 0xff, 0xa0, 0x00,
    0x0d, 0x92, 0x00, 0x00, 0x00, 0x00, 0x00, 0x4f, 0xff, 0x90, 0x00, 0x00, 0x00, 0x00, 0x4c, 0xff,
    0xfc, 0x00, 0x00, 0x00, 0x00, 0x00, 0x7f, 0xff, 0xb0, 0x00, 0x00, 0x00, 0x00, 0x09, 0xff, 0xf5,
    0x00, 0x00, 0x00, 0x00, 0x01, 0xff, 0xfc, 0x00, 0x00, 0x00, 0x00, 0x00, 0xbf, 0xff, 0x10, 0x00,
    0x00, 0x00, 0x00, 0x7f, 0xff, 0x50, 0x00, 0x00, 0x00, 0x00, 0x5f, 0xff, 0x70, 0x00, 0x00, 0x00,
    0x00, 0x4f, 0xff, 0x80, 0x00, 0x00, 0x00, 0x00, 0x4f, 0xff, 0x80, 0x00, 0x00, 0x00, 0x00, 0x4f,
    0xff, 0x80, 0x00, 0x00, 0x00, 0x00, 0x4f, 0xff, 0x80, 0x00, 0x00, 0x00, 0x00, 0x4f, 0xff, 0x80,
    0x00, 0x00, 0x00, 0x00, 0x4f, 0xff, 0x80, 0x00, 0x00, 0x00, 0x00, 0x2f, 0xff, 0xa0, 0x00, 0x00,
    0x00, 0x00, 0x0e, 0xff, 0xe0, 0x00, 0x00, 0x00, 0x00, 0x09, 0xff, 0xf6, 0x00, 0x00, 0x00, 0x00,
    0x01, 0xef, 0xff, 0x82, 0x00, 0x00, 0x00, 0x00, 0x3e, 0xff, 0xff, 0xe0, 0x00, 0x00, 0x00, 0x01,
    0xef, 0xff, 0xf0, 0x00, 0x00, 0x00, 0x2e, 0xff, 0xff, 0xe0, 0x00, 0x00, 0x01, 0xef, 0xff, 0x82,
    0x00, 0x00, 0x00, 0x09, 0xff, 0xf7, 0x00, 0x00, 0x00, 0x00, 0x0e, 0xff, 0xe0, 0x00, 0x00, 0x00,
    0x00, 0x2f, 0xff, 0xa0, 0x00, 0x00, 0x00, 0x00, 0x4f, 0xff, 0x80, 0x00, 0x00, 0x00, 0x00, 0x4f,
    0xff, 0x80, 0x00, 0x00, 0x00, 0x00, 0x4f, 0xff, 0x80, 0x00, 0x00, 0x00, 0x00, 0x4f, 0xff, 0x80,
    0x00, 0x00, 0x00, 0x00, 0x4f, 0xff, 0x80, 0x00, 0x00, 0x00, 0x00, 0x4f, 0xff, 0x80, 0x00, 0x00,
    0x00, 0x00, 0x5f, 0xff, 0x70, 0x00, 0x00, 0x00, 0x00, 0x7f, 0xff, 0x50, 0x00, 0x00, 0x00, 0x00,
    0xbf, 0xff, 0x10, 0x00, 0x00, 0x00, 0x01, 0xff, 0xfc, 0x00, 0x00, 0x00, 0x00, 0x0a, 0xff, 0xf5,
    0x00, 0x00, 0x00, 0x00, 0x8f, 0xff, 0xb0, 0x00, 0x00, 0x00, 0x4d, 0xff, 0xfc, 0x00, 0x00, 0x00,
    0x00, 0x4f, 0xff, 0x90, 0x00, 0x00, 0x00, 0x00, 0x0d, 0x82, 0x00, 0x00, 0x00, 0x00, 0x00, 0x00,
    0x00, 0x00, 0x6c, 0xff, 0xea, 0x40, 0x00, 0x00, 0x00, 0x00, 0x00, 0x00, 0x00, 0x00, 0x00, 0x01,
    0xcf, 0xff, 0xff, 0xff, 0xb1, 0x00, 0x00, 0x00, 0x04, 0xff, 0xe0, 0x00, 0x00, 0x00, 0xdf, 0xff,
    0xff, 0xff, 0xff, 0xe3, 0x00, 0x00, 0x00, 0x7f, 0xfc, 0x00, 0x00, 0x00, 0x7f, 0xff, 0xd7, 0x58,
    0xff, 0xff, 0xf6, 0x00, 0x00, 0x2f, 0xff, 0x70, 0x00, 0x00, 0x0e, 0xff, 0xb0, 0x00, 0x01, 0xbf,
    0xff, 0xfc, 0x65, 0x8f, 0xff, 0xf1, 0x00, 0x00, 0x02, 0xff, 0xf3, 0x00, 0x00, 0x00, 0x9f, 0xff,
    0xff, 0xff, 0xff, 0xf6, 0x00, 0x00, 0x00, 0x4f, 0xff, 0x00, 0x00, 0x00, 0x00, 0x5e, 0xff, 0xff,
    0xff, 0xf6, 0x00, 0x00, 0x00, 0x00, 0x00, 0x00, 0x00, 0x00, 0x00, 0x00, 0x07, 0xcf, 0xfe, 0x92,
    0x00, 0x00, 0x00, 0x00, 0x00, 0x00, 0x00, 0x00, 0x00, 0x00, 0x00, 0x00, 0x00, 0x00, 0x00, 0x00,
    0x00, 0x00, 0x00, 0x00, 0x00, 0x00, 0x00, 0x00, 0x00, 0x00, 0x00, 0x00, 0x00, 0x00, 0x00, 0x00,
    0x00, 0x00, 0x00, 0x00, 0x00, 0x00, 0x00, 0x00, 0x00, 0x00, 0x00, 0x00, 0x00, 0x00, 0x00, 0x00,
    0x00, 0x00, 0x00, 0x00, 0x00, 0x00, 0x00, 0x00, 0x00, 0x00, 0x00, 0x00, 0x00, 0x00, 0x00, 0x00,
    0x00, 0x00, 0x00, 0x00, 0x00, 0x00, 0x00, 0x00, 0x00, 0x00, 0x00, 0x00, 0x00, 0x00, 0x00, 0x00,
    0x00, 0x00, 0x00, 0x00, 0x00, 0x00, 0x00, 0x00, 0x00, 0x00, 0x00, 0x00, 0x00, 0x00, 0x00, 0x00,
    0x00, 0x00, 0x00, 0x00, 0x00, 0x00, 0x00, 0x00, 0x00, 0x00, 0x00, 0x00, 0x00, 0x00, 0x00, 0x00,
    0x00, 0x00, 0x00, 0x00, 0x00, 0x00, 0x00, 0x00, 0x00, 0x05, 0xcf, 0xfb, 0x30, 0x00, 0x00, 0x00,
    0x00, 0x9f, 0xff, 0xff, 0xf6, 0x00, 0x00, 0x00, 0x06, 0xff, 0xfa, 0xbf, 0xff, 0x30, 0x00, 0x00,
    0x0e, 0xfe, 0x20, 0x04, 0xff, 0xb0, 0x00, 0x00, 0x3f, 0xf6, 0x00, 0x00, 0xaf, 0xf0, 0x00, 0x00,
    0x4f, 0xf4, 0x00, 0x00, 0x8f, 0xf0, 0x00, 0x00, 0x3f, 0xf6, 0x00, 0x00, 0xaf, 0xf0, 0x00, 0x00,
    0x0e, 0xfe, 0x20, 0x03, 0xff, 0xb0, 0x00, 0x00, 0x07, 0xff, 0xfa, 0xbf, 0xff, 0x30, 0x00, 0x00,
    0x00, 0xaf, 0xff, 0xff, 0xf6, 0x00, 0x00, 0x00, 0x00, 0x05, 0xcf, 0xfb, 0x30, 0x00, 0x00, 0x00,
    0x00, 0x00, 0x00, 0x00, 0x00, 0x00, 0x00, 0x00, 0x00, 0x00, 0x00, 0x00, 0x00, 0x00, 0x00, 0x00,
    0x00, 0x00, 0x00, 0x00, 0x00, 0x00, 0x00, 0x00, 0x00, 0x00, 0x00, 0x00, 0x00, 0x00, 0x00, 0x00,
    0x00, 0x00, 0x00, 0x00, 0x00, 0x00, 0x00, 0x00, 0x00, 0x00, 0x00, 0x00, 0x00, 0x00, 0x00, 0x00,
    0x00, 0x00, 0x00, 0x00, 0x00, 0x00, 0x00, 0x00, 0x00, 0x00, 0x00, 0x00, 0x00, 0x00, 0x00, 0x00,
    0x00, 0x00, 0x00, 0x00, 0x00, 0x00, 0x00, 0x00, 0x00, 0x00, 0x00, 0x00, 0x00, 0x00, 0x00, 0x00,
    0x00, 0x00, 0x00, 0x00, 0x00, 0x00, 0x00, 0x00, 0x00, 0x00, 0x00, 0x00, 0x00, 0x00, 0x00, 0x00,
    0x00, 0x00, 0x00, 0x00, 0x00, 0x00, 0x00, 0x00, 0x00, 0x00, 0x00, 0x00, 0x00, 0x00, 0x00, 0x00,
    0x00, 0x00, 0x00, 0x00, 0x00, 0x00, 0x00, 0x00, 0x00, 0x00, 0x00, 0x00, 0x00, 0x00, 0x00, 0x00,
    0x00, 0x00, 0x00, 0x00, 0x00, 0x00, 0x00, 0x00, 0x00, 0x00, 0x00, 0x00, 0x00, 0x00, 0x00, 0x00,
    0x00, 0x00, 0x00, 0x00, 0x00, 0x00, 0x00,
};

/*---- Glyph descriptors ----*/
static const lv_font_fmt_txt_glyph_dsc_t lv_font_roboto_42_glyph_dsc[] = {
    {.bitmap_index = 0, .adv_w = 0, .box_w = 0, .box_h = 0, .ofs_x = 0, .ofs_y = 0}, /* id=0 reserved */
    {.bitmap_index = 0, .adv_w = 160, .box_w = 0, .box_h = 0, .ofs_x = 0, .ofs_y = 0}, /* U+0020 ' ' */
    {.bitmap_index = 0, .adv_w = 176, .box_w = 11, .box_h = 30, .ofs_x = 0, .ofs_y = 0}, /* U+0021 '!' */
    {.bitmap_index = 165, .adv_w = 208, .box_w = 13, .box_h = 32, .ofs_x = 0, .ofs_y = 0}, /* U+0022 '"' */
    {.bitmap_index = 373, .adv_w = 416, .box_w = 26, .box_h = 30, .ofs_x = 0, .ofs_y = 0}, /* U+0023 '#' */
    {.bitmap_index = 763, .adv_w = 384, .box_w = 24, .box_h = 38, .ofs_x = 0, .ofs_y = -4}, /* U+0024 '$' */
    {.bitmap_index = 1219, .adv_w = 496, .box_w = 31, .box_h = 30, .ofs_x = 0, .ofs_y = 0}, /* U+0025 '%' */
    {.bitmap_index = 1684, .adv_w = 416, .box_w = 26, .box_h = 30, .ofs_x = 0, .ofs_y = 0}, /* U+0026 '&' */
    {.bitmap_index = 2074, .adv_w = 112, .box_w = 7, .box_h = 32, .ofs_x = 0, .ofs_y = 0}, /* U+0027 ''' */
    {.bitmap_index = 2186, .adv_w = 224, .box_w = 14, .box_h = 44, .ofs_x = 0, .ofs_y = -10}, /* U+0028 '(' */
    {.bitmap_index = 2494, .adv_w = 240, .box_w = 15, .box_h = 44, .ofs_x = 0, .ofs_y = -10}, /* U+0029 ')' */
    {.bitmap_index = 2824, .adv_w = 288, .box_w = 18, .box_h = 30, .ofs_x = 0, .ofs_y = 0}, /* U+002A '*' */
    {.bitmap_index = 3094, .adv_w = 384, .box_w = 24, .box_h = 25, .ofs_x = 0, .ofs_y = 0}, /* U+002B '+' */
    {.bitmap_index = 3394, .adv_w = 128, .box_w = 8, .box_h = 10, .ofs_x = 0, .ofs_y = -5}, /* U+002C ',' */
    {.bitmap_index = 3434, .adv_w = 192, .box_w = 12, .box_h = 15, .ofs_x = 0, .ofs_y = 0}, /* U+002D '-' */
    {.bitmap_index = 3524, .adv_w = 176, .box_w = 11, .box_h = 5, .ofs_x = 0, .ofs_y = 0}, /* U+002E '.' */
    {.bitmap_index = 3552, .adv_w = 272, .box_w = 17, .box_h = 33, .ofs_x = 0, .ofs_y = -3}, /* U+002F '/' */
    {.bitmap_index = 3833, .adv_w = 384, .box_w = 24, .box_h = 30, .ofs_x = 0, .ofs_y = 0}, /* U+0030 '0' */
    {.bitmap_index = 4193, .adv_w = 384, .box_w = 24, .box_h = 30, .ofs_x = 0, .ofs_y = 0}, /* U+0031 '1' */
    {.bitmap_index = 4553, .adv_w = 384, .box_w = 24, .box_h = 30, .ofs_x = 0, .ofs_y = 0}, /* U+0032 '2' */
    {.bitmap_index = 4913, .adv_w = 384, .box_w = 24, .box_h = 30, .ofs_x = 0, .ofs_y = 0}, /* U+0033 '3' */
    {.bitmap_index = 5273, .adv_w = 384, .box_w = 24, .box_h = 30, .ofs_x = 0, .ofs_y = 0}, /* U+0034 '4' */
    {.bitmap_index = 5633, .adv_w = 384, .box_w = 24, .box_h = 30, .ofs_x = 0, .ofs_y = 0}, /* U+0035 '5' */
    {.bitmap_index = 5993, .adv_w = 384, .box_w = 24, .box_h = 30, .ofs_x = 0, .ofs_y = 0}, /* U+0036 '6' */
    {.bitmap_index = 6353, .adv_w = 384, .box_w = 24, .box_h = 30, .ofs_x = 0, .ofs_y = 0}, /* U+0037 '7' */
    {.bitmap_index = 6713, .adv_w = 384, .box_w = 24, .box_h = 30, .ofs_x = 0, .ofs_y = 0}, /* U+0038 '8' */
    {.bitmap_index = 7073, .adv_w = 384, .box_w = 24, .box_h = 30, .ofs_x = 0, .ofs_y = 0}, /* U+0039 '9' */
    {.bitmap_index = 7433, .adv_w = 160, .box_w = 10, .box_h = 23, .ofs_x = 0, .ofs_y = 0}, /* U+003A ':' */
    {.bitmap_index = 7548, .adv_w = 144, .box_w = 9, .box_h = 28, .ofs_x = 0, .ofs_y = -5}, /* U+003B ';' */
    {.bitmap_index = 7674, .adv_w = 336, .box_w = 21, .box_h = 23, .ofs_x = 0, .ofs_y = 0}, /* U+003C '<' */
    {.bitmap_index = 7916, .adv_w = 368, .box_w = 23, .box_h = 21, .ofs_x = 0, .ofs_y = 0}, /* U+003D '=' */
    {.bitmap_index = 8158, .adv_w = 352, .box_w = 22, .box_h = 23, .ofs_x = 0, .ofs_y = 0}, /* U+003E '>' */
    {.bitmap_index = 8411, .adv_w = 320, .box_w = 20, .box_h = 30, .ofs_x = 0, .ofs_y = 0}, /* U+003F '?' */
    {.bitmap_index = 8711, .adv_w = 608, .box_w = 38, .box_h = 38, .ofs_x = 0, .ofs_y = -9}, /* U+0040 '@' */
    {.bitmap_index = 9433, .adv_w = 432, .box_w = 27, .box_h = 30, .ofs_x = 0, .ofs_y = 0}, /* U+0041 'A' */
    {.bitmap_index = 9838, .adv_w = 416, .box_w = 26, .box_h = 30, .ofs_x = 0, .ofs_y = 0}, /* U+0042 'B' */
    {.bitmap_index = 10228, .adv_w = 432, .box_w = 27, .box_h = 30, .ofs_x = 0, .ofs_y = 0}, /* U+0043 'C' */
    {.bitmap_index = 10633, .adv_w = 448, .box_w = 28, .box_h = 30, .ofs_x = 0, .ofs_y = 0}, /* U+0044 'D' */
    {.bitmap_index = 11053, .adv_w = 384, .box_w = 24, .box_h = 30, .ofs_x = 0, .ofs_y = 0}, /* U+0045 'E' */
    {.bitmap_index = 11413, .adv_w = 368, .box_w = 23, .box_h = 30, .ofs_x = 0, .ofs_y = 0}, /* U+0046 'F' */
    {.bitmap_index = 11758, .adv_w = 464, .box_w = 29, .box_h = 30, .ofs_x = 0, .ofs_y = 0}, /* U+0047 'G' */
    {.bitmap_index = 12193, .adv_w = 480, .box_w = 30, .box_h = 30, .ofs_x = 0, .ofs_y = 0}, /* U+0048 'H' */
    {.bitmap_index = 12643, .adv_w = 176, .box_w = 11, .box_h = 30, .ofs_x = 0, .ofs_y = 0}, /* U+0049 'I' */
    {.bitmap_index = 12808, .adv_w = 368, .box_w = 23, .box_h = 30, .ofs_x = 0, .ofs_y = 0}, /* U+004A 'J' */
    {.bitmap_index = 13153, .adv_w = 416, .box_w = 27, .box_h = 30, .ofs_x = 0, .ofs_y = 0}, /* U+004B 'K' */
    {.bitmap_index = 13558, .adv_w = 368, .box_w = 23, .box_h = 30, .ofs_x = 0, .ofs_y = 0}, /* U+004C 'L' */
    {.bitmap_index = 13903, .adv_w = 592, .box_w = 37, .box_h = 30, .ofs_x = 0, .ofs_y = 0}, /* U+004D 'M' */
    {.bitmap_index = 14458, .adv_w = 480, .box_w = 30, .box_h = 30, .ofs_x = 0, .ofs_y = 0}, /* U+004E 'N' */
    {.bitmap_index = 14908, .adv_w = 464, .box_w = 29, .box_h = 30, .ofs_x = 0, .ofs_y = 0}, /* U+004F 'O' */
    {.bitmap_index = 15343, .adv_w = 416, .box_w = 27, .box_h = 30, .ofs_x = 0, .ofs_y = 0}, /* U+0050 'P' */
    {.bitmap_index = 15748, .adv_w = 464, .box_w = 29, .box_h = 35, .ofs_x = 0, .ofs_y = -5}, /* U+0051 'Q' */
    {.bitmap_index = 16256, .adv_w = 416, .box_w = 26, .box_h = 30, .ofs_x = 0, .ofs_y = 0}, /* U+0052 'R' */
    {.bitmap_index = 16646, .adv_w = 400, .box_w = 25, .box_h = 30, .ofs_x = 0, .ofs_y = 0}, /* U+0053 'S' */
    {.bitmap_index = 17021, .adv_w = 400, .box_w = 25, .box_h = 30, .ofs_x = 0, .ofs_y = 0}, /* U+0054 'T' */
    {.bitmap_index = 17396, .adv_w = 432, .box_w = 27, .box_h = 30, .ofs_x = 0, .ofs_y = 0}, /* U+0055 'U' */
    {.bitmap_index = 17801, .adv_w = 432, .box_w = 27, .box_h = 30, .ofs_x = 0, .ofs_y = 0}, /* U+0056 'V' */
    {.bitmap_index = 18206, .adv_w = 592, .box_w = 37, .box_h = 30, .ofs_x = 0, .ofs_y = 0}, /* U+0057 'W' */
    {.bitmap_index = 18761, .adv_w = 416, .box_w = 26, .box_h = 30, .ofs_x = 0, .ofs_y = 0}, /* U+0058 'X' */
    {.bitmap_index = 19151, .adv_w = 400, .box_w = 25, .box_h = 30, .ofs_x = 0, .ofs_y = 0}, /* U+0059 'Y' */
    {.bitmap_index = 19526, .adv_w = 400, .box_w = 25, .box_h = 30, .ofs_x = 0, .ofs_y = 0}, /* U+005A 'Z' */
    {.bitmap_index = 19901, .adv_w = 176, .box_w = 11, .box_h = 40, .ofs_x = 0, .ofs_y = -6}, /* U+005B '[' */
    {.bitmap_index = 20121, .adv_w = 272, .box_w = 17, .box_h = 33, .ofs_x = 0, .ofs_y = -3}, /* U+005C '\' */
    {.bitmap_index = 20402, .adv_w = 176, .box_w = 11, .box_h = 40, .ofs_x = 0, .ofs_y = -6}, /* U+005D ']' */
    {.bitmap_index = 20622, .adv_w = 288, .box_w = 18, .box_h = 30, .ofs_x = 0, .ofs_y = 0}, /* U+005E '^' */
    {.bitmap_index = 20892, .adv_w = 304, .box_w = 19, .box_h = 4, .ofs_x = 0, .ofs_y = -4}, /* U+005F '_' */
    {.bitmap_index = 20930, .adv_w = 208, .box_w = 13, .box_h = 31, .ofs_x = 0, .ofs_y = 0}, /* U+0060 '`' */
    {.bitmap_index = 21132, .adv_w = 368, .box_w = 23, .box_h = 22, .ofs_x = 0, .ofs_y = 0}, /* U+0061 'a' */
    {.bitmap_index = 21385, .adv_w = 384, .box_w = 24, .box_h = 32, .ofs_x = 0, .ofs_y = 0}, /* U+0062 'b' */
    {.bitmap_index = 21769, .adv_w = 352, .box_w = 22, .box_h = 22, .ofs_x = 0, .ofs_y = 0}, /* U+0063 'c' */
    {.bitmap_index = 22011, .adv_w = 384, .box_w = 24, .box_h = 32, .ofs_x = 0, .ofs_y = 0}, /* U+0064 'd' */
    {.bitmap_index = 22395, .adv_w = 352, .box_w = 22, .box_h = 22, .ofs_x = 0, .ofs_y = 0}, /* U+0065 'e' */
    {.bitmap_index = 22637, .adv_w = 240, .box_w = 15, .box_h = 32, .ofs_x = 0, .ofs_y = 0}, /* U+0066 'f' */
    {.bitmap_index = 22877, .adv_w = 384, .box_w = 24, .box_h = 31, .ofs_x = 0, .ofs_y = -9}, /* U+0067 'g' */
    {.bitmap_index = 23249, .adv_w = 368, .box_w = 23, .box_h = 32, .ofs_x = 0, .ofs_y = 0}, /* U+0068 'h' */
    {.bitmap_index = 23617, .adv_w = 160, .box_w = 10, .box_h = 31, .ofs_x = 0, .ofs_y = 0}, /* U+0069 'i' */
    {.bitmap_index = 23772, .adv_w = 160, .box_w = 12, .box_h = 40, .ofs_x = -2, .ofs_y = -9}, /* U+006A 'j' */
    {.bitmap_index = 24012, .adv_w = 336, .box_w = 22, .box_h = 32, .ofs_x = 0, .ofs_y = 0}, /* U+006B 'k' */
    {.bitmap_index = 24364, .adv_w = 160, .box_w = 10, .box_h = 32, .ofs_x = 0, .ofs_y = 0}, /* U+006C 'l' */
    {.bitmap_index = 24524, .adv_w = 592, .box_w = 37, .box_h = 22, .ofs_x = 0, .ofs_y = 0}, /* U+006D 'm' */
    {.bitmap_index = 24931, .adv_w = 368, .box_w = 23, .box_h = 22, .ofs_x = 0, .ofs_y = 0}, /* U+006E 'n' */
    {.bitmap_index = 25184, .adv_w = 384, .box_w = 24, .box_h = 22, .ofs_x = 0, .ofs_y = 0}, /* U+006F 'o' */
    {.bitmap_index = 25448, .adv_w = 384, .box_w = 24, .box_h = 31, .ofs_x = 0, .ofs_y = -9}, /* U+0070 'p' */
    {.bitmap_index = 25820, .adv_w = 384, .box_w = 24, .box_h = 31, .ofs_x = 0, .ofs_y = -9}, /* U+0071 'q' */
    {.bitmap_index = 26192, .adv_w = 224, .box_w = 14, .box_h = 22, .ofs_x = 0, .ofs_y = 0}, /* U+0072 'r' */
    {.bitmap_index = 26346, .adv_w = 352, .box_w = 22, .box_h = 22, .ofs_x = 0, .ofs_y = 0}, /* U+0073 's' */
    {.bitmap_index = 26588, .adv_w = 224, .box_w = 14, .box_h = 28, .ofs_x = 0, .ofs_y = 0}, /* U+0074 't' */
    {.bitmap_index = 26784, .adv_w = 368, .box_w = 23, .box_h = 22, .ofs_x = 0, .ofs_y = 0}, /* U+0075 'u' */
    {.bitmap_index = 27037, .adv_w = 320, .box_w = 20, .box_h = 22, .ofs_x = 0, .ofs_y = 0}, /* U+0076 'v' */
    {.bitmap_index = 27257, .adv_w = 512, .box_w = 32, .box_h = 22, .ofs_x = 0, .ofs_y = 0}, /* U+0077 'w' */
    {.bitmap_index = 27609, .adv_w = 336, .box_w = 21, .box_h = 22, .ofs_x = 0, .ofs_y = 0}, /* U+0078 'x' */
    {.bitmap_index = 27840, .adv_w = 320, .box_w = 20, .box_h = 31, .ofs_x = 0, .ofs_y = -9}, /* U+0079 'y' */
    {.bitmap_index = 28150, .adv_w = 336, .box_w = 21, .box_h = 22, .ofs_x = 0, .ofs_y = 0}, /* U+007A 'z' */
    {.bitmap_index = 28381, .adv_w = 224, .box_w = 14, .box_h = 41, .ofs_x = 0, .ofs_y = -8}, /* U+007B '{' */
    {.bitmap_index = 28668, .adv_w = 160, .box_w = 10, .box_h = 36, .ofs_x = 0, .ofs_y = -6}, /* U+007C '|' */
    {.bitmap_index = 28848, .adv_w = 224, .box_w = 14, .box_h = 41, .ofs_x = 0, .ofs_y = -8}, /* U+007D '}' */
    {.bitmap_index = 29135, .adv_w = 464, .box_w = 29, .box_h = 16, .ofs_x = 0, .ofs_y = 0}, /* U+007E '~' */
    {.bitmap_index = 29367, .adv_w = 256, .box_w = 16, .box_h = 30, .ofs_x = 0, .ofs_y = 0}, /* U+00B0 '°' */
};

/*---- Unicode cmap ----*/
static const lv_font_fmt_txt_cmap_t lv_font_roboto_42_cmaps[] = {
    {
        .range_start = 0x0020, .range_length = 95,
        .type = LV_FONT_FMT_TXT_CMAP_FORMAT0_TINY,
        .glyph_id_start = 1,
        .unicode_list = NULL, .glyph_id_ofs_list = NULL, .list_length = 0
    },
    {
        .range_start = 0x00B0, .range_length = 1,
        .type = LV_FONT_FMT_TXT_CMAP_FORMAT0_TINY,
        .glyph_id_start = 96,
        .unicode_list = NULL, .glyph_id_ofs_list = NULL, .list_length = 0
    },
};

static const lv_font_fmt_txt_dsc_t lv_font_roboto_42_font_dsc = {
    .glyph_bitmap = lv_font_roboto_42_glyph_bitmap,
    .glyph_dsc = lv_font_roboto_42_glyph_dsc,
    .cmaps = lv_font_roboto_42_cmaps,
    .kern_dsc = NULL,
    .kern_scale = 0,
    .cmap_num = 2,
    .bpp = 4,
    .kern_classes = 0,
    .bitmap_format = 0,
};

const lv_font_t lv_font_roboto_42 = {
    .get_glyph_dsc = lv_font_get_glyph_dsc_fmt_txt,
    .get_glyph_bitmap = lv_font_get_bitmap_fmt_txt,
    .line_height = 50,
    .base_line = 11,
    .subpx = LV_FONT_SUBPX_NONE,
    .underline_position = -1,
    .underline_thickness = 1,
    .dsc = &lv_font_roboto_42_font_dsc,
};
