/*
 * Auto-generated LVGL v8 logo image (gold #8A5A27, RGB565+Alpha)
 * Size: 130x74, 28860 bytes
 */
#include "lvgl.h"

static const uint8_t lv_img_logo_map[] = {
    0xc4, 0x8a, 0x00, 0xc4, 0x8a, 0x00, 0xc4, 0x8a, 0x00, 0xc4, 0x8a, 0x00, 0xc4, 0x8a, 0x00, 0xc4,
    0x8a, 0x00, 0xc4, 0x8a, 0x00, 0xc4, 0x8a, 0x00, 0xc4, 0x8a, 0x00, 0xc4, 0x8a, 0x00, 0xc4, 0x8a,
    0x00, 0xc4, 0x8a, 0x00, 0xc4, 0x8a, 0x00, 0xc4, 0x8a, 0x00, 0xc4, 0x8a, 0x00, 0xc4, 0x8a, 0x00,
    0xc4, 0x8a, 0x00, 0xc4, 0x8a, 0x00, 0xc4, 0x8a, 0x00, 0xc4, 0x8a, 0x00, 0xc4, 0x8a, 0x00, 0xc4,
    0x8a, 0x00, 0xc4, 0x8a, 0x00, 0xc4, 0x8a, 0x00, 0xc4, 0x8a, 0x00, 0xc4, 0x8a, 0x00, 0xc4, 0x8a,
    0x00, 0xc4, 0x8a, 0x00, 0xc4, 0x8a, 0x00, 0xc4, 0x8a, 0x00, 0xc4, 0x8a, 0x00, 0xc4, 0x8a, 0x00,
    0xc4, 0x8a, 0x00, 0xc4, 0x8a, 0x00, 0xc4, 0x8a, 0x00, 0xc4, 0x8a, 0x00, 0xc4, 0x8a, 0x00, 0xc4,
    0x8a, 0x00, 0xc4, 0x8a, 0x00, 0xc4, 0x8a, 0x00, 0xc4, 0x8a, 0x00, 0xc4, 0x8a, 0x00, 0xc4, 0x8a,
    0x00, 0xc4, 0x8a, 0x00, 0xc4, 0x8a, 0x00, 0xc4, 0x8a, 0x00, 0xc4, 0x8a, 0x00, 0xc4, 0x8a, 0x00,
    0xc4, 0x8a, 0x00, 0xc4, 0x8a, 0x00, 0xc4, 0x8a, 0x00, 0xc4, 0x8a, 0x00, 0xc4, 0x8a, 0x00, 0xc4,
    0x8a, 0x00, 0xc4, 0x8a, 0x00, 0xc4, 0x8a, 0x00, 0xc4, 0x8a, 0x00, 0xc4, 0x8a, 0x00, 0xc4, 0x8a,
    0x00, 0xc4, 0x8a, 0x00, 0xc4, 0x8a, 0x00, 0xc4, 0x8a, 0x00, 0xc4, 0x8a, 0x00, 0xc4, 0x8a, 0x00,
    0xc4, 0x8a, 0x00, 0xc4, 0x8a, 0x00, 0xc4, 0x8a, 0x00, 0xc4, 0x8a, 0x00, 0xc4, 0x8a, 0x00, 0xc4,
    0x8a, 0x00, 0xc4, 0x8a, 0x00, 0xc4, 0x8a, 0x00, 0xc4, 0x8a, 0x00, 0xc4, 0x8a, 0x00, 0xc4, 0x8a,
    0x00, 0xc4, 0x8a, 0x00, 0xc4, 0x8a, 0x00, 0xc4, 0x8a, 0x00, 0xc4, 0x8a, 0x00, 0xc4, 0x8a, 0x00,
    0xc4, 0x8a, 0x00, 0xc4, 0x8a, 0x00, 0xc4, 0x8a, 0x00, 0xc4, 0x8a, 0x00, 0xc4, 0x8a, 0x00, 0xc4,
    0x8a, 0x00, 0xc4, 0x8a, 0x00, 0xc4, 0x8a, 0x00, 0xc4, 0x8a, 0x00, 0xc4, 0x8a, 0x00, 0xc4, 0x8a,
    0x00, 0xc4, 0x8a, 0x00, 0xc4, 0x8a, 0x00, 0xc4, 0x8a, 0x00, 0xc4, 0x8a, 0x00, 0xc4, 0x8a, 0x00,
    0xc4, 0x8a, 0x00, 0xc4, 0x8a, 0x00, 0xc4, 0x8a, 0x00, 0xc4, 0x8a, 0x00, 0xc4, 0x8a, 0x00, 0xc4,
    0x8a, 0x00, 0xc4, 0x8a, 0x00, 0xc4, 0x8a, 0x00, 0xc4, 0x8a, 0x00, 0xc4, 0x8a, 0x00, 0xc4, 0x8a,
    0x00, 0xc4, 0x8a, 0x00, 0xc4, 0x8a, 0x00, 0xc4, 0x8a, 0x00, 0xc4, 0x8a, 0x00, 0xc4, 0x8a, 0x00,
    0xc4, 0x8a, 0x00, 0xc4, 0x8a, 0x00, 0xc4, 0x8a, 0x00, 0xc4, 0x8a, 0x00, 0xc4, 0x8a, 0x00, 0xc4,
    0x8a, 0x00, 0xc4, 0x8a, 0x00, 0xc4, 0x8a, 0x00, 0xc4, 0x8a, 0x00, 0xc4, 0x8a, 0x00, 0xc4, 0x8a,
    0x00, 0xc4, 0x8a, 0x00, 0xc4, 0x8a, 0x00, 0xc4, 0x8a, 0x00, 0xc4, 0x8a, 0x00, 0xc4, 0x8a, 0x00,
    0xc4, 0x8a, 0x00, 0xc4, 0x8a, 0x00, 0xc4, 0x8a, 0x00, 0xc4, 0x8a, 0x00, 0xc4, 0x8a, 0x00, 0xc4,
    0x8a, 0x00, 0xc4, 0x8a, 0x00, 0xc4, 0x8a, 0x00, 0xc4, 0x8a, 0x00, 0xc4, 0x8a, 0x00, 0xc4, 0x8a,
    0x00, 0xc4, 0x8a, 0x00, 0xc4, 0x8a, 0x00, 0xc4, 0x8a, 0x00, 0xc4, 0x8a, 0x00, 0xc4, 0x8a, 0x00,
    0xc4, 0x8a, 0x00, 0xc4, 0x8a, 0x00, 0xc4, 0x8a, 0x00, 0xc4, 0x8a, 0x00, 0xc4, 0x8a, 0x00, 0xc4,
    0x8a, 0x00, 0xc4, 0x8a, 0x00, 0xc4, 0x8a, 0x00, 0xc4, 0x8a, 0x00, 0xc4, 0x8a, 0x00, 0xc4, 0x8a,
    0x00, 0xc4, 0x8a, 0x00, 0xc4, 0x8a, 0x00, 0xc4, 0x8a, 0x00, 0xc4, 0x8a, 0x00, 0xc4, 0x8a, 0x00,
    0xc4, 0x8a, 0x00, 0xc4, 0x8a, 0x00, 0xc4, 0x8a, 0x00, 0xc4, 0x8a, 0x00, 0xc4, 0x8a, 0x00, 0xc4,
    0x8a, 0x00, 0xc4, 0x8a, 0x00, 0xc4, 0x8a, 0x00, 0xc4, 0x8a, 0x00, 0xc4, 0x8a, 0x00, 0xc4, 0x8a,
    0x00, 0xc4, 0x8a, 0x00, 0xc4, 0x8a, 0x00, 0xc4, 0x8a, 0x00, 0xc4, 0x8a, 0x00, 0xc4, 0x8a, 0x00,
    0xc4, 0x8a, 0x00, 0xc4, 0x8a, 0x00, 0xc4, 0x8a, 0x00, 0xc4, 0x8a, 0x00, 0xc4, 0x8a, 0x00, 0xc4,
    0x8a, 0x00, 0xc4, 0x8a, 0x00, 0xc4, 0x8a, 0x00, 0xc4, 0x8a, 0x00, 0xc4, 0x8a, 0x00, 0xc4, 0x8a,
    0x00, 0xc4, 0x8a, 0x00, 0xc4, 0x8a, 0x00, 0xc4, 0x8a, 0x00, 0xc4, 0x8a, 0x00, 0xc4, 0x8a, 0x00,
    0xc4, 0x8a, 0x00, 0xc4, 0x8a, 0x00, 0xc4, 0x8a, 0x00, 0xc4, 0x8a, 0x00, 0xc4, 0x8a, 0x00, 0xc4,
    0x8a, 0x00, 0xc4, 0x8a, 0x00, 0xc4, 0x8a, 0x00, 0xc4, 0x8a, 0x00, 0xc4, 0x8a, 0x00, 0xc4, 0x8a,
    0x00, 0xc4, 0x8a, 0x00, 0xc4, 0x8a, 0x00, 0xc4, 0x8a, 0x00, 0xc4, 0x8a, 0x00, 0xc4, 0x8a, 0x00,
    0xc4, 0x8a, 0x00, 0xc4, 0x8a, 0x00, 0xc4, 0x8a, 0x00, 0xc4, 0x8a, 0x00, 0xc4, 0x8a, 0x00, 0xc4,
    0x8a, 0x00, 0xc4, 0x8a, 0x00, 0xc4, 0x8a, 0x00, 0xc4, 0x8a, 0x00, 0xc4, 0x8a, 0x00, 0xc4, 0x8a,
    0x00, 0xc4, 0x8a, 0x00, 0xc4, 0x8a, 0x00, 0xc4, 0x8a, 0x00, 0xc4, 0x8a, 0x00, 0xc4, 0x8a, 0x00,
    0xc4, 0x8a, 0x00, 0xc4, 0x8a, 0x00, 0xc4, 0x8a, 0x00, 0xc4, 0x8a, 0x00, 0xc4, 0x8a, 0x00, 0xc4,
    0x8a, 0x00, 0xc4, 0x8a, 0x00, 0xc4, 0x8a, 0x00, 0xc4, 0x8a, 0x00, 0xc4, 0x8a, 0x00, 0xc4, 0x8a,
    0x00, 0xc4, 0x8a, 0x00, 0xc4, 0x8a, 0x00, 0xc4, 0x8a, 0x00, 0xc4, 0x8a, 0x00, 0xc4, 0x8a, 0x00,
    0xc4, 0x8a, 0x00, 0xc4, 0x8a, 0x00, 0xc4, 0x8a, 0x00, 0xc4, 0x8a, 0x00, 0xc4, 0x8a, 0x00, 0xc4,
    0x8a, 0x00, 0xc4, 0x8a, 0x00, 0xc4, 0x8a, 0x00, 0xc4, 0x8a, 0x00, 0xc4, 0x8a, 0x00, 0xc4, 0x8a,
    0x00, 0xc4, 0x8a, 0x00, 0xc4, 0x8a, 0x00, 0xc4, 0x8a, 0x00, 0xc4, 0x8a, 0x00, 0xc4, 0x8a, 0x00,
    0xc4, 0x8a, 0x00, 0xc4, 0x8a, 0x00, 0xc4, 0x8a, 0x00, 0xc4, 0x8a, 0x00, 0xc4, 0x8a, 0x00, 0xc4,
    0x8a, 0x00, 0xc4, 0x8a, 0x00, 0xc4, 0x8a, 0x00, 0xc4, 0x8a, 0x00, 0xc4, 0x8a, 0x00, 0xc4, 0x8a,
    0x00, 0xc4, 0x8a, 0x00, 0xc4, 0x8a, 0x00, 0xc4, 0x8a, 0x00, 0xc4, 0x8a, 0x00, 0xc4, 0x8a, 0x00,
    0xc4, 0x8a, 0x00, 0xc4, 0x8a, 0x00, 0xc4, 0x8a, 0x00, 0xc4, 0x8a, 0x00, 0xc4, 0x8a, 0x00, 0xc4,
    0x8a, 0x00, 0xc4, 0x8a, 0x00, 0xc4, 0x8a, 0x00, 0xc4, 0x8a, 0x00, 0xc4, 0x8a, 0x00, 0xc4, 0x8a,
    0x00, 0xc4, 0x8a, 0x00, 0xc4, 0x8a, 0x00, 0xc4, 0x8a, 0x00, 0xc4, 0x8a, 0x00, 0xc4, 0x8a, 0x00,
    0xc4, 0x8a, 0x00, 0xc4, 0x8a, 0x00, 0xc4, 0x8a, 0x00, 0xc4, 0x8a, 0x00, 0xc4, 0x8a, 0x00, 0xc4,
    0x8a, 0x00, 0xc4, 0x8a, 0x00, 0xc4, 0x8a, 0x00, 0xc4, 0x8a, 0x00, 0xc4, 0x8a, 0x00, 0xc4, 0x8a,
    0x00, 0xc4, 0x8a, 0x00, 0xc4, 0x8a, 0x00, 0xc4, 0x8a, 0x00, 0xc4, 0x8a, 0x00, 0xc4, 0x8a, 0x00,
    0xc4, 0x8a, 0x00, 0xc4, 0x8a, 0x00, 0xc4, 0x8a, 0x00, 0xc4, 0x8a, 0x00, 0xc4, 0x8a, 0x00, 0xc4,
    0x8a, 0x00, 0xc4, 0x8a, 0x00, 0xc4, 0x8a, 0x00, 0xc4, 0x8a, 0x00, 0xc4, 0x8a, 0x00, 0xc4, 0x8a,
    0x00, 0xc4, 0x8a, 0x00, 0xc4, 0x8a, 0x00, 0xc4, 0x8a, 0x00, 0xc4, 0x8a, 0x00, 0xc4, 0x8a, 0x00,
    0xc4, 0x8a, 0x00, 0xc4, 0x8a, 0x00, 0xc4, 0x8a, 0x00, 0xc4, 0x8a, 0x00, 0xc4, 0x8a, 0x00, 0xc4,
    0x8a, 0x00, 0xc4, 0x8a, 0x00, 0xc4, 0x8a, 0x00, 0xc4, 0x8a, 0x00, 0xc4, 0x8a, 0x00, 0xc4, 0x8a,
    0x00, 0xc4, 0x8a, 0x00, 0xc4, 0x8a, 0x00, 0xc4, 0x8a, 0x00, 0xc4, 0x8a, 0x00, 0xc4, 0x8a, 0x00,
    0xc4, 0x8a, 0x00, 0xc4, 0x8a, 0x00, 0xc4, 0x8a, 0x00, 0xc4, 0x8a, 0x00, 0xc4, 0x8a, 0x00, 0xc4,
    0x8a, 0x00, 0xc4, 0x8a, 0x00, 0xc4, 0x8a, 0x00, 0xc4, 0x8a, 0x00, 0xc4, 0x8a, 0x00, 0xc4, 0x8a,
    0x00, 0xc4, 0x8a, 0x00, 0xc4, 0x8a, 0x00, 0xc4, 0x8a, 0x00, 0xc4, 0x8a, 0x00, 0xc4, 0x8a, 0x00,
    0xc4, 0x8a, 0x00, 0xc4, 0x8a, 0x00, 0xc4, 0x8a, 0x00, 0xc4, 0x8a, 0x00, 0xc4, 0x8a, 0x00, 0xc4,
    0x8a, 0x00, 0xc4, 0x8a, 0x00, 0xc4, 0x8a, 0x00, 0xc4, 0x8a, 0x00, 0xc4, 0x8a, 0x00, 0xc4, 0x8a,
    0x00, 0xc4, 0x8a, 0x00, 0xc4, 0x8a, 0x00, 0xc4, 0x8a, 0x00, 0xc4, 0x8a, 0x00, 0xc4, 0x8a, 0x00,
    0xc4, 0x8a, 0x00, 0xc4, 0x8a, 0x00, 0xc4, 0x8a, 0x00, 0xc4, 0x8a, 0x00, 0xc4, 0x8a, 0x00, 0xc4,
    0x8a, 0x00, 0xc4, 0x8a, 0x00, 0xc4, 0x8a, 0x00, 0xc4, 0x8a, 0x00, 0xc4, 0x8a, 0x00, 0xc4, 0x8a,
    0x00, 0xc4, 0x8a, 0x00, 0xc4, 0x8a, 0x00, 0xc4, 0x8a, 0x00, 0xc4, 0x8a, 0x00, 0xc4, 0x8a, 0x00,
    0xc4, 0x8a, 0x00, 0xc4, 0x8a, 0x00, 0xc4, 0x8a, 0x00, 0xc4, 0x8a, 0x00, 0xc4, 0x8a, 0x00, 0xc4,
    0x8a, 0x00, 0xc4, 0x8a, 0x00, 0xc4, 0x8a, 0x00, 0xc4, 0x8a, 0x00, 0xc4, 0x8a, 0x00, 0xc4, 0x8a,
    0x00, 0xc4, 0x8a, 0x00, 0xc4, 0x8a, 0x00, 0xc4, 0x8a, 0x00, 0xc4, 0x8a, 0x00, 0xc4, 0x8a, 0x00,
    0xc4, 0x8a, 0x00, 0xc4, 0x8a, 0x00, 0xc4, 0x8a, 0x00, 0xc4, 0x8a, 0x00, 0xc4, 0x8a, 0x00, 0xc4,
    0x8a, 0x00, 0xc4, 0x8a, 0x00, 0xc4, 0x8a, 0x00, 0xc4, 0x8a, 0x00, 0xc4, 0x8a, 0x00, 0xc4, 0x8a,
    0x00, 0xc4, 0x8a, 0x00, 0xc4, 0x8a, 0x00, 0xc4, 0x8a, 0x00, 0xc4, 0x8a, 0x00, 0xc4, 0x8a, 0x00,
    0xc4, 0x8a, 0x00, 0xc4, 0x8a, 0x00, 0xc4, 0x8a, 0x00, 0xc4, 0x8a, 0x00, 0xc4, 0x8a, 0x00, 0xc4,
    0x8a, 0x00, 0xc4, 0x8a, 0x00, 0xc4, 0x8a, 0x00, 0xc4, 0x8a, 0x00, 0xc4, 0x8a, 0x00, 0xc4, 0x8a,
    0x00, 0xc4, 0x8a, 0x00, 0xc4, 0x8a, 0x00, 0xc4, 0x8a, 0x00, 0xc4, 0x8a, 0x00, 0xc4, 0x8a, 0x00,
    0xc4, 0x8a, 0x00, 0xc4, 0x8a, 0x00, 0xc4, 0x8a, 0x00, 0xc4, 0x8a, 0x00, 0xc4, 0x8a, 0x00, 0xc4,
    0x8a, 0x00, 0xc4, 0x8a, 0x00, 0xc4, 0x8a, 0x00, 0xc4, 0x8a, 0x00, 0xc4, 0x8a, 0x00, 0xc4, 0x8a,
    0x00, 0xc4, 0x8a, 0x00, 0xc4, 0x8a, 0x00, 0xc4, 0x8a, 0x00, 0xc4, 0x8a, 0x00, 0xc4, 0x8a, 0x00,
    0xc4, 0x8a, 0x00, 0xc4, 0x8a, 0x00, 0xc4, 0x8a, 0x00, 0xc4, 0x8a, 0x00, 0xc4, 0x8a, 0x00, 0xc4,
    0x8a, 0x00, 0xc4, 0x8a, 0x00, 0xc4, 0x8a, 0x00, 0xc4, 0x8a, 0x00, 0xc4, 0x8a, 0x00, 0xc4, 0x8a,
    0x00, 0xc4, 0x8a, 0x00, 0xc4, 0x8a, 0x00, 0xc4, 0x8a, 0x00, 0xc4, 0x8a, 0x00, 0xc4, 0x8a, 0x00,
    0xc4, 0x8a, 0x00, 0xc4, 0x8a, 0x00, 0xc4, 0x8a, 0x00, 0xc4, 0x8a, 0x00, 0xc4, 0x8a, 0x00, 0xc4,
    0x8a, 0x00, 0xc4, 0x8a, 0x00, 0xc4, 0x8a, 0x00, 0xc4, 0x8a, 0x00, 0xc4, 0x8a, 0x00, 0xc4, 0x8a,
    0x00, 0xc4, 0x8a, 0x00, 0xc4, 0x8a, 0x00, 0xc4, 0x8a, 0x00, 0xc4, 0x8a, 0x00, 0xc4, 0x8a, 0x00,
    0xc4, 0x8a, 0x00, 0xc4, 0x8a, 0x00, 0xc4, 0x8a, 0x00, 0xc4, 0x8a, 0x00, 0xc4, 0x8a, 0x00, 0xc4,
    0x8a, 0x00, 0xc4, 0x8a, 0x00, 0xc4, 0x8a, 0x00, 0xc4, 0x8a, 0x00, 0xc4, 0x8a, 0x00, 0xc4, 0x8a,
    0x00, 0xc4, 0x8a, 0x00, 0xc4, 0x8a, 0x00, 0xc4, 0x8a, 0x00, 0xc4, 0x8a, 0x00, 0xc4, 0x8a, 0x00,
    0xc4, 0x8a, 0x00, 0xc4, 0x8a, 0x00, 0xc4, 0x8a, 0x00, 0xc4, 0x8a, 0x00, 0xc4, 0x8a, 0x00, 0xc4,
    0x8a, 0x00, 0xc4, 0x8a, 0x00, 0xc4, 0x8a, 0x00, 0xc4, 0x8a, 0x00, 0xc4, 0x8a, 0x00, 0xc4, 0x8a,
    0x00, 0xc4, 0x8a, 0x00, 0xc4, 0x8a, 0x00, 0xc4, 0x8a, 0x00, 0xc4, 0x8a, 0x00, 0xc4, 0x8a, 0x00,
    0xc4, 0x8a, 0x00, 0xc4, 0x8a, 0x00, 0xc4, 0x8a, 0x00, 0xc4, 0x8a, 0x00, 0xc4, 0x8a, 0x00, 0xc4,
    0x8a, 0x00, 0xc4, 0x8a, 0x00, 0xc4, 0x8a, 0x00, 0xc4, 0x8a, 0x00, 0xc4, 0x8a, 0x00, 0xc4, 0x8a,
    0x00, 0xc4, 0x8a, 0x00, 0xc4, 0x8a, 0x00, 0xc4, 0x8a, 0x00, 0xc4, 0x8a, 0x00, 0xc4, 0x8a, 0x00,
    0xc4, 0x8a, 0x00, 0xc4, 0x8a, 0x00, 0xc4, 0x8a, 0x00, 0xc4, 0x8a, 0x00, 0xc4, 0x8a, 0x00, 0xc4,
    0x8a, 0x00, 0xc4, 0x8a, 0x00, 0xc4, 0x8a, 0x00, 0xc4, 0x8a, 0x00, 0xc4, 0x8a, 0x00, 0xc4, 0x8a,
    0x00, 0xc4, 0x8a, 0x00, 0xc4, 0x8a, 0x00, 0xc4, 0x8a, 0x00, 0xc4, 0x8a, 0x00, 0xc4, 0x8a, 0x00,
    0xc4, 0x8a, 0x00, 0xc4, 0x8a, 0x00, 0xc4, 0x8a, 0x00, 0xc4, 0x8a, 0x00, 0xc4, 0x8a, 0x00, 0xc4,
    0x8a, 0x00, 0xc4, 0x8a, 0x00, 0xc4, 0x8a, 0x00, 0xc4, 0x8a, 0x00, 0xc4, 0x8a, 0x00, 0xc4, 0x8a,
    0x00, 0xc4, 0x8a, 0x00, 0xc4, 0x8a, 0x00, 0xc4, 0x8a, 0x00, 0xc4, 0x8a, 0x00, 0xc4, 0x8a, 0x00,
    0xc4, 0x8a, 0x00, 0xc4, 0x8a, 0x00, 0xc4, 0x8a, 0x00, 0xc4, 0x8a, 0x00, 0xc4, 0x8a, 0x00, 0xc4,
    0x8a, 0x00, 0xc4, 0x8a, 0x00, 0xc4, 0x8a, 0x00, 0xc4, 0x8a, 0x00, 0xc4, 0x8a, 0x00, 0xc4, 0x8a,
    0x00, 0xc4, 0x8a, 0x00, 0xc4, 0x8a, 0x00, 0xc4, 0x8a, 0x00, 0xc4, 0x8a, 0x00, 0xc4, 0x8a, 0x00,
    0xc4, 0x8a, 0x00, 0xc4, 0x8a, 0x00, 0xc4, 0x8a, 0x00, 0xc4, 0x8a, 0x00, 0xc4, 0x8a, 0x00, 0xc4,
    0x8a, 0x00, 0xc4, 0x8a, 0x00, 0xc4, 0x8a, 0x00, 0xc4, 0x8a, 0x00, 0xc4, 0x8a, 0x00, 0xc4, 0x8a,
    0x00, 0xc4, 0x8a, 0x00, 0xc4, 0x8a, 0x00, 0xc4, 0x8a, 0x00, 0xc4, 0x8a, 0x00, 0xc4, 0x8a, 0x00,
    0xc4, 0x8a, 0x00, 0xc4, 0x8a, 0x00, 0xc4, 0x8a, 0x00, 0xc4, 0x8a, 0x00, 0xc4, 0x8a, 0x00, 0xc4,
    0x8a, 0x00, 0xc4, 0x8a, 0x00, 0xc4, 0x8a, 0x00, 0xc4, 0x8a, 0x00, 0xc4, 0x8a, 0x00, 0xc4, 0x8a,
    0x00, 0xc4, 0x8a, 0x00, 0xc4, 0x8a, 0x00, 0xc4, 0x8a, 0x00, 0xc4, 0x8a, 0x00, 0xc4, 0x8a, 0x00,
    0xc4, 0x8a, 0x00, 0xc4, 0x8a, 0x00, 0xc4, 0x8a, 0x00, 0xc4, 0x8a, 0x00, 0xc4, 0x8a, 0x00, 0xc4,
    0x8a, 0x00, 0xc4, 0x8a, 0x00, 0xc4, 0x8a, 0x00, 0xc4, 0x8a, 0x00, 0xc4, 0x8a, 0x00, 0xc4, 0x8a,
    0x00, 0xc4, 0x8a, 0x00, 0xc4, 0x8a, 0x00, 0xc4, 0x8a, 0x00, 0xc4, 0x8a, 0x00, 0xc4, 0x8a, 0x00,
    0xc4, 0x8a, 0x00, 0xc4, 0x8a, 0x00, 0xc4, 0x8a, 0x00, 0xc4, 0x8a, 0x00, 0xc4, 0x8a, 0x00, 0xc4,
    0x8a, 0x00, 0xc4, 0x8a, 0x00, 0xc4, 0x8a, 0x00, 0xc4, 0x8a, 0x00, 0xc4, 0x8a, 0x00, 0xc4, 0x8a,
    0x00, 0xc4, 0x8a, 0x00, 0xc4, 0x8a, 0x00, 0xc4, 0x8a, 0x00, 0xc4, 0x8a, 0x00, 0xc4, 0x8a, 0x00,
    0xc4, 0x8a, 0x00, 0xc4, 0x8a, 0x00, 0xc4, 0x8a, 0x00, 0xc4, 0x8a, 0x00, 0xc4, 0x8a, 0x00, 0xc4,
    0x8a, 0x00, 0xc4, 0x8a, 0x00, 0xc4, 0x8a, 0x00, 0xc4, 0x8a, 0x00, 0xc4, 0x8a, 0x00, 0xc4, 0x8a,
    0x00, 0xc4, 0x8a, 0x00, 0xc4, 0x8a, 0x00, 0xc4, 0x8a, 0x00, 0xc4, 0x8a, 0x00, 0xc4, 0x8a, 0x00,
    0xc4, 0x8a, 0x00, 0xc4, 0x8a, 0x00, 0xc4, 0x8a, 0x00, 0xc4, 0x8a, 0x00, 0xc4, 0x8a, 0x00, 0xc4,
    0x8a, 0x00, 0xc4, 0x8a, 0x00, 0xc4, 0x8a, 0x00, 0xc4, 0x8a, 0x00, 0xc4, 0x8a, 0x00, 0xc4, 0x8a,
    0x00, 0xc4, 0x8a, 0x00, 0xc4, 0x8a, 0x00, 0xc4, 0x8a, 0x00, 0xc4, 0x8a, 0x00, 0xc4, 0x8a, 0x00,
    0xc4, 0x8a, 0x00, 0xc4, 0x8a, 0x00, 0xc4, 0x8a, 0x00, 0xc4, 0x8a, 0x00, 0xc4, 0x8a, 0x00, 0xc4,
    0x8a, 0x00, 0xc4, 0x8a, 0x00, 0xc4, 0x8a, 0x00, 0xc4, 0x8a, 0x00, 0xc4, 0x8a, 0x00, 0xc4, 0x8a,
    0x00, 0xc4, 0x8a, 0x00, 0xc4, 0x8a, 0x00, 0xc4, 0x8a, 0x00, 0xc4, 0x8a, 0x00, 0xc4, 0x8a, 0x00,
    0xc4, 0x8a, 0x00, 0xc4, 0x8a, 0x00, 0xc4, 0x8a, 0x00, 0xc4, 0x8a, 0x00, 0xc4, 0x8a, 0x00, 0xc4,
    0x8a, 0x00, 0xc4, 0x8a, 0x00, 0xc4, 0x8a, 0x00, 0xc4, 0x8a, 0x00, 0xc4, 0x8a, 0x00, 0xc4, 0x8a,
    0x00, 0xc4, 0x8a, 0x00, 0xc4, 0x8a, 0x00, 0xc4, 0x8a, 0x00, 0xc4, 0x8a, 0x00, 0xc4, 0x8a, 0x00,
    0xc4, 0x8a, 0x00, 0xc4, 0x8a, 0x00, 0xc4, 0x8a, 0x00, 0xc4, 0x8a, 0x00, 0xc4, 0x8a, 0x00, 0xc4,
    0x8a, 0x00, 0xc4, 0x8a, 0x00, 0xc4, 0x8a, 0x00, 0xc4, 0x8a, 0x00, 0xc4, 0x8a, 0x00, 0xc4, 0x8a,
    0x00, 0xc4, 0x8a, 0x00, 0xc4, 0x8a, 0x00, 0xc4, 0x8a, 0x00, 0xc4, 0x8a, 0x00, 0xc4, 0x8a, 0x00,
    0xc4, 0x8a, 0x00, 0xc4, 0x8a, 0x00, 0xc4, 0x8a, 0x00, 0xc4, 0x8a, 0x00, 0xc4, 0x8a, 0x00, 0xc4,
    0x8a, 0x00, 0xc4, 0x8a, 0x00, 0xc4, 0x8a, 0x00, 0xc4, 0x8a, 0x00, 0xc4, 0x8a, 0x00, 0xc4, 0x8a,
    0x00, 0xc4, 0x8a, 0x00, 0xc4, 0x8a, 0x00, 0xc4, 0x8a, 0x00, 0xc4, 0x8a, 0x00, 0xc4, 0x8a, 0x00,
    0xc4, 0x8a, 0x00, 0xc4, 0x8a, 0x00, 0xc4, 0x8a, 0x00, 0xc4, 0x8a, 0x00, 0xc4, 0x8a, 0x00, 0xc4,
    0x8a, 0x00, 0xc4, 0x8a, 0x00, 0xc4, 0x8a, 0x00, 0xc4, 0x8a, 0x00, 0xc4, 0x8a, 0x00, 0xc4, 0x8a,
    0x00, 0xc4, 0x8a, 0x00, 0xc4, 0x8a, 0x00, 0xc4, 0x8a, 0x00, 0xc4, 0x8a, 0x00, 0xc4, 0x8a, 0x00,
    0xc4, 0x8a, 0x00, 0xc4, 0x8a, 0x00, 0xc4, 0x8a, 0x00, 0xc4, 0x8a, 0x00, 0xc4, 0x8a, 0x00, 0xc4,
    0x8a, 0x00, 0xc4, 0x8a, 0x00, 0xc4, 0x8a, 0x00, 0xc4, 0x8a, 0x00, 0xc4, 0x8a, 0x00, 0xc4, 0x8a,
    0x00, 0xc4, 0x8a, 0x00, 0xc4, 0x8a, 0x00, 0xc4, 0x8a, 0x00, 0xc4, 0x8a, 0x00, 0xc4, 0x8a, 0x00,
    0xc4, 0x8a, 0x00, 0xc4, 0x8a, 0x00, 0xc4, 0x8a, 0x00, 0xc4, 0x8a, 0x00, 0xc4, 0x8a, 0x00, 0xc4,
    0x8a, 0x00, 0xc4, 0x8a, 0x00, 0xc4, 0x8a, 0x00, 0xc4, 0x8a, 0x00, 0xc4, 0x8a, 0x00, 0xc4, 0x8a,
    0x00, 0xc4, 0x8a, 0x00, 0xc4, 0x8a, 0x00, 0xc4, 0x8a, 0x00, 0xc4, 0x8a, 0x00, 0xc4, 0x8a, 0x00,
    0xc4, 0x8a, 0x00, 0xc4, 0x8a, 0x00, 0xc4, 0x8a, 0x00, 0xc4, 0x8a, 0x00, 0xc4, 0x8a, 0x00, 0xc4,
    0x8a, 0x00, 0xc4, 0x8a, 0x00, 0xc4, 0x8a, 0x00, 0xc4, 0x8a, 0x00, 0xc4, 0x8a, 0x00, 0xc4, 0x8a,
    0x00, 0xc4, 0x8a, 0x00, 0xc4, 0x8a, 0x00, 0xc4, 0x8a, 0x00, 0xc4, 0x8a, 0x00, 0xc4, 0x8a, 0x00,
    0xc4, 0x8a, 0x00, 0xc4, 0x8a, 0x00, 0xc4, 0x8a, 0x00, 0xc4, 0x8a, 0x00, 0xc4, 0x8a, 0x00, 0xc4,
    0x8a, 0x00, 0xc4, 0x8a, 0x00, 0xc4, 0x8a, 0x00, 0xc4, 0x8a, 0x00, 0xc4, 0x8a, 0x00, 0xc4, 0x8a,
    0x00, 0xc4, 0x8a, 0x00, 0xc4, 0x8a, 0x00, 0xc4, 0x8a, 0x00, 0xc4, 0x8a, 0x00, 0xc4, 0x8a, 0x00,
    0xc4, 0x8a, 0x00, 0xc4, 0x8a, 0x00, 0xc4, 0x8a, 0x00, 0xc4, 0x8a, 0x00, 0xc4, 0x8a, 0x00, 0xc4,
    0x8a, 0x00, 0xc4, 0x8a, 0x00, 0xc4, 0x8a, 0x00, 0xc4, 0x8a, 0x00, 0xc4, 0x8a, 0x00, 0xc4, 0x8a,
    0x00, 0xc4, 0x8a, 0x00, 0xc4, 0x8a, 0x00, 0xc4, 0x8a, 0x00, 0xc4, 0x8a, 0x00, 0xc4, 0x8a, 0x00,
    0xc4, 0x8a, 0x00, 0xc4, 0x8a, 0x00, 0xc4, 0x8a, 0x00, 0xc4, 0x8a, 0x00, 0xc4, 0x8a, 0x00, 0xc4,
    0x8a, 0x00, 0xc4, 0x8a, 0x00, 0xc4, 0x8a, 0x00, 0xc4, 0x8a, 0x00, 0xc4, 0x8a, 0x00, 0xc4, 0x8a,
    0x00, 0xc4, 0x8a, 0x00, 0xc4, 0x8a, 0x00, 0xc4, 0x8a, 0x00, 0xc4, 0x8a, 0x00, 0xc4, 0x8a, 0x00,
    0xc4, 0x8a, 0x01, 0xc4, 0x8a, 0x03, 0xc4, 0x8a, 0x03, 0xc4, 0x8a, 0x02, 0xc4, 0x8a, 0x00, 0xc4,
    0x8a, 0x00, 0xc4, 0x8a, 0x00, 0xc4, 0x8a, 0x00, 0xc4, 0x8a, 0x00, 0xc4, 0x8a, 0x00, 0xc4, 0x8a,
    0x00, 0xc4, 0x8a, 0x00, 0xc4, 0x8a, 0x00, 0xc4, 0x8a, 0x00, 0xc4, 0x8a, 0x00, 0xc4, 0x8a, 0x00,
    0xc4, 0x8a, 0x00, 0xc4, 0x8a, 0x00, 0xc4, 0x8a, 0x00, 0xc4, 0x8a, 0x00, 0xc4, 0x8a, 0x00, 0xc4,
    0x8a, 0x00, 0xc4, 0x8a, 0x00, 0xc4, 0x8a, 0x00, 0xc4, 0x8a, 0x00, 0xc4, 0x8a, 0x00, 0xc4, 0x8a,
    0x00, 0xc4, 0x8a, 0x00, 0xc4, 0x8a, 0x00, 0xc4, 0x8a, 0x00, 0xc4, 0x8a, 0x00, 0xc4, 0x8a, 0x00,
    0xc4, 0x8a, 0x00, 0xc4, 0x8a, 0x00, 0xc4, 0x8a, 0x00, 0xc4, 0x8a, 0x00, 0xc4, 0x8a, 0x00, 0xc4,
    0x8a, 0x00, 0xc4, 0x8a, 0x00, 0xc4, 0x8a, 0x00, 0xc4, 0x8a, 0x00, 0xc4, 0x8a, 0x00, 0xc4, 0x8a,
    0x00, 0xc4, 0x8a, 0x00, 0xc4, 0x8a, 0x00, 0xc4, 0x8a, 0x00, 0xc4, 0x8a, 0x00, 0xc4, 0x8a, 0x00,
    0xc4, 0x8a, 0x00, 0xc4, 0x8a, 0x00, 0xc4, 0x8a, 0x00, 0xc4, 0x8a, 0x00, 0xc4, 0x8a, 0x00, 0xc4,
    0x8a, 0x00, 0xc4, 0x8a, 0x00, 0xc4, 0x8a, 0x00, 0xc4, 0x8a, 0x00, 0xc4, 0x8a, 0x00, 0xc4, 0x8a,
    0x00, 0xc4, 0x8a, 0x00, 0xc4, 0x8a, 0x00, 0xc4, 0x8a, 0x00, 0xc4, 0x8a, 0x00, 0xc4, 0x8a, 0x00,
    0xc4, 0x8a, 0x00, 0xc4, 0x8a, 0x00, 0xc4, 0x8a, 0x00, 0xc4, 0x8a, 0x00, 0xc4, 0x8a, 0x00, 0xc4,
    0x8a, 0x00, 0xc4, 0x8a, 0x00, 0xc4, 0x8a, 0x00, 0xc4, 0x8a, 0x00, 0xc4, 0x8a, 0x00, 0xc4, 0x8a,
    0x00, 0xc4, 0x8a, 0x00, 0xc4, 0x8a, 0x00, 0xc4, 0x8a, 0x00, 0xc4, 0x8a, 0x00, 0xc4, 0x8a, 0x00,
    0xc4, 0x8a, 0x00, 0xc4, 0x8a, 0x00, 0xc4, 0x8a, 0x00, 0xc4, 0x8a, 0x00, 0xc4, 0x8a, 0x00, 0xc4,
    0x8a, 0x00, 0xc4, 0x8a, 0x00, 0xc4, 0x8a, 0x00, 0xc4, 0x8a, 0x00, 0xc4, 0x8a, 0x00, 0xc4, 0x8a,
    0x00, 0xc4, 0x8a, 0x00, 0xc4, 0x8a, 0x00, 0xc4, 0x8a, 0x00, 0xc4, 0x8a, 0x00, 0xc4, 0x8a, 0x00,
    0xc4, 0x8a, 0x00, 0xc4, 0x8a, 0x00, 0xc4, 0x8a, 0x00, 0xc4, 0x8a, 0x00, 0xc4, 0x8a, 0x00, 0xc4,
    0x8a, 0x00, 0xc4, 0x8a, 0x00, 0xc4, 0x8a, 0x00, 0xc4, 0x8a, 0x00, 0xc4, 0x8a, 0x00, 0xc4, 0x8a,
    0x00, 0xc4, 0x8a, 0x00, 0xc4, 0x8a, 0x00, 0xc4, 0x8a, 0x00, 0xc4, 0x8a, 0x00, 0xc4, 0x8a, 0x00,
    0xc4, 0x8a, 0x00, 0xc4, 0x8a, 0x00, 0xc4, 0x8a, 0x00, 0xc4, 0x8a, 0x00, 0xc4, 0x8a, 0x00, 0xc4,
    0x8a, 0x00, 0xc4, 0x8a, 0x00, 0xc4, 0x8a, 0x00, 0xc4, 0x8a, 0x00, 0xc4, 0x8a, 0x00, 0xc4, 0x8a,
    0x00, 0xc4, 0x8a, 0x00, 0xc4, 0x8a, 0x00, 0xc4, 0x8a, 0x01, 0xc4, 0x8a, 0x03, 0xc4, 0x8a, 0x04,
    0xc4, 0x8a, 0x03, 0xc4, 0x8a, 0x00, 0xc4, 0x8a, 0x00, 0xc4, 0x8a, 0x00, 0xc4, 0x8a, 0x00, 0xc4,
    0x8a, 0x00, 0xc4, 0x8a, 0x03, 0xc4, 0x8a, 0x00, 0xc4, 0x8a, 0x00, 0xc4, 0x8a, 0x00, 0xc4, 0x8a,
    0x00, 0xc4, 0x8a, 0x00, 0xc4, 0x8a, 0x00, 0xc4, 0x8a, 0x00, 0xc4, 0x8a, 0x00, 0xc4, 0x8a, 0x00,
    0xc4, 0x8a, 0x00, 0xc4, 0x8a, 0x00, 0xc4, 0x8a, 0x00, 0xc4, 0x8a, 0x00, 0xc4, 0x8a, 0x00, 0xc4,
    0x8a, 0x00, 0xc4, 0x8a, 0x00, 0xc4, 0x8a, 0x00, 0xc4, 0x8a, 0x00, 0xc4, 0x8a, 0x00, 0xc4, 0x8a,
    0x00, 0xc4, 0x8a, 0x00, 0xc4, 0x8a, 0x00, 0xc4, 0x8a, 0x00, 0xc4, 0x8a, 0x00, 0xc4, 0x8a, 0x00,
    0xc4, 0x8a, 0x00, 0xc4, 0x8a, 0x00, 0xc4, 0x8a, 0x00, 0xc4, 0x8a, 0x00, 0xc4, 0x8a, 0x00, 0xc4,
    0x8a, 0x00, 0xc4, 0x8a, 0x00, 0xc4, 0x8a, 0x00, 0xc4, 0x8a, 0x00, 0xc4, 0x8a, 0x00, 0xc4, 0x8a,
    0x00, 0xc4, 0x8a, 0x00, 0xc4, 0x8a, 0x00, 0xc4, 0x8a, 0x00, 0xc4, 0x8a, 0x00, 0xc4, 0x8a, 0x00,
    0xc4, 0x8a, 0x00, 0xc4, 0x8a, 0x00, 0xc4, 0x8a, 0x00, 0xc4, 0x8a, 0x00, 0xc4, 0x8a, 0x00, 0xc4,
    0x8a, 0x00, 0xc4, 0x8a, 0x00, 0xc4, 0x8a, 0x00, 0xc4, 0x8a, 0x00, 0xc4, 0x8a, 0x00, 0xc4, 0x8a,
    0x00, 0xc4, 0x8a, 0x00, 0xc4, 0x8a, 0x00, 0xc4, 0x8a, 0x00, 0xc4, 0x8a, 0x00, 0xc4, 0x8a, 0x00,
    0xc4, 0x8a, 0x00, 0xc4, 0x8a, 0x00, 0xc4, 0x8a, 0x00, 0xc4, 0x8a, 0x00, 0xc4, 0x8a, 0x00, 0xc4,
    0x8a, 0x00, 0xc4, 0x8a, 0x00, 0xc4, 0x8a, 0x00, 0xc4, 0x8a, 0x00, 0xc4, 0x8a, 0x00, 0xc4, 0x8a,
    0x00, 0xc4, 0x8a, 0x00, 0xc4, 0x8a, 0x00, 0xc4, 0x8a, 0x00, 0xc4, 0x8a, 0x00, 0xc4, 0x8a, 0x00,
    0xc4, 0x8a, 0x00, 0xc4, 0x8a, 0x00, 0xc4, 0x8a, 0x00, 0xc4, 0x8a, 0x00, 0xc4, 0x8a, 0x00, 0xc4,
    0x8a, 0x00, 0xc4, 0x8a, 0x00, 0xc4, 0x8a, 0x00, 0xc4, 0x8a, 0x00, 0xc4, 0x8a, 0x00, 0xc4, 0x8a,
    0x00, 0xc4, 0x8a, 0x00, 0xc4, 0x8a, 0x00, 0xc4, 0x8a, 0x00, 0xc4, 0x8a, 0x00, 0xc4, 0x8a, 0x00,
    0xc4, 0x8a, 0x00, 0xc4, 0x8a, 0x00, 0xc4, 0x8a, 0x00, 0xc4, 0x8a, 0x00, 0xc4, 0x8a, 0x00, 0xc4,
    0x8a, 0x00, 0xc4, 0x8a, 0x00, 0xc4, 0x8a, 0x00, 0xc4, 0x8a, 0x00, 0xc4, 0x8a, 0x00, 0xc4, 0x8a,
    0x00, 0xc4, 0x8a, 0x00, 0xc4, 0x8a, 0x00, 0xc4, 0x8a, 0x00, 0xc4, 0x8a, 0x00, 0xc4, 0x8a, 0x00,
    0xc4, 0x8a, 0x00, 0xc4, 0x8a, 0x00, 0xc4, 0x8a, 0x00, 0xc4, 0x8a, 0x00, 0xc4, 0x8a, 0x00, 0xc4,
    0x8a, 0x00, 0xc4, 0x8a, 0x00, 0xc4, 0x8a, 0x00, 0xc4, 0x8a, 0x00, 0xc4, 0x8a, 0x00, 0xc4, 0x8a,
    0x00, 0xc4, 0x8a, 0x00, 0xc4, 0x8a, 0x00, 0xc4, 0x8a, 0x00, 0xc4, 0x8a, 0x03, 0xc4, 0x8a, 0x00,
    0xc4, 0x8a, 0x00, 0xc4, 0x8a, 0x00, 0xc4, 0x8a, 0x00, 0xc4, 0x8a, 0x00, 0x84, 0x7a, 0x0e, 0x84,
    0x7a, 0x2d, 0x84, 0x7a, 0x50, 0x84, 0x7a, 0x32, 0xc4, 0x8a, 0x00, 0xc4, 0x8a, 0x04, 0xc4, 0x8a,
    0x02, 0xc4, 0x8a, 0x01, 0xc4, 0x8a, 0x00, 0xc4, 0x8a, 0x00, 0xc4, 0x8a, 0x00, 0xc4, 0x8a, 0x00,
    0xc4, 0x8a, 0x00, 0xc4, 0x8a, 0x00, 0xc4, 0x8a, 0x00, 0xc4, 0x8a, 0x00, 0xc4, 0x8a, 0x00, 0xc4,
    0x8a, 0x00, 0xc4, 0x8a, 0x00, 0xc4, 0x8a, 0x00, 0xc4, 0x8a, 0x00, 0xc4, 0x8a, 0x00, 0xc4, 0x8a,
    0x00, 0xc4, 0x8a, 0x00, 0xc4, 0x8a, 0x00, 0xc4, 0x8a, 0x00, 0xc4, 0x8a, 0x00, 0xc4, 0x8a, 0x00,
    0xc4, 0x8a, 0x00, 0xc4, 0x8a, 0x00, 0xc4, 0x8a, 0x00, 0xc4, 0x8a, 0x00, 0xc4, 0x8a, 0x00, 0xc4,
    0x8a, 0x00, 0xc4, 0x8a, 0x00, 0xc4, 0x8a, 0x00, 0xc4, 0x8a, 0x00, 0xc4, 0x8a, 0x00, 0xc4, 0x8a,
    0x00, 0xc4, 0x8a, 0x00, 0xc4, 0x8a, 0x00, 0xc4, 0x8a, 0x00, 0xc4, 0x8a, 0x00, 0xc4, 0x8a, 0x00,
    0xc4, 0x8a, 0x00, 0xc4, 0x8a, 0x00, 0xc4, 0x8a, 0x00, 0xc4, 0x8a, 0x00, 0xc4, 0x8a, 0x00, 0xc4,
    0x8a, 0x00, 0xc4, 0x8a, 0x00, 0xc4, 0x8a, 0x00, 0xc4, 0x8a, 0x00, 0xc4, 0x8a, 0x00, 0xc4, 0x8a,
    0x00, 0xc4, 0x8a, 0x00, 0xc4, 0x8a, 0x00, 0xc4, 0x8a, 0x00, 0xc4, 0x8a, 0x00, 0xc4, 0x8a, 0x00,
    0xc4, 0x8a, 0x00, 0xc4, 0x8a, 0x00, 0xc4, 0x8a, 0x00, 0xc4, 0x8a, 0x00, 0xc4, 0x8a, 0x00, 0xc4,
    0x8a, 0x00, 0xc4, 0x8a, 0x00, 0xc4, 0x8a, 0x00, 0xc4, 0x8a, 0x00, 0xc4, 0x8a, 0x00, 0xc4, 0x8a,
    0x00, 0xc4, 0x8a, 0x00, 0xc4, 0x8a, 0x00, 0xc4, 0x8a, 0x00, 0xc4, 0x8a, 0x00, 0xc4, 0x8a, 0x00,
    0xc4, 0x8a, 0x00, 0xc4, 0x8a, 0x00, 0xc4, 0x8a, 0x00, 0xc4, 0x8a, 0x00, 0xc4, 0x8a, 0x00, 0xc4,
    0x8a, 0x00, 0xc4, 0x8a, 0x00, 0xc4, 0x8a, 0x00, 0xc4, 0x8a, 0x00, 0xc4, 0x8a, 0x00, 0xc4, 0x8a,
    0x00, 0xc4, 0x8a, 0x00, 0xc4, 0x8a, 0x00, 0xc4, 0x8a, 0x00, 0xc4, 0x8a, 0x00, 0xc4, 0x8a, 0x00,
    0xc4, 0x8a, 0x00, 0xc4, 0x8a, 0x00, 0xc4, 0x8a, 0x00, 0xc4, 0x8a, 0x00, 0xc4, 0x8a, 0x00, 0xc4,
    0x8a, 0x00, 0xc4, 0x8a, 0x00, 0xc4, 0x8a, 0x00, 0xc4, 0x8a, 0x00, 0xc4, 0x8a, 0x00, 0xc4, 0x8a,
    0x00, 0xc4, 0x8a, 0x00, 0xc4, 0x8a, 0x00, 0xc4, 0x8a, 0x00, 0xc4, 0x8a, 0x00, 0xc4, 0x8a, 0x00,
    0xc4, 0x8a, 0x00, 0xc4, 0x8a, 0x00, 0xc4, 0x8a, 0x00, 0xc4, 0x8a, 0x00, 0xc4, 0x8a, 0x00, 0xc4,
    0x8a, 0x00, 0xc4, 0x8a, 0x00, 0xc4, 0x8a, 0x00, 0xc4, 0x8a, 0x00, 0xc4, 0x8a, 0x00, 0xc4, 0x8a,
    0x00, 0xc4, 0x8a, 0x00, 0xc4, 0x8a, 0x00, 0xc4, 0x8a, 0x00, 0xc4, 0x8a, 0x00, 0xc4, 0x8a, 0x00,
    0xc4, 0x8a, 0x00, 0x84, 0x7a, 0x16, 0x84, 0x7a, 0x51, 0x84, 0x7a, 0x76, 0x84, 0x7a, 0x91, 0x84,
    0x7a, 0xb8, 0x84, 0x7a, 0xd3, 0x84, 0x7a, 0xe6, 0x84, 0x7a, 0xe4, 0x84, 0x7a, 0xdc, 0x84, 0x7a,
    0x4e, 0xc4, 0x8a, 0x00, 0xc4, 0x8a, 0x00, 0xc4, 0x8a, 0x00, 0xc4, 0x8a, 0x00, 0xc4, 0x8a, 0x00,
    0xc4, 0x8a, 0x00, 0xc4, 0x8a, 0x00, 0xc4, 0x8a, 0x00, 0xc4, 0x8a, 0x00, 0xc4, 0x8a, 0x00, 0xc4,
    0x8a, 0x00, 0xc4, 0x8a, 0x00, 0xc4, 0x8a, 0x00, 0xc4, 0x8a, 0x00, 0xc4, 0x8a, 0x00, 0xc4, 0x8a,
    0x00, 0xc4, 0x8a, 0x00, 0xc4, 0x8a, 0x00, 0xc4, 0x8a, 0x00, 0xc4, 0x8a, 0x00, 0xc4, 0x8a, 0x00,
    0xc4, 0x8a, 0x00, 0xc4, 0x8a, 0x00, 0xc4, 0x8a, 0x00, 0xc4, 0x8a, 0x00, 0xc4, 0x8a, 0x00, 0xc4,
    0x8a, 0x00, 0xc4, 0x8a, 0x00, 0xc4, 0x8a, 0x00, 0xc4, 0x8a, 0x00, 0xc4, 0x8a, 0x00, 0xc4, 0x8a,
    0x00, 0xc4, 0x8a, 0x00, 0xc4, 0x8a, 0x00, 0xc4, 0x8a, 0x00, 0xc4, 0x8a, 0x00, 0xc4, 0x8a, 0x00,
    0xc4, 0x8a, 0x00, 0xc4, 0x8a, 0x00, 0xc4, 0x8a, 0x00, 0xc4, 0x8a, 0x00, 0xc4, 0x8a, 0x00, 0xc4,
    0x8a, 0x00, 0xc4, 0x8a, 0x00, 0xc4, 0x8a, 0x00, 0xc4, 0x8a, 0x00, 0xc4, 0x8a, 0x00, 0xc4, 0x8a,
    0x00, 0xc4, 0x8a, 0x00, 0xc4, 0x8a, 0x00, 0xc4, 0x8a, 0x00, 0xc4, 0x8a, 0x00, 0xc4, 0x8a, 0x00,
    0xc4, 0x8a, 0x00, 0xc4, 0x8a, 0x00, 0xc4, 0x8a, 0x00, 0xc4, 0x8a, 0x00, 0xc4, 0x8a, 0x00, 0xc4,
    0x8a, 0x00, 0xc4, 0x8a, 0x00, 0xc4, 0x8a, 0x00, 0xc4, 0x8a, 0x00, 0xc4, 0x8a, 0x00, 0xc4, 0x8a,
    0x00, 0xc4, 0x8a, 0x00, 0xc4, 0x8a, 0x00, 0xc4, 0x8a, 0x00, 0xc4, 0x8a, 0x00, 0xc4, 0x8a, 0x00,
    0xc4, 0x8a, 0x00, 0xc4, 0x8a, 0x00, 0xc4, 0x8a, 0x00, 0xc4, 0x8a, 0x00, 0xc4, 0x8a, 0x00, 0xc4,
    0x8a, 0x00, 0xc4, 0x8a, 0x00, 0xc4, 0x8a, 0x00, 0xc4, 0x8a, 0x00, 0xc4, 0x8a, 0x00, 0xc4, 0x8a,
    0x00, 0xc4, 0x8a, 0x00, 0xc4, 0x8a, 0x00, 0xc4, 0x8a, 0x00, 0xc4, 0x8a, 0x00, 0xc4, 0x8a, 0x00,
    0xc4, 0x8a, 0x00, 0xc4, 0x8a, 0x00, 0xc4, 0x8a, 0x00, 0xc4, 0x8a, 0x00, 0xc4, 0x8a, 0x00, 0xc4,
    0x8a, 0x00, 0xc4, 0x8a, 0x00, 0xc4, 0x8a, 0x00, 0xc4, 0x8a, 0x00, 0xc4, 0x8a, 0x00, 0xc4, 0x8a,
    0x00, 0xc4, 0x8a, 0x00, 0xc4, 0x8a, 0x00, 0xc4, 0x8a, 0x00, 0xc4, 0x8a, 0x00, 0xc4, 0x8a, 0x00,
    0xc4, 0x8a, 0x00, 0xc4, 0x8a, 0x00, 0xc4, 0x8a, 0x00, 0xc4, 0x8a, 0x00, 0xc4, 0x8a, 0x00, 0xc4,
    0x8a, 0x00, 0xc4, 0x8a, 0x00, 0xc4, 0x8a, 0x00, 0xc4, 0x8a, 0x00, 0xc4, 0x8a, 0x00, 0xc4, 0x8a,
    0x00, 0xc4, 0x8a, 0x00, 0xc4, 0x8a, 0x00, 0xc4, 0x8a, 0x00, 0xc4, 0x8a, 0x00, 0xc4, 0x8a, 0x01,
    0xc4, 0x8a, 0x01, 0xa4, 0x82, 0x04, 0x84, 0x7a, 0x60, 0x84, 0x7a, 0xd1, 0x84, 0x7a, 0xe4, 0x84,
    0x7a, 0xe4, 0x84, 0x7a, 0xe3, 0x84, 0x7a, 0xe5, 0x84, 0x7a, 0xe6, 0x84, 0x7a, 0xe4, 0x84, 0x7a,
    0xe1, 0x84, 0x7a, 0xe4, 0x84, 0x7a, 0xe5, 0x84, 0x7a, 0x6b, 0x84, 0x7a, 0x2a, 0x84, 0x7a, 0x14,
    0xc4, 0x8a, 0x00, 0xc4, 0x8a, 0x01, 0xc4, 0x8a, 0x00, 0xc4, 0x8a, 0x00, 0xc4, 0x8a, 0x00, 0xc4,
    0x8a, 0x00, 0xc4, 0x8a, 0x00, 0xc4, 0x8a, 0x00, 0xc4, 0x8a, 0x00, 0xc4, 0x8a, 0x00, 0xc4, 0x8a,
    0x00, 0xc4, 0x8a, 0x00, 0xc4, 0x8a, 0x00, 0xc4, 0x8a, 0x00, 0xc4, 0x8a, 0x00, 0xc4, 0x8a, 0x00,
    0xc4, 0x8a, 0x00, 0xc4, 0x8a, 0x00, 0xc4, 0x8a, 0x00, 0xc4, 0x8a, 0x00, 0xc4, 0x8a, 0x00, 0xc4,
    0x8a, 0x00, 0xc4, 0x8a, 0x00, 0xc4, 0x8a, 0x00, 0xc4, 0x8a, 0x00, 0xc4, 0x8a, 0x00, 0xc4, 0x8a,
    0x00, 0xc4, 0x8a, 0x00, 0xc4, 0x8a, 0x00, 0xc4, 0x8a, 0x00, 0xc4, 0x8a, 0x00, 0xc4, 0x8a, 0x00,
    0xc4, 0x8a, 0x00, 0xc4, 0x8a, 0x00, 0xc4, 0x8a, 0x00, 0xc4, 0x8a, 0x00, 0xc4, 0x8a, 0x00, 0xc4,
    0x8a, 0x00, 0xc4, 0x8a, 0x00, 0xc4, 0x8a, 0x00, 0xc4, 0x8a, 0x00, 0xc4, 0x8a, 0x00, 0xc4, 0x8a,
    0x00, 0xc4, 0x8a, 0x00, 0xc4, 0x8a, 0x00, 0xc4, 0x8a, 0x00, 0xc4, 0x8a, 0x00, 0xc4, 0x8a, 0x00,
    0xc4, 0x8a, 0x00, 0xc4, 0x8a, 0x00, 0xc4, 0x8a, 0x00, 0xc4, 0x8a, 0x00, 0xc4, 0x8a, 0x00, 0xc4,
    0x8a, 0x00, 0xc4, 0x8a, 0x00, 0xc4, 0x8a, 0x00, 0xc4, 0x8a, 0x00, 0xc4, 0x8a, 0x00, 0xc4, 0x8a,
    0x00, 0xc4, 0x8a, 0x00, 0xc4, 0x8a, 0x00, 0xc4, 0x8a, 0x00, 0xc4, 0x8a, 0x00, 0xc4, 0x8a, 0x00,
    0xc4, 0x8a, 0x00, 0xc4, 0x8a, 0x00, 0xc4, 0x8a, 0x00, 0xc4, 0x8a, 0x00, 0xc4, 0x8a, 0x00, 0xc4,
    0x8a, 0x00, 0xc4, 0x8a, 0x00, 0xc4, 0x8a, 0x00, 0xc4, 0x8a, 0x00, 0xc4, 0x8a, 0x00, 0xc4, 0x8a,
    0x00, 0xc4, 0x8a, 0x00, 0xc4, 0x8a, 0x00, 0xc4, 0x8a, 0x00, 0xc4, 0x8a, 0x00, 0xc4, 0x8a, 0x00,
    0xc4, 0x8a, 0x00, 0xc4, 0x8a, 0x00, 0xc4, 0x8a, 0x00, 0xc4, 0x8a, 0x00, 0xc4, 0x8a, 0x00, 0xc4,
    0x8a, 0x00, 0xc4, 0x8a, 0x00, 0xc4, 0x8a, 0x00, 0xc4, 0x8a, 0x00, 0xc4, 0x8a, 0x00, 0xc4, 0x8a,
    0x00, 0xc4, 0x8a, 0x00, 0xc4, 0x8a, 0x00, 0xc4, 0x8a, 0x00, 0xc4, 0x8a, 0x00, 0xc4, 0x8a, 0x00,
    0xc4, 0x8a, 0x00, 0xc4, 0x8a, 0x00, 0xc4, 0x8a, 0x00, 0xc4, 0x8a, 0x00, 0xc4, 0x8a, 0x00, 0xc4,
    0x8a, 0x00, 0xc4, 0x8a, 0x00, 0xc4, 0x8a, 0x00, 0xc4, 0x8a, 0x00, 0xc4, 0x8a, 0x00, 0xc4, 0x8a,
    0x00, 0xc4, 0x8a, 0x00, 0xc4, 0x8a, 0x00, 0xc4, 0x8a, 0x00, 0xc4, 0x8a, 0x00, 0xc4, 0x8a, 0x00,
    0xc4, 0x8a, 0x00, 0xc4, 0x8a, 0x01, 0xc4, 0x8a, 0x00, 0x84, 0x7a, 0x99, 0x84, 0x7a, 0xe4, 0x84,
    0x7a, 0xe4, 0x84, 0x7a, 0x66, 0x84, 0x7a, 0x1f, 0x84, 0x7a, 0x78, 0x84, 0x7a, 0xe5, 0x84, 0x7a,
    0xe4, 0x84, 0x7a, 0xe5, 0x84, 0x7a, 0xe5, 0x84, 0x7a, 0xe5, 0x84, 0x7a, 0xe5, 0x84, 0x7a, 0xe2,
    0x84, 0x7a, 0xe2, 0x84, 0x7a, 0x81, 0xc4, 0x8a, 0x00, 0xc4, 0x8a, 0x04, 0xc4, 0x8a, 0x00, 0xc4,
    0x8a, 0x00, 0xc4, 0x8a, 0x00, 0xc4, 0x8a, 0x00, 0xc4, 0x8a, 0x00, 0xc4, 0x8a, 0x00, 0xc4, 0x8a,
    0x00, 0xc4, 0x8a, 0x00, 0xc4, 0x8a, 0x00, 0xc4, 0x8a, 0x00, 0xc4, 0x8a, 0x00, 0xc4, 0x8a, 0x00,
    0xc4, 0x8a, 0x00, 0xc4, 0x8a, 0x00, 0xc4, 0x8a, 0x00, 0xc4, 0x8a, 0x00, 0xc4, 0x8a, 0x00, 0xc4,
    0x8a, 0x00, 0xc4, 0x8a, 0x00, 0xc4, 0x8a, 0x00, 0xc4, 0x8a, 0x00, 0xc4, 0x8a, 0x00, 0xc4, 0x8a,
    0x00, 0xc4, 0x8a, 0x00, 0xc4, 0x8a, 0x00, 0xc4, 0x8a, 0x00, 0xc4, 0x8a, 0x00, 0xc4, 0x8a, 0x00,
    0xc4, 0x8a, 0x00, 0xc4, 0x8a, 0x00, 0xc4, 0x8a, 0x00, 0xc4, 0x8a, 0x00, 0xc4, 0x8a, 0x00, 0xc4,
    0x8a, 0x00, 0xc4, 0x8a, 0x00, 0xc4, 0x8a, 0x00, 0xc4, 0x8a, 0x00, 0xc4, 0x8a, 0x00, 0xc4, 0x8a,
    0x00, 0xc4, 0x8a, 0x00, 0xc4, 0x8a, 0x00, 0xc4, 0x8a, 0x00, 0xc4, 0x8a, 0x00, 0xc4, 0x8a, 0x00,
    0xc4, 0x8a, 0x00, 0xc4, 0x8a, 0x00, 0xc4, 0x8a, 0x00, 0xc4, 0x8a, 0x00, 0xc4, 0x8a, 0x00, 0xc4,
    0x8a, 0x00, 0xc4, 0x8a, 0x00, 0xc4, 0x8a, 0x00, 0xc4, 0x8a, 0x00, 0xc4, 0x8a, 0x00, 0xc4, 0x8a,
    0x00, 0xc4, 0x8a, 0x00, 0xc4, 0x8a, 0x00, 0xc4, 0x8a, 0x00, 0xc4, 0x8a, 0x00, 0xc4, 0x8a, 0x00,
    0xc4, 0x8a, 0x00, 0xc4, 0x8a, 0x00, 0xc4, 0x8a, 0x00, 0xc4, 0x8a, 0x00, 0xc4, 0x8a, 0x00, 0xc4,
    0x8a, 0x00, 0xc4, 0x8a, 0x00, 0xc4, 0x8a, 0x00, 0xc4, 0x8a, 0x00, 0xc4, 0x8a, 0x00, 0xc4, 0x8a,
    0x00, 0xc4, 0x8a, 0x00, 0xc4, 0x8a, 0x00, 0xc4, 0x8a, 0x00, 0xc4, 0x8a, 0x00, 0xc4, 0x8a, 0x00,
    0xc4, 0x8a, 0x00, 0xc4, 0x8a, 0x00, 0xc4, 0x8a, 0x00, 0xc4, 0x8a, 0x00, 0xc4, 0x8a, 0x00, 0xc4,
    0x8a, 0x00, 0xc4, 0x8a, 0x00, 0xc4, 0x8a, 0x00, 0xc4, 0x8a, 0x00, 0xc4, 0x8a, 0x00, 0xc4, 0x8a,
    0x00, 0xc4, 0x8a, 0x00, 0xc4, 0x8a, 0x00, 0xc4, 0x8a, 0x00, 0xc4, 0x8a, 0x00, 0xc4, 0x8a, 0x00,
    0xc4, 0x8a, 0x00, 0xc4, 0x8a, 0x00, 0xc4, 0x8a, 0x00, 0xc4, 0x8a, 0x00, 0xc4, 0x8a, 0x00, 0xc4,
    0x8a, 0x00, 0xc4, 0x8a, 0x00, 0xc4, 0x8a, 0x00, 0xc4, 0x8a, 0x00, 0xc4, 0x8a, 0x00, 0xc4, 0x8a,
    0x00, 0xc4, 0x8a, 0x00, 0xc4, 0x8a, 0x00, 0xc4, 0x8a, 0x00, 0xc4, 0x8a, 0x00, 0xc4, 0x8a, 0x00,
    0xc4, 0x8a, 0x00, 0xc4, 0x8a, 0x00, 0xc4, 0x8a, 0x01, 0xc4, 0x8a, 0x00, 0x84, 0x7a, 0x0e, 0x84,
    0x7a, 0xd7, 0x84, 0x7a, 0xe2, 0x84, 0x7a, 0xd6, 0x84, 0x7a, 0x10, 0xc4, 0x8a, 0x00, 0xc4, 0x8a,
    0x00, 0x84, 0x7a, 0x84, 0x84, 0x7a, 0x8b, 0x84, 0x7a, 0x3d, 0x84, 0x7a, 0x40, 0x84, 0x7a, 0x7c,
    0x84, 0x7a, 0xbb, 0x84, 0x7a, 0x43, 0x84, 0x7a, 0xa7, 0x84, 0x7a, 0xae, 0xc4, 0x8a, 0x00, 0xc4,
    0x8a, 0x02, 0xc4, 0x8a, 0x00, 0xc4, 0x8a, 0x00, 0xc4, 0x8a, 0x00, 0xc4, 0x8a, 0x00, 0xc4, 0x8a,
    0x00, 0xc4, 0x8a, 0x00, 0xc4, 0x8a, 0x00, 0xc4, 0x8a, 0x00, 0xc4, 0x8a, 0x00, 0xc4, 0x8a, 0x00,
    0xc4, 0x8a, 0x00, 0xc4, 0x8a, 0x00, 0xc4, 0x8a, 0x00, 0xc4, 0x8a, 0x00, 0xc4, 0x8a, 0x00, 0xc4,
    0x8a, 0x00, 0xc4, 0x8a, 0x00, 0xc4, 0x8a, 0x00, 0xc4, 0x8a, 0x00, 0xc4, 0x8a, 0x00, 0xc4, 0x8a,
    0x00, 0xc4, 0x8a, 0x00, 0xc4, 0x8a, 0x00, 0xc4, 0x8a, 0x00, 0xc4, 0x8a, 0x00, 0xc4, 0x8a, 0x00,
    0xc4, 0x8a, 0x00, 0xc4, 0x8a, 0x00, 0xc4, 0x8a, 0x00, 0xc4, 0x8a, 0x00, 0xc4, 0x8a, 0x00, 0xc4,
    0x8a, 0x00, 0xc4, 0x8a, 0x00, 0xc4, 0x8a, 0x00, 0xc4, 0x8a, 0x00, 0xc4, 0x8a, 0x00, 0xc4, 0x8a,
    0x00, 0xc4, 0x8a, 0x00, 0xc4, 0x8a, 0x00, 0xc4, 0x8a, 0x00, 0xc4, 0x8a, 0x00, 0xc4, 0x8a, 0x00,
    0xc4, 0x8a, 0x00, 0xc4, 0x8a, 0x00, 0xc4, 0x8a, 0x00, 0xc4, 0x8a, 0x00, 0xc4, 0x8a, 0x00, 0xc4,
    0x8a, 0x00, 0xc4, 0x8a, 0x00, 0xc4, 0x8a, 0x00, 0xc4, 0x8a, 0x00, 0xc4, 0x8a, 0x00, 0xc4, 0x8a,
    0x00, 0xc4, 0x8a, 0x00, 0xc4, 0x8a, 0x00, 0xc4, 0x8a, 0x00, 0xc4, 0x8a, 0x00, 0xc4, 0x8a, 0x00,
    0xc4, 0x8a, 0x00, 0xc4, 0x8a, 0x00, 0xc4, 0x8a, 0x00, 0xc4, 0x8a, 0x00, 0xc4, 0x8a, 0x00, 0xc4,
    0x8a, 0x00, 0xc4, 0x8a, 0x00, 0xc4, 0x8a, 0x00, 0xc4, 0x8a, 0x00, 0xc4, 0x8a, 0x00, 0xc4, 0x8a,
    0x00, 0xc4, 0x8a, 0x00, 0xc4, 0x8a, 0x00, 0xc4, 0x8a, 0x00, 0xc4, 0x8a, 0x00, 0xc4, 0x8a, 0x00,
    0xc4, 0x8a, 0x00, 0xc4, 0x8a, 0x00, 0xc4, 0x8a, 0x00, 0xc4, 0x8a, 0x00, 0xc4, 0x8a, 0x00, 0xc4,
    0x8a, 0x00, 0xc4, 0x8a, 0x00, 0xc4, 0x8a, 0x00, 0xc4, 0x8a, 0x00, 0xc4, 0x8a, 0x00, 0xc4, 0x8a,
    0x00, 0xc4, 0x8a, 0x00, 0xc4, 0x8a, 0x00, 0xc4, 0x8a, 0x00, 0xc4, 0x8a, 0x00, 0xc4, 0x8a, 0x00,
    0xc4, 0x8a, 0x00, 0xc4, 0x8a, 0x00, 0xc4, 0x8a, 0x00, 0xc4, 0x8a, 0x00, 0xc4, 0x8a, 0x00, 0xc4,
    0x8a, 0x00, 0xc4, 0x8a, 0x00, 0xc4, 0x8a, 0x00, 0xc4, 0x8a, 0x00, 0xc4, 0x8a, 0x00, 0xc4, 0x8a,
    0x00, 0xc4, 0x8a, 0x00, 0xc4, 0x8a, 0x00, 0xc4, 0x8a, 0x00, 0xc4, 0x8a, 0x00, 0xc4, 0x8a, 0x00,
    0xc4, 0x8a, 0x00, 0xc4, 0x8a, 0x01, 0xc4, 0x8a, 0x01, 0xc4, 0x8a, 0x02, 0xc4, 0x8a, 0x05, 0xc4,
    0x8a, 0x03, 0x84, 0x7a, 0x28, 0x84, 0x7a, 0xe3, 0x84, 0x7a, 0xe5, 0x84, 0x7a, 0xc0, 0x84, 0x7a,
    0x2a, 0xc4, 0x8a, 0x05, 0x64, 0x72, 0x06, 0xc4, 0x8a, 0x00, 0xc4, 0x8a, 0x00, 0xc4, 0x8a, 0x00,
    0xc4, 0x8a, 0x00, 0xc4, 0x8a, 0x00, 0x84, 0x7a, 0x1d, 0x84, 0x7a, 0x51, 0x84, 0x7a, 0x9f, 0x84,
    0x7a, 0xd0, 0xc4, 0x8a, 0x03, 0xc4, 0x8a, 0x00, 0xc4, 0x8a, 0x01, 0xc4, 0x8a, 0x00, 0xc4, 0x8a,
    0x00, 0xc4, 0x8a, 0x00, 0xc4, 0x8a, 0x00, 0xc4, 0x8a, 0x00, 0xc4, 0x8a, 0x00, 0xc4, 0x8a, 0x00,
    0xc4, 0x8a, 0x00, 0xc4, 0x8a, 0x00, 0xc4, 0x8a, 0x00, 0xc4, 0x8a, 0x00, 0xc4, 0x8a, 0x00, 0xc4,
    0x8a, 0x00, 0xc4, 0x8a, 0x00, 0xc4, 0x8a, 0x00, 0xc4, 0x8a, 0x00, 0xc4, 0x8a, 0x00, 0xc4, 0x8a,
    0x00, 0xc4, 0x8a, 0x00, 0xc4, 0x8a, 0x00, 0xc4, 0x8a, 0x00, 0xc4, 0x8a, 0x00, 0xc4, 0x8a, 0x00,
    0xc4, 0x8a, 0x00, 0xc4, 0x8a, 0x00, 0xc4, 0x8a, 0x00, 0xc4, 0x8a, 0x00, 0xc4, 0x8a, 0x00, 0xc4,
    0x8a, 0x00, 0xc4, 0x8a, 0x00, 0xc4, 0x8a, 0x00, 0xc4, 0x8a, 0x00, 0xc4, 0x8a, 0x00, 0xc4, 0x8a,
    0x00, 0xc4, 0x8a, 0x00, 0xc4, 0x8a, 0x00, 0xc4, 0x8a, 0x00, 0xc4, 0x8a, 0x00, 0xc4, 0x8a, 0x00,
    0xc4, 0x8a, 0x00, 0xc4, 0x8a, 0x00, 0xc4, 0x8a, 0x00, 0xc4, 0x8a, 0x00, 0xc4, 0x8a, 0x00, 0xc4,
    0x8a, 0x00, 0xc4, 0x8a, 0x00, 0xc4, 0x8a, 0x00, 0xc4, 0x8a, 0x00, 0xc4, 0x8a, 0x00, 0xc4, 0x8a,
    0x00, 0xc4, 0x8a, 0x00, 0xc4, 0x8a, 0x00, 0xc4, 0x8a, 0x00, 0xc4, 0x8a, 0x00, 0xc4, 0x8a, 0x00,
    0xc4, 0x8a, 0x00, 0xc4, 0x8a, 0x00, 0xc4, 0x8a, 0x00, 0xc4, 0x8a, 0x00, 0xc4, 0x8a, 0x00, 0xc4,
    0x8a, 0x00, 0xc4, 0x8a, 0x00, 0xc4, 0x8a, 0x00, 0xc4, 0x8a, 0x00, 0xc4, 0x8a, 0x00, 0xc4, 0x8a,
    0x00, 0xc4, 0x8a, 0x00, 0xc4, 0x8a, 0x00, 0xc4, 0x8a, 0x00, 0xc4, 0x8a, 0x00, 0xc4, 0x8a, 0x00,
    0xc4, 0x8a, 0x00, 0xc4, 0x8a, 0x00, 0xc4, 0x8a, 0x00, 0xc4, 0x8a, 0x00, 0xc4, 0x8a, 0x00, 0xc4,
    0x8a, 0x00, 0xc4, 0x8a, 0x00, 0xc4, 0x8a, 0x00, 0xc4, 0x8a, 0x00, 0xc4, 0x8a, 0x00, 0xc4, 0x8a,
    0x00, 0xc4, 0x8a, 0x00, 0xc4, 0x8a, 0x00, 0xc4, 0x8a, 0x00, 0xc4, 0x8a, 0x00, 0xc4, 0x8a, 0x00,
    0xc4, 0x8a, 0x00, 0xc4, 0x8a, 0x00, 0xc4, 0x8a, 0x00, 0xc4, 0x8a, 0x00, 0xc4, 0x8a, 0x00, 0xc4,
    0x8a, 0x00, 0xc4, 0x8a, 0x00, 0xc4, 0x8a, 0x00, 0xc4, 0x8a, 0x00, 0xc4, 0x8a, 0x00, 0xc4, 0x8a,
    0x00, 0xc4, 0x8a, 0x00, 0xc4, 0x8a, 0x00, 0xc4, 0x8a, 0x00, 0xc4, 0x8a, 0x00, 0xc4, 0x8a, 0x02,
    0xc4, 0x8a, 0x03, 0xc4, 0x8a, 0x04, 0xc4, 0x8a, 0x03, 0xc4, 0x8a, 0x00, 0xc4, 0x8a, 0x00, 0xc4,
    0x8a, 0x00, 0xc4, 0x8a, 0x00, 0xc4, 0x8a, 0x00, 0x84, 0x7a, 0x50, 0x84, 0x7a, 0xe0, 0x84, 0x7a,
    0xa1, 0x64, 0x7a, 0x07, 0xc4, 0x8a, 0x00, 0xc4, 0x8a, 0x00, 0xc4, 0x8a, 0x00, 0xc4, 0x8a, 0x00,
    0xc4, 0x8a, 0x03, 0xc4, 0x8a, 0x03, 0xc4, 0x8a, 0x03, 0xc4, 0x8a, 0x00, 0xc4, 0x8a, 0x00, 0x84,
    0x7a, 0xa1, 0x84, 0x7a, 0xe3, 0x84, 0x7a, 0xd6, 0x84, 0x7a, 0x15, 0xc4, 0x8a, 0x00, 0xc4, 0x8a,
    0x04, 0xc4, 0x8a, 0x04, 0xc4, 0x8a, 0x03, 0xc4, 0x8a, 0x02, 0xc4, 0x8a, 0x01, 0xc4, 0x8a, 0x00,
    0xc4, 0x8a, 0x00, 0xc4, 0x8a, 0x00, 0xc4, 0x8a, 0x00, 0xc4, 0x8a, 0x00, 0xc4, 0x8a, 0x00, 0xc4,
    0x8a, 0x00, 0xc4, 0x8a, 0x00, 0xc4, 0x8a, 0x00, 0xc4, 0x8a, 0x00, 0xc4, 0x8a, 0x00, 0xc4, 0x8a,
    0x00, 0xc4, 0x8a, 0x00, 0xc4, 0x8a, 0x00, 0xc4, 0x8a, 0x00, 0xc4, 0x8a, 0x00, 0xc4, 0x8a, 0x00,
    0xc4, 0x8a, 0x00, 0xc4, 0x8a, 0x00, 0xc4, 0x8a, 0x00, 0xc4, 0x8a, 0x00, 0xc4, 0x8a, 0x00, 0xc4,
    0x8a, 0x00, 0xc4, 0x8a, 0x00, 0xc4, 0x8a, 0x00, 0xc4, 0x8a, 0x00, 0xc4, 0x8a, 0x00, 0xc4, 0x8a,
    0x00, 0xc4, 0x8a, 0x00, 0xc4, 0x8a, 0x00, 0xc4, 0x8a, 0x00, 0xc4, 0x8a, 0x00, 0xc4, 0x8a, 0x00,
    0xc4, 0x8a, 0x00, 0xc4, 0x8a, 0x00, 0xc4, 0x8a, 0x00, 0xc4, 0x8a, 0x00, 0xc4, 0x8a, 0x00, 0xc4,
    0x8a, 0x00, 0xc4, 0x8a, 0x00, 0xc4, 0x8a, 0x00, 0xc4, 0x8a, 0x00, 0xc4, 0x8a, 0x00, 0xc4, 0x8a,
    0x00, 0xc4, 0x8a, 0x00, 0xc4, 0x8a, 0x00, 0xc4, 0x8a, 0x00, 0xc4, 0x8a, 0x00, 0xc4, 0x8a, 0x00,
    0xc4, 0x8a, 0x00, 0xc4, 0x8a, 0x00, 0xc4, 0x8a, 0x00, 0xc4, 0x8a, 0x00, 0xc4, 0x8a, 0x00, 0xc4,
    0x8a, 0x00, 0xc4, 0x8a, 0x00, 0xc4, 0x8a, 0x00, 0xc4, 0x8a, 0x00, 0xc4, 0x8a, 0x00, 0xc4, 0x8a,
    0x00, 0xc4, 0x8a, 0x00, 0xc4, 0x8a, 0x00, 0xc4, 0x8a, 0x00, 0xc4, 0x8a, 0x00, 0xc4, 0x8a, 0x00,
    0xc4, 0x8a, 0x00, 0xc4, 0x8a, 0x00, 0xc4, 0x8a, 0x00, 0xc4, 0x8a, 0x00, 0xc4, 0x8a, 0x00, 0xc4,
    0x8a, 0x00, 0xc4, 0x8a, 0x00, 0xc4, 0x8a, 0x00, 0xc4, 0x8a, 0x00, 0xc4, 0x8a, 0x00, 0xc4, 0x8a,
    0x00, 0xc4, 0x8a, 0x00, 0xc4, 0x8a, 0x00, 0xc4, 0x8a, 0x00, 0xc4, 0x8a, 0x00, 0xc4, 0x8a, 0x00,
    0xc4, 0x8a, 0x00, 0xc4, 0x8a, 0x00, 0xc4, 0x8a, 0x00, 0xc4, 0x8a, 0x00, 0xc4, 0x8a, 0x00, 0xc4,
    0x8a, 0x00, 0xc4, 0x8a, 0x00, 0xc4, 0x8a, 0x00, 0xc4, 0x8a, 0x00, 0xc4, 0x8a, 0x00, 0xc4, 0x8a,
    0x00, 0xc4, 0x8a, 0x00, 0xc4, 0x8a, 0x00, 0xc4, 0x8a, 0x02, 0xc4, 0x8a, 0x03, 0xc4, 0x8a, 0x03,
    0xc4, 0x8a, 0x00, 0xc4, 0x8a, 0x00, 0xc4, 0x8a, 0x00, 0xc4, 0x8a, 0x00, 0xc4, 0x8a, 0x00, 0xc4,
    0x8a, 0x00, 0x84, 0x7a, 0x0d, 0x84, 0x7a, 0x24, 0x84, 0x7a, 0x3b, 0x84, 0x7a, 0x7b, 0x84, 0x7a,
    0xd5, 0x84, 0x7a, 0xe2, 0x84, 0x7a, 0x6e, 0xc4, 0x8a, 0x00, 0xc4, 0x8a, 0x02, 0x84, 0x7a, 0x50,
    0x84, 0x7a, 0x6c, 0x84, 0x7a, 0x5b, 0xc4, 0x8a, 0x02, 0xc4, 0x8a, 0x01, 0xc4, 0x8a, 0x01, 0x84,
    0x7a, 0x45, 0x84, 0x7a, 0x55, 0x84, 0x7a, 0x70, 0x84, 0x7a, 0xe2, 0x84, 0x7a, 0xcd, 0x84, 0x7a,
    0x1a, 0xc4, 0x8a, 0x02, 0xc4, 0x8a, 0x00, 0xc4, 0x8a, 0x00, 0xc4, 0x8a, 0x00, 0xc4, 0x8a, 0x00,
    0xc4, 0x8a, 0x00, 0xc4, 0x8a, 0x03, 0xc4, 0x8a, 0x04, 0xc4, 0x8a, 0x02, 0xc4, 0x8a, 0x00, 0xc4,
    0x8a, 0x00, 0xc4, 0x8a, 0x00, 0xc4, 0x8a, 0x00, 0xc4, 0x8a, 0x00, 0xc4, 0x8a, 0x00, 0xc4, 0x8a,
    0x00, 0xc4, 0x8a, 0x00, 0xc4, 0x8a, 0x00, 0xc4, 0x8a, 0x00, 0xc4, 0x8a, 0x00, 0xc4, 0x8a, 0x00,
    0xc4, 0x8a, 0x00, 0xc4, 0x8a, 0x00, 0xc4, 0x8a, 0x00, 0xc4, 0x8a, 0x00, 0xc4, 0x8a, 0x00, 0xc4,
    0x8a, 0x00, 0xc4, 0x8a, 0x00, 0xc4, 0x8a, 0x00, 0xc4, 0x8a, 0x00, 0xc4, 0x8a, 0x00, 0xc4, 0x8a,
    0x00, 0xc4, 0x8a, 0x00, 0xc4, 0x8a, 0x00, 0xc4, 0x8a, 0x00, 0xc4, 0x8a, 0x00, 0xc4, 0x8a, 0x00,
    0xc4, 0x8a, 0x00, 0xc4, 0x8a, 0x00, 0xc4, 0x8a, 0x00, 0xc4, 0x8a, 0x00, 0xc4, 0x8a, 0x00, 0xc4,
    0x8a, 0x00, 0xc4, 0x8a, 0x00, 0xc4, 0x8a, 0x00, 0xc4, 0x8a, 0x00, 0xc4, 0x8a, 0x00, 0xc4, 0x8a,
    0x00, 0xc4, 0x8a, 0x00, 0xc4, 0x8a, 0x00, 0xc4, 0x8a, 0x00, 0xc4, 0x8a, 0x00, 0xc4, 0x8a, 0x00,
    0xc4, 0x8a, 0x00, 0xc4, 0x8a, 0x00, 0xc4, 0x8a, 0x00, 0xc4, 0x8a, 0x00, 0xc4, 0x8a, 0x00, 0xc4,
    0x8a, 0x00, 0xc4, 0x8a, 0x00, 0xc4, 0x8a, 0x00, 0xc4, 0x8a, 0x00, 0xc4, 0x8a, 0x00, 0xc4, 0x8a,
    0x00, 0xc4, 0x8a, 0x00, 0xc4, 0x8a, 0x00, 0xc4, 0x8a, 0x00, 0xc4, 0x8a, 0x00, 0xc4, 0x8a, 0x00,
    0xc4, 0x8a, 0x00, 0xc4, 0x8a, 0x00, 0xc4, 0x8a, 0x00, 0xc4, 0x8a, 0x00, 0xc4, 0x8a, 0x00, 0xc4,
    0x8a, 0x00, 0xc4, 0x8a, 0x00, 0xc4, 0x8a, 0x00, 0xc4, 0x8a, 0x00, 0xc4, 0x8a, 0x00, 0xc4, 0x8a,
    0x00, 0xc4, 0x8a, 0x00, 0xc4, 0x8a, 0x00, 0xc4, 0x8a, 0x00, 0xc4, 0x8a, 0x00, 0xc4, 0x8a, 0x00,
    0xc4, 0x8a, 0x00, 0xc4, 0x8a, 0x00, 0xc4, 0x8a, 0x00, 0xc4, 0x8a, 0x00, 0xc4, 0x8a, 0x00, 0xc4,
    0x8a, 0x00, 0xc4, 0x8a, 0x00, 0xc4, 0x8a, 0x00, 0xc4, 0x8a, 0x00, 0xc4, 0x8a, 0x00, 0xc4, 0x8a,
    0x00, 0xc4, 0x8a, 0x00, 0xc4, 0x8a, 0x02, 0xc4, 0x8a, 0x04, 0xc4, 0x8a, 0x02, 0xc4, 0x8a, 0x00,
    0xc4, 0x8a, 0x00, 0xc4, 0x8a, 0x00, 0xc4, 0x8a, 0x00, 0x84, 0x7a, 0x1c, 0x84, 0x7a, 0x45, 0x84,
    0x7a, 0x72, 0x84, 0x7a, 0x95, 0x84, 0x7a, 0xb9, 0x84, 0x7a, 0xd0, 0x84, 0x7a, 0xde, 0x84, 0x7a,
    0xe5, 0x84, 0x7a, 0xe4, 0x84, 0x7a, 0xe5, 0x84, 0x7a, 0x98, 0x84, 0x7a, 0x0c, 0xc4, 0x8a, 0x02,
    0xc4, 0x8a, 0x03, 0x84, 0x7a, 0x42, 0x84, 0x7a, 0xe2, 0x84, 0x7a, 0xa5, 0xc4, 0x8a, 0x00, 0xc4,
    0x8a, 0x00, 0x84, 0x7a, 0x1d, 0x84, 0x7a, 0xe3, 0x84, 0x7a, 0xe4, 0x84, 0x7a, 0xe5, 0x84, 0x7a,
    0xe6, 0x84, 0x7a, 0xe3, 0x84, 0x7a, 0xd2, 0x84, 0x7a, 0xc0, 0x84, 0x7a, 0x9d, 0x84, 0x7a, 0x7a,
    0x84, 0x7a, 0x4e, 0x84, 0x7a, 0x24, 0xc4, 0x8a, 0x04, 0xc4, 0x8a, 0x00, 0xc4, 0x8a, 0x00, 0xc4,
    0x8a, 0x00, 0xc4, 0x8a, 0x00, 0xc4, 0x8a, 0x04, 0xc4, 0x8a, 0x02, 0xc4, 0x8a, 0x00, 0xc4, 0x8a,
    0x00, 0xc4, 0x8a, 0x00, 0xc4, 0x8a, 0x00, 0xc4, 0x8a, 0x00, 0xc4, 0x8a, 0x00, 0xc4, 0x8a, 0x00,
    0xc4, 0x8a, 0x00, 0xc4, 0x8a, 0x00, 0xc4, 0x8a, 0x00, 0xc4, 0x8a, 0x00, 0xc4, 0x8a, 0x00, 0xc4,
    0x8a, 0x00, 0xc4, 0x8a, 0x00, 0xc4, 0x8a, 0x00, 0xc4, 0x8a, 0x00, 0xc4, 0x8a, 0x00, 0xc4, 0x8a,
    0x00, 0xc4, 0x8a, 0x00, 0xc4, 0x8a, 0x00, 0xc4, 0x8a, 0x00, 0xc4, 0x8a, 0x00, 0xc4, 0x8a, 0x00,
    0xc4, 0x8a, 0x00, 0xc4, 0x8a, 0x00, 0xc4, 0x8a, 0x00, 0xc4, 0x8a, 0x00, 0xc4, 0x8a, 0x00, 0xc4,
    0x8a, 0x00, 0xc4, 0x8a, 0x00, 0xc4, 0x8a, 0x00, 0xc4, 0x8a, 0x00, 0xc4, 0x8a, 0x00, 0xc4, 0x8a,
    0x00, 0xc4, 0x8a, 0x00, 0xc4, 0x8a, 0x00, 0xc4, 0x8a, 0x00, 0xc4, 0x8a, 0x00, 0xc4, 0x8a, 0x00,
    0xc4, 0x8a, 0x00, 0xc4, 0x8a, 0x00, 0xc4, 0x8a, 0x00, 0xc4, 0x8a, 0x00, 0xc4, 0x8a, 0x00, 0xc4,
    0x8a, 0x00, 0xc4, 0x8a, 0x00, 0xc4, 0x8a, 0x00, 0xc4, 0x8a, 0x00, 0xc4, 0x8a, 0x00, 0xc4, 0x8a,
    0x00, 0xc4, 0x8a, 0x00, 0xc4, 0x8a, 0x00, 0xc4, 0x8a, 0x00, 0xc4, 0x8a, 0x00, 0xc4, 0x8a, 0x00,
    0xc4, 0x8a, 0x00, 0xc4, 0x8a, 0x00, 0xc4, 0x8a, 0x00, 0xc4, 0x8a, 0x00, 0xc4, 0x8a, 0x00, 0xc4,
    0x8a, 0x00, 0xc4, 0x8a, 0x00, 0xc4, 0x8a, 0x00, 0xc4, 0x8a, 0x00, 0xc4, 0x8a, 0x00, 0xc4, 0x8a,
    0x00, 0xc4, 0x8a, 0x00, 0xc4, 0x8a, 0x00, 0xc4, 0x8a, 0x00, 0xc4, 0x8a, 0x00, 0xc4, 0x8a, 0x00,
    0xc4, 0x8a, 0x00, 0xc4, 0x8a, 0x00, 0xc4, 0x8a, 0x00, 0xc4, 0x8a, 0x00, 0xc4, 0x8a, 0x00, 0xc4,
    0x8a, 0x00, 0xc4, 0x8a, 0x00, 0xc4, 0x8a, 0x00, 0xc4, 0x8a, 0x00, 0xc4, 0x8a, 0x00, 0xc4, 0x8a,
    0x00, 0xc4, 0x8a, 0x01, 0xc4, 0x8a, 0x03, 0xc4, 0x8a, 0x02, 0xc4, 0x8a, 0x00, 0xc4, 0x8a, 0x00,
    0xc4, 0x8a, 0x00, 0x84, 0x7a, 0x19, 0x84, 0x7a, 0x4d, 0x84, 0x7a, 0x8d, 0x84, 0x7a, 0xc7, 0x84,
    0x7a, 0xe5, 0x84, 0x7a, 0xe4, 0x84, 0x7a, 0xe4, 0x84, 0x7a, 0xe5, 0x84, 0x7a, 0xe5, 0x84, 0x7a,
    0xe4, 0x84, 0x7a, 0xe4, 0x84, 0x7a, 0xe2, 0x84, 0x7a, 0xdb, 0x84, 0x7a, 0x44, 0x84, 0x7a, 0x09,
    0x84, 0x7a, 0x5b, 0x84, 0x7a, 0xc3, 0x84, 0x7a, 0x1f, 0xc4, 0x8a, 0x00, 0x84, 0x7a, 0x99, 0x84,
    0x7a, 0x66, 0xc4, 0x8a, 0x00, 0xc4, 0x8a, 0x03, 0x84, 0x7a, 0x09, 0x84, 0x7a, 0xc5, 0x84, 0x7a,
    0xe2, 0x84, 0x7a, 0xe3, 0x84, 0x7a, 0xe6, 0x84, 0x7a, 0xe6, 0x84, 0x7a, 0xe4, 0x84, 0x7a, 0xe4,
    0x84, 0x7a, 0xe5, 0x84, 0x7a, 0xe4, 0x84, 0x7a, 0xe4, 0x84, 0x7a, 0xe5, 0x84, 0x7a, 0xd3, 0x84,
    0x7a, 0x97, 0x84, 0x7a, 0x5a, 0x84, 0x7a, 0x22, 0xc4, 0x8a, 0x00, 0xc4, 0x8a, 0x00, 0xc4, 0x8a,
    0x00, 0xc4, 0x8a, 0x00, 0xc4, 0x8a, 0x04, 0xc4, 0x8a, 0x01, 0xc4, 0x8a, 0x00, 0xc4, 0x8a, 0x00,
    0xc4, 0x8a, 0x00, 0xc4, 0x8a, 0x00, 0xc4, 0x8a, 0x00, 0xc4, 0x8a, 0x00, 0xc4, 0x8a, 0x00, 0xc4,
    0x8a, 0x00, 0xc4, 0x8a, 0x00, 0xc4, 0x8a, 0x00, 0xc4, 0x8a, 0x00, 0xc4, 0x8a, 0x00, 0xc4, 0x8a,
    0x00, 0xc4, 0x8a, 0x00, 0xc4, 0x8a, 0x00, 0xc4, 0x8a, 0x00, 0xc4, 0x8a, 0x00, 0xc4, 0x8a, 0x00,
    0xc4, 0x8a, 0x00, 0xc4, 0x8a, 0x00, 0xc4, 0x8a, 0x00, 0xc4, 0x8a, 0x00, 0xc4, 0x8a, 0x00, 0xc4,
    0x8a, 0x00, 0xc4, 0x8a, 0x00, 0xc4, 0x8a, 0x00, 0xc4, 0x8a, 0x00, 0xc4, 0x8a, 0x00, 0xc4, 0x8a,
    0x00, 0xc4, 0x8a, 0x00, 0xc4, 0x8a, 0x00, 0xc4, 0x8a, 0x00, 0xc4, 0x8a, 0x00, 0xc4, 0x8a, 0x00,
    0xc4, 0x8a, 0x00, 0xc4, 0x8a, 0x00, 0xc4, 0x8a, 0x00, 0xc4, 0x8a, 0x00, 0xc4, 0x8a, 0x00, 0xc4,
    0x8a, 0x00, 0xc4, 0x8a, 0x00, 0xc4, 0x8a, 0x00, 0xc4, 0x8a, 0x00, 0xc4, 0x8a, 0x00, 0xc4, 0x8a,
    0x00, 0xc4, 0x8a, 0x00, 0xc4, 0x8a, 0x00, 0xc4, 0x8a, 0x00, 0xc4, 0x8a, 0x00, 0xc4, 0x8a, 0x00,
    0xc4, 0x8a, 0x00, 0xc4, 0x8a, 0x00, 0xc4, 0x8a, 0x00, 0xc4, 0x8a, 0x00, 0xc4, 0x8a, 0x00, 0xc4,
    0x8a, 0x00, 0xc4, 0x8a, 0x00, 0xc4, 0x8a, 0x00, 0xc4, 0x8a, 0x00, 0xc4, 0x8a, 0x00, 0xc4, 0x8a,
    0x00, 0xc4, 0x8a, 0x00, 0xc4, 0x8a, 0x00, 0xc4, 0x8a, 0x00, 0xc4, 0x8a, 0x00, 0xc4, 0x8a, 0x00,
    0xc4, 0x8a, 0x00, 0xc4, 0x8a, 0x00, 0xc4, 0x8a, 0x00, 0xc4, 0x8a, 0x00, 0xc4, 0x8a, 0x00, 0xc4,
    0x8a, 0x00, 0xc4, 0x8a, 0x00, 0xc4, 0x8a, 0x00, 0xc4, 0x8a, 0x00, 0xc4, 0x8a, 0x00, 0xc4, 0x8a,
    0x00, 0xc4, 0x8a, 0x01, 0xc4, 0x8a, 0x03, 0xc4, 0x8a, 0x00, 0xc4, 0x8a, 0x00, 0xc4, 0x8a, 0x00,
    0x84, 0x7a, 0x1b, 0x84, 0x7a, 0x5e, 0x84, 0x7a, 0xac, 0x84, 0x7a, 0xe5, 0x84, 0x7a, 0xe2, 0x84,
    0x7a, 0xe4, 0x84, 0x7a, 0xc3, 0x84, 0x7a, 0x93, 0x84, 0x7a, 0xad, 0x84, 0x7a, 0xe2, 0x84, 0x7a,
    0xe4, 0x84, 0x7a, 0xd8, 0x84, 0x7a, 0x94, 0x84, 0x7a, 0x5a, 0x84, 0x7a, 0xde, 0x84, 0x7a, 0xd4,
    0xc4, 0x8a, 0x00, 0x84, 0x7a, 0x8a, 0x84, 0x7a, 0xe3, 0x84, 0x7a, 0x86, 0xc4, 0x8a, 0x00, 0xc4,
    0x8a, 0x00, 0x84, 0x7a, 0x13, 0x84, 0x7a, 0x16, 0xc4, 0x8a, 0x00, 0xc4, 0x8a, 0x00, 0xc4, 0x8a,
    0x00, 0x84, 0x7a, 0x81, 0x84, 0x7a, 0xe4, 0x84, 0x7a, 0xe2, 0x84, 0x7a, 0xe5, 0x84, 0x7a, 0xe3,
    0x84, 0x7a, 0xa4, 0x84, 0x7a, 0xca, 0x84, 0x7a, 0xe5, 0x84, 0x7a, 0xe5, 0x84, 0x7a, 0xb8, 0x84,
    0x7a, 0x92, 0x84, 0x7a, 0xb6, 0x84, 0x7a, 0xe5, 0x84, 0x7a, 0xe2, 0x84, 0x7a, 0xe4, 0x84, 0x7a,
    0xbc, 0x84, 0x7a, 0x72, 0x84, 0x7a, 0x2a, 0xc4, 0x8a, 0x00, 0xc4, 0x8a, 0x00, 0xc4, 0x8a, 0x00,
    0xc4, 0x8a, 0x03, 0xc4, 0x8a, 0x02, 0xc4, 0x8a, 0x00, 0xc4, 0x8a, 0x00, 0xc4, 0x8a, 0x00, 0xc4,
    0x8a, 0x00, 0xc4, 0x8a, 0x00, 0xc4, 0x8a, 0x00, 0xc4, 0x8a, 0x00, 0xc4, 0x8a, 0x00, 0xc4, 0x8a,
    0x00, 0xc4, 0x8a, 0x00, 0xc4, 0x8a, 0x00, 0xc4, 0x8a, 0x00, 0xc4, 0x8a, 0x00, 0xc4, 0x8a, 0x00,
    0xc4, 0x8a, 0x00, 0xc4, 0x8a, 0x00, 0xc4, 0x8a, 0x00, 0xc4, 0x8a, 0x00, 0xc4, 0x8a, 0x00, 0xc4,
    0x8a, 0x00, 0xc4, 0x8a, 0x00, 0xc4, 0x8a, 0x00, 0xc4, 0x8a, 0x00, 0xc4, 0x8a, 0x00, 0xc4, 0x8a,
    0x00, 0xc4, 0x8a, 0x00, 0xc4, 0x8a, 0x00, 0xc4, 0x8a, 0x00, 0xc4, 0x8a, 0x00, 0xc4, 0x8a, 0x00,
    0xc4, 0x8a, 0x00, 0xc4, 0x8a, 0x00, 0xc4, 0x8a, 0x00, 0xc4, 0x8a, 0x00, 0xc4, 0x8a, 0x00, 0xc4,
    0x8a, 0x00, 0xc4, 0x8a, 0x00, 0xc4, 0x8a, 0x00, 0xc4, 0x8a, 0x00, 0xc4, 0x8a, 0x00, 0xc4, 0x8a,
    0x00, 0xc4, 0x8a, 0x00, 0xc4, 0x8a, 0x00, 0xc4, 0x8a, 0x00, 0xc4, 0x8a, 0x00, 0xc4, 0x8a, 0x00,
    0xc4, 0x8a, 0x00, 0xc4, 0x8a, 0x00, 0xc4, 0x8a, 0x00, 0xc4, 0x8a, 0x00, 0xc4, 0x8a, 0x00, 0xc4,
    0x8a, 0x00, 0xc4, 0x8a, 0x00, 0xc4, 0x8a, 0x00, 0xc4, 0x8a, 0x00, 0xc4, 0x8a, 0x00, 0xc4, 0x8a,
    0x00, 0xc4, 0x8a, 0x00, 0xc4, 0x8a, 0x00, 0xc4, 0x8a, 0x00, 0xc4, 0x8a, 0x00, 0xc4, 0x8a, 0x00,
    0xc4, 0x8a, 0x00, 0xc4, 0x8a, 0x00, 0xc4, 0x8a, 0x00, 0xc4, 0x8a, 0x00, 0xc4, 0x8a, 0x00, 0xc4,
    0x8a, 0x00, 0xc4, 0x8a, 0x00, 0xc4, 0x8a, 0x00, 0xc4, 0x8a, 0x00, 0xc4, 0x8a, 0x00, 0xc4, 0x8a,
    0x00, 0xc4, 0x8a, 0x01, 0xc4, 0x8a, 0x04, 0xc4, 0x8a, 0x00, 0xc4, 0x8a, 0x00, 0x84, 0x7a, 0x09,
    0x84, 0x7a, 0x4a, 0x84, 0x7a, 0xa1, 0x84, 0x7a, 0xe5, 0x84, 0x7a, 0xe2, 0x84, 0x7a, 0xe3, 0x84,
    0x7a, 0xa7, 0x84, 0x7a, 0x61, 0x84, 0x7a, 0x1c, 0x84, 0x7a, 0x32, 0x84, 0x7a, 0xa3, 0x84, 0x7a,
    0xe5, 0x84, 0x7a, 0xcc, 0x84, 0x7a, 0x6e, 0x84, 0x7a, 0x1b, 0xc4, 0x8a, 0x00, 0x84, 0x7a, 0x0e,
    0x84, 0x7a, 0xe5, 0x84, 0x7a, 0xc7, 0xc4, 0x8a, 0x03, 0x84, 0x7a, 0xa5, 0x84, 0x7a, 0xcb, 0xc4,
    0x8a, 0x00, 0x84, 0x7a, 0x34, 0x84, 0x7a, 0x1d, 0xc4, 0x8a, 0x00, 0xc4, 0x8a, 0x02, 0xc4, 0x8a,
    0x03, 0x84, 0x7a, 0x23, 0x84, 0x7a, 0x36, 0x84, 0x7a, 0x6d, 0x84, 0x7a, 0xe2, 0x84, 0x7a, 0xe3,
    0x84, 0x7a, 0xe4, 0x84, 0x7a, 0xe5, 0x84, 0x7a, 0x2f, 0x84, 0x82, 0x0d, 0x84, 0x7a, 0x5c, 0x84,
    0x7a, 0xbb, 0x84, 0x7a, 0xe5, 0x84, 0x7a, 0xb7, 0x84, 0x7a, 0x44, 0x84, 0x7a, 0x18, 0x84, 0x7a,
    0x51, 0x84, 0x7a, 0x9b, 0x84, 0x7a, 0xda, 0x84, 0x7a, 0xe2, 0x84, 0x7a, 0xe4, 0x84, 0x7a, 0xb7,
    0x84, 0x7a, 0x5f, 0x84, 0x7a, 0x13, 0xc4, 0x8a, 0x00, 0xc4, 0x8a, 0x00, 0xc4, 0x8a, 0x02, 0xc4,
    0x8a, 0x02, 0xc4, 0x8a, 0x00, 0xc4, 0x8a, 0x00, 0xc4, 0x8a, 0x00, 0xc4, 0x8a, 0x00, 0xc4, 0x8a,
    0x00, 0xc4, 0x8a, 0x00, 0xc4, 0x8a, 0x00, 0xc4, 0x8a, 0x00, 0xc4, 0x8a, 0x00, 0xc4, 0x8a, 0x00,
    0xc4, 0x8a, 0x00, 0xc4, 0x8a, 0x00, 0xc4, 0x8a, 0x00, 0xc4, 0x8a, 0x00, 0xc4, 0x8a, 0x00, 0xc4,
    0x8a, 0x00, 0xc4, 0x8a, 0x00, 0xc4, 0x8a, 0x00, 0xc4, 0x8a, 0x00, 0xc4, 0x8a, 0x00, 0xc4, 0x8a,
    0x00, 0xc4, 0x8a, 0x00, 0xc4, 0x8a, 0x00, 0xc4, 0x8a, 0x00, 0xc4, 0x8a, 0x00, 0xc4, 0x8a, 0x00,
    0xc4, 0x8a, 0x00, 0xc4, 0x8a, 0x00, 0xc4, 0x8a, 0x00, 0xc4, 0x8a, 0x00, 0xc4, 0x8a, 0x00, 0xc4,
    0x8a, 0x00, 0xc4, 0x8a, 0x00, 0xc4, 0x8a, 0x00, 0xc4, 0x8a, 0x00, 0xc4, 0x8a, 0x00, 0xc4, 0x8a,
    0x00, 0xc4, 0x8a, 0x00, 0xc4, 0x8a, 0x00, 0xc4, 0x8a, 0x00, 0xc4, 0x8a, 0x00, 0xc4, 0x8a, 0x00,
    0xc4, 0x8a, 0x00, 0xc4, 0x8a, 0x00, 0xc4, 0x8a, 0x00, 0xc4, 0x8a, 0x00, 0xc4, 0x8a, 0x00, 0xc4,
    0x8a, 0x00, 0xc4, 0x8a, 0x00, 0xc4, 0x8a, 0x00, 0xc4, 0x8a, 0x00, 0xc4, 0x8a, 0x00, 0xc4, 0x8a,
    0x00, 0xc4, 0x8a, 0x00, 0xc4, 0x8a, 0x00, 0xc4, 0x8a, 0x00, 0xc4, 0x8a, 0x00, 0xc4, 0x8a, 0x00,
    0xc4, 0x8a, 0x00, 0xc4, 0x8a, 0x00, 0xc4, 0x8a, 0x00, 0xc4, 0x8a, 0x00, 0xc4, 0x8a, 0x00, 0xc4,
    0x8a, 0x00, 0xc4, 0x8a, 0x00, 0xc4, 0x8a, 0x00, 0xc4, 0x8a, 0x00, 0xc4, 0x8a, 0x00, 0xc4, 0x8a,
    0x00, 0xc4, 0x8a, 0x01, 0xc4, 0x8a, 0x04, 0xc4, 0x8a, 0x00, 0xc4, 0x8a, 0x00, 0x84, 0x7a, 0x15,
    0x84, 0x7a, 0x6e, 0x84, 0x7a, 0xcd, 0x84, 0x7a, 0xe2, 0x84, 0x7a, 0xe4, 0x84, 0x7a, 0xa8, 0x84,
    0x7a, 0x55, 0x84, 0x7a, 0x1a, 0xc4, 0x8a, 0x00, 0xc4, 0x8a, 0x00, 0x84, 0x7a, 0x71, 0x84, 0x7a,
    0xe4, 0x84, 0x7a, 0xe4, 0x84, 0x7a, 0x71, 0x84, 0x7a, 0x12, 0xc4, 0x8a, 0x00, 0xc4, 0x8a, 0x00,
    0xc4, 0x8a, 0x03, 0x84, 0x7a, 0x2b, 0x84, 0x7a, 0xe4, 0x84, 0x7a, 0xba, 0xc4, 0x8a, 0x00, 0x84,
    0x7a, 0xb1, 0x84, 0x7a, 0xbc, 0x84, 0x7a, 0x0a, 0x84, 0x7a, 0xe3, 0x84, 0x7a, 0x4c, 0xc4, 0x8a,
    0x00, 0xc4, 0x8a, 0x00, 0xc4, 0x8a, 0x00, 0x84, 0x7a, 0x28, 0x84, 0x7a, 0xc7, 0x84, 0x7a, 0xe5,
    0x84, 0x7a, 0xe4, 0x84, 0x7a, 0xe6, 0x84, 0x7a, 0xe6, 0x84, 0x7a, 0xdd, 0x84, 0x7a, 0x1d, 0xc4,
    0x8a, 0x00, 0xc4, 0x8a, 0x00, 0x64, 0x72, 0x06, 0x84, 0x7a, 0x57, 0x84, 0x7a, 0xd1, 0x84, 0x7a,
    0xe3, 0x84, 0x7a, 0x8e, 0xa4, 0x82, 0x07, 0xc4, 0x8a, 0x00, 0x84, 0x7a, 0x11, 0x84, 0x7a, 0x47,
    0x84, 0x7a, 0x97, 0x84, 0x7a, 0xe1, 0x84, 0x7a, 0xe2, 0x84, 0x7a, 0xdb, 0x84, 0x7a, 0x84, 0x84,
    0x7a, 0x25, 0xc4, 0x8a, 0x00, 0xc4, 0x8a, 0x00, 0xc4, 0x8a, 0x03, 0xc4, 0x8a, 0x01, 0xc4, 0x8a,
    0x00, 0xc4, 0x8a, 0x00, 0xc4, 0x8a, 0x00, 0xc4, 0x8a, 0x00, 0xc4, 0x8a, 0x00, 0xc4, 0x8a, 0x00,
    0xc4, 0x8a, 0x00, 0xc4, 0x8a, 0x00, 0xc4, 0x8a, 0x00, 0xc4, 0x8a, 0x00, 0xc4, 0x8a, 0x00, 0xc4,
    0x8a, 0x00, 0xc4, 0x8a, 0x00, 0xc4, 0x8a, 0x00, 0xc4, 0x8a, 0x00, 0xc4, 0x8a, 0x00, 0xc4, 0x8a,
    0x00, 0xc4, 0x8a, 0x00, 0xc4, 0x8a, 0x00, 0xc4, 0x8a, 0x00, 0xc4, 0x8a, 0x00, 0xc4, 0x8a, 0x00,
    0xc4, 0x8a, 0x00, 0xc4, 0x8a, 0x00, 0xc4, 0x8a, 0x00, 0xc4, 0x8a, 0x00, 0xc4, 0x8a, 0x00, 0xc4,
    0x8a, 0x00, 0xc4, 0x8a, 0x00, 0xc4, 0x8a, 0x00, 0xc4, 0x8a, 0x00, 0xc4, 0x8a, 0x00, 0xc4, 0x8a,
    0x00, 0xc4, 0x8a, 0x00, 0xc4, 0x8a, 0x00, 0xc4, 0x8a, 0x00, 0xc4, 0x8a, 0x00, 0xc4, 0x8a, 0x00,
    0xc4, 0x8a, 0x00, 0xc4, 0x8a, 0x00, 0xc4, 0x8a, 0x00, 0xc4, 0x8a, 0x00, 0xc4, 0x8a, 0x00, 0xc4,
    0x8a, 0x00, 0xc4, 0x8a, 0x00, 0xc4, 0x8a, 0x00, 0xc4, 0x8a, 0x00, 0xc4, 0x8a, 0x00, 0xc4, 0x8a,
    0x00, 0xc4, 0x8a, 0x00, 0xc4, 0x8a, 0x00, 0xc4, 0x8a, 0x00, 0xc4, 0x8a, 0x00, 0xc4, 0x8a, 0x00,
    0xc4, 0x8a, 0x00, 0xc4, 0x8a, 0x00, 0xc4, 0x8a, 0x00, 0xc4, 0x8a, 0x00, 0xc4, 0x8a, 0x00, 0xc4,
    0x8a, 0x00, 0xc4, 0x8a, 0x00, 0xc4, 0x8a, 0x00, 0xc4, 0x8a, 0x00, 0xc4, 0x8a, 0x00, 0xc4, 0x8a,
    0x00, 0xc4, 0x8a, 0x00, 0xc4, 0x8a, 0x03, 0xc4, 0x8a, 0x00, 0xc4, 0x8a, 0x00, 0x84, 0x7a, 0x13,
    0x84, 0x7a, 0x74, 0x84, 0x7a, 0xd9, 0x84, 0x7a, 0xe3, 0x84, 0x7a, 0xd0, 0x84, 0x7a, 0x74, 0x84,
    0x7a, 0x22, 0xc4, 0x8a, 0x00, 0xc4, 0x8a, 0x00, 0xc4, 0x8a, 0x00, 0x84, 0x7a, 0x22, 0x84, 0x7a,
    0xb6, 0x84, 0x7a, 0xe2, 0x84, 0x7a, 0x9e, 0x84, 0x7a, 0x1c, 0xc4, 0x8a, 0x00, 0xc4, 0x8a, 0x00,
    0xc4, 0x8a, 0x04, 0xc4, 0x8a, 0x04, 0xc4, 0x8a, 0x02, 0x84, 0x7a, 0x32, 0x84, 0x7a, 0xe4, 0x84,
    0x7a, 0xae, 0xc4, 0x8a, 0x00, 0x84, 0x7a, 0xc2, 0x84, 0x7a, 0xa9, 0x84, 0x7a, 0x0d, 0x84, 0x7a,
    0xe5, 0x84, 0x7a, 0x4f, 0x84, 0x7a, 0x10, 0x84, 0x7a, 0x67, 0x84, 0x7a, 0x7c, 0xc4, 0x8a, 0x00,
    0x84, 0x7a, 0x4e, 0x84, 0x7a, 0xbf, 0x84, 0x7a, 0x66, 0x84, 0x7a, 0xdc, 0x84, 0x7a, 0xe5, 0x84,
    0x7a, 0xc5, 0xc4, 0x8a, 0x04, 0xc4, 0x8a, 0x01, 0xc4, 0x8a, 0x04, 0xc4, 0x8a, 0x00, 0xc4, 0x8a,
    0x00, 0x84, 0x7a, 0x0e, 0x84, 0x7a, 0x83, 0x84, 0x7a, 0xe3, 0x84, 0x7a, 0xd3, 0x84, 0x7a, 0x3b,
    0xc4, 0x8a, 0x00, 0xc4, 0x8a, 0x00, 0xc4, 0x8a, 0x00, 0x84, 0x7a, 0x17, 0x84, 0x7a, 0x62, 0x84,
    0x7a, 0xbe, 0x84, 0x7a, 0xe3, 0x84, 0x7a, 0xe5, 0x84, 0x7a, 0x90, 0x84, 0x7a, 0x23, 0xc4, 0x8a,
    0x00, 0xc4, 0x8a, 0x00, 0xc4, 0x8a, 0x03, 0xc4, 0x8a, 0x00, 0xc4, 0x8a, 0x00, 0xc4, 0x8a, 0x00,
    0xc4, 0x8a, 0x00, 0xc4, 0x8a, 0x00, 0xc4, 0x8a, 0x00, 0xc4, 0x8a, 0x00, 0xc4, 0x8a, 0x00, 0xc4,
    0x8a, 0x00, 0xc4, 0x8a, 0x00, 0xc4, 0x8a, 0x00, 0xc4, 0x8a, 0x00, 0xc4, 0x8a, 0x00, 0xc4, 0x8a,
    0x00, 0xc4, 0x8a, 0x00, 0xc4, 0x8a, 0x00, 0xc4, 0x8a, 0x00, 0xc4, 0x8a, 0x00, 0xc4, 0x8a, 0x00,
    0xc4, 0x8a, 0x00, 0xc4, 0x8a, 0x00, 0xc4, 0x8a, 0x00, 0xc4, 0x8a, 0x00, 0xc4, 0x8a, 0x00, 0xc4,
    0x8a, 0x00, 0xc4, 0x8a, 0x00, 0xc4, 0x8a, 0x00, 0xc4, 0x8a, 0x00, 0xc4, 0x8a, 0x00, 0xc4, 0x8a,
    0x00, 0xc4, 0x8a, 0x00, 0xc4, 0x8a, 0x00, 0xc4, 0x8a, 0x00, 0xc4, 0x8a, 0x00, 0xc4, 0x8a, 0x00,
    0xc4, 0x8a, 0x00, 0xc4, 0x8a, 0x00, 0xc4, 0x8a, 0x00, 0xc4, 0x8a, 0x00, 0xc4, 0x8a, 0x00, 0xc4,
    0x8a, 0x00, 0xc4, 0x8a, 0x00, 0xc4, 0x8a, 0x00, 0xc4, 0x8a, 0x00, 0xc4, 0x8a, 0x00, 0xc4, 0x8a,
    0x00, 0xc4, 0x8a, 0x00, 0xc4, 0x8a, 0x00, 0xc4, 0x8a, 0x00, 0xc4, 0x8a, 0x00, 0xc4, 0x8a, 0x00,
    0xc4, 0x8a, 0x00, 0xc4, 0x8a, 0x00, 0xc4, 0x8a, 0x00, 0xc4, 0x8a, 0x00, 0xc4, 0x8a, 0x00, 0xc4,
    0x8a, 0x00, 0xc4, 0x8a, 0x00, 0xc4, 0x8a, 0x00, 0xc4, 0x8a, 0x00, 0xc4, 0x8a, 0x00, 0xc4, 0x8a,
    0x00, 0xc4, 0x8a, 0x00, 0xc4, 0x8a, 0x00, 0xc4, 0x8a, 0x03, 0xc4, 0x8a, 0x00, 0xc4, 0x8a, 0x03,
    0x84, 0x7a, 0x60, 0x84, 0x7a, 0xd4, 0x84, 0x7a, 0xe2, 0x84, 0x7a, 0xc9, 0x84, 0x7a, 0x5f, 0x84,
    0x7a, 0x0e, 0xc4, 0x8a, 0x00, 0xc4, 0x8a, 0x00, 0xc4, 0x8a, 0x05, 0xc4, 0x8a, 0x00, 0x84, 0x7a,
    0x3a, 0x84, 0x7a, 0xd7, 0x84, 0x7a, 0xe5, 0x84, 0x7a, 0x5d, 0xc4, 0x8a, 0x00, 0xc4, 0x8a, 0x00,
    0xc4, 0x8a, 0x04, 0xc4, 0x8a, 0x01, 0xc4, 0x8a, 0x00, 0xc4, 0x8a, 0x05, 0xc4, 0x8a, 0x00, 0x84,
    0x7a, 0x4f, 0x84, 0x7a, 0xe1, 0x84, 0x7a, 0xa4, 0xc4, 0x8a, 0x02, 0x84, 0x7a, 0xcf, 0x84, 0x7a,
    0x94, 0x84, 0x7a, 0x18, 0x84, 0x7a, 0xe2, 0x84, 0x7a, 0x48, 0x84, 0x7a, 0x30, 0x84, 0x7a, 0xe2,
    0x84, 0x7a, 0xe5, 0x84, 0x7a, 0xc0, 0x84, 0x7a, 0xca, 0x84, 0x7a, 0xa3, 0x84, 0x7a, 0x5c, 0x84,
    0x7a, 0xe3, 0x84, 0x7a, 0xe5, 0x84, 0x7a, 0xa3, 0xc4, 0x8a, 0x00, 0xc4, 0x8a, 0x02, 0xc4, 0x8a,
    0x00, 0xc4, 0x8a, 0x01, 0xc4, 0x8a, 0x04, 0xc4, 0x8a, 0x00, 0xc4, 0x8a, 0x00, 0x84, 0x7a, 0x41,
    0x84, 0x7a, 0xd3, 0x84, 0x7a, 0xe4, 0x84, 0x7a, 0x59, 0xc4, 0x8a, 0x00, 0xa4, 0x82, 0x06, 0xc4,
    0x8a, 0x00, 0xc4, 0x8a, 0x00, 0xc4, 0x8a, 0x01, 0x84, 0x7a, 0x48, 0x84, 0x7a, 0xb4, 0x84, 0x7a,
    0xe3, 0x84, 0x7a, 0xe4, 0x84, 0x7a, 0x7b, 0x84, 0x7a, 0x11, 0xc4, 0x8a, 0x00, 0xc4, 0x8a, 0x03,
    0xc4, 0x8a, 0x01, 0xc4, 0x8a, 0x00, 0xc4, 0x8a, 0x00, 0xc4, 0x8a, 0x00, 0xc4, 0x8a, 0x00, 0xc4,
    0x8a, 0x00, 0xc4, 0x8a, 0x00, 0xc4, 0x8a, 0x00, 0xc4, 0x8a, 0x00, 0xc4, 0x8a, 0x00, 0xc4, 0x8a,
    0x00, 0xc4, 0x8a, 0x00, 0xc4, 0x8a, 0x00, 0xc4, 0x8a, 0x00, 0xc4, 0x8a, 0x00, 0xc4, 0x8a, 0x00,
    0xc4, 0x8a, 0x00, 0xc4, 0x8a, 0x00, 0xc4, 0x8a, 0x00, 0xc4, 0x8a, 0x00, 0xc4, 0x8a, 0x00, 0xc4,
    0x8a, 0x00, 0xc4, 0x8a, 0x00, 0xc4, 0x8a, 0x00, 0xc4, 0x8a, 0x00, 0xc4, 0x8a, 0x00, 0xc4, 0x8a,
    0x00, 0xc4, 0x8a, 0x00, 0xc4, 0x8a, 0x00, 0xc4, 0x8a, 0x00, 0xc4, 0x8a, 0x00, 0xc4, 0x8a, 0x00,
    0xc4, 0x8a, 0x00, 0xc4, 0x8a, 0x00, 0xc4, 0x8a, 0x00, 0xc4, 0x8a, 0x00, 0xc4, 0x8a, 0x00, 0xc4,
    0x8a, 0x00, 0xc4, 0x8a, 0x00, 0xc4, 0x8a, 0x00, 0xc4, 0x8a, 0x00, 0xc4, 0x8a, 0x00, 0xc4, 0x8a,
    0x00, 0xc4, 0x8a, 0x00, 0xc4, 0x8a, 0x00, 0xc4, 0x8a, 0x00, 0xc4, 0x8a, 0x00, 0xc4, 0x8a, 0x00,
    0xc4, 0x8a, 0x00, 0xc4, 0x8a, 0x00, 0xc4, 0x8a, 0x00, 0xc4, 0x8a, 0x00, 0xc4, 0x8a, 0x00, 0xc4,
    0x8a, 0x00, 0xc4, 0x8a, 0x00, 0xc4, 0x8a, 0x00, 0xc4, 0x8a, 0x00, 0xc4, 0x8a, 0x00, 0xc4, 0x8a,
    0x00, 0xc4, 0x8a, 0x00, 0xc4, 0x8a, 0x00, 0xc4, 0x8a, 0x01, 0xc4, 0x8a, 0x01, 0xc4, 0x8a, 0x00,
    0x84, 0x7a, 0x33, 0x84, 0x7a, 0xb3, 0x84, 0x7a, 0xe2, 0x84, 0x7a, 0xd3, 0x84, 0x7a, 0x60, 0x84,
    0x7a, 0x09, 0xc4, 0x8a, 0x00, 0xc4, 0x8a, 0x00, 0xc4, 0x8a, 0x04, 0xc4, 0x8a, 0x05, 0xc4, 0x8a,
    0x00, 0x84, 0x7a, 0x43, 0x84, 0x7a, 0xe1, 0x84, 0x7a, 0xcf, 0x84, 0x7a, 0x35, 0xc4, 0x8a, 0x00,
    0xc4, 0x8a, 0x03, 0xc4, 0x8a, 0x02, 0xc4, 0x8a, 0x00, 0xc4, 0x8a, 0x00, 0xc4, 0x8a, 0x04, 0xc4,
    0x8a, 0x00, 0x84, 0x7a, 0x2b, 0x84, 0x7a, 0xce, 0x84, 0x7a, 0xe3, 0x84, 0x7a, 0x84, 0xc4, 0x8a,
    0x00, 0x84, 0x7a, 0xdb, 0x84, 0x7a, 0x82, 0x84, 0x7a, 0x25, 0x84, 0x7a, 0xe4, 0x84, 0x7a, 0xc0,
    0x84, 0x7a, 0x24, 0x84, 0x7a, 0xaf, 0x84, 0x7a, 0xe4, 0x84, 0x7a, 0xd8, 0x84, 0x7a, 0xe3, 0x84,
    0x7a, 0xe5, 0x84, 0x7a, 0xe5, 0x84, 0x7a, 0xe3, 0x84, 0x7a, 0xe4, 0x84, 0x7a, 0x7c, 0xc4, 0x8a,
    0x00, 0xc4, 0x8a, 0x04, 0xc4, 0x8a, 0x00, 0xc4, 0x8a, 0x00, 0xc4, 0x8a, 0x00, 0xc4, 0x8a, 0x01,
    0xc4, 0x8a, 0x04, 0xc4, 0x8a, 0x00, 0x84, 0x7a, 0x1a, 0x84, 0x7a, 0xb4, 0x84, 0x7a, 0xe3, 0x84,
    0x7a, 0x61, 0xc4, 0x8a, 0x00, 0xc4, 0x8a, 0x05, 0xc4, 0x8a, 0x04, 0xc4, 0x8a, 0x00, 0xc4, 0x8a,
    0x00, 0xc4, 0x8a, 0x00, 0x84, 0x7a, 0x49, 0x84, 0x7a, 0xba, 0x84, 0x7a, 0xe2, 0x84, 0x7a, 0xcc,
    0x84, 0x7a, 0x4a, 0xc4, 0x8a, 0x00, 0xc4, 0x8a, 0x00, 0xc4, 0x8a, 0x03, 0xc4, 0x8a, 0x00, 0xc4,
    0x8a, 0x00, 0xc4, 0x8a, 0x00, 0xc4, 0x8a, 0x00, 0xc4, 0x8a, 0x00, 0xc4, 0x8a, 0x00, 0xc4, 0x8a,
    0x00, 0xc4, 0x8a, 0x00, 0xc4, 0x8a, 0x00, 0xc4, 0x8a, 0x00, 0xc4, 0x8a, 0x00, 0xc4, 0x8a, 0x00,
    0xc4, 0x8a, 0x00, 0xc4, 0x8a, 0x00, 0xc4, 0x8a, 0x00, 0xc4, 0x8a, 0x00, 0xc4, 0x8a, 0x00, 0xc4,
    0x8a, 0x00, 0xc4, 0x8a, 0x00, 0xc4, 0x8a, 0x00, 0xc4, 0x8a, 0x00, 0xc4, 0x8a, 0x00, 0xc4, 0x8a,
    0x00, 0xc4, 0x8a, 0x00, 0xc4, 0x8a, 0x00, 0xc4, 0x8a, 0x00, 0xc4, 0x8a, 0x00, 0xc4, 0x8a, 0x00,
    0xc4, 0x8a, 0x00, 0xc4, 0x8a, 0x00, 0xc4, 0x8a, 0x00, 0xc4, 0x8a, 0x00, 0xc4, 0x8a, 0x00, 0xc4,
    0x8a, 0x00, 0xc4, 0x8a, 0x00, 0xc4, 0x8a, 0x00, 0xc4, 0x8a, 0x00, 0xc4, 0x8a, 0x00, 0xc4, 0x8a,
    0x00, 0xc4, 0x8a, 0x00, 0xc4, 0x8a, 0x00, 0xc4, 0x8a, 0x00, 0xc4, 0x8a, 0x00, 0xc4, 0x8a, 0x00,
    0xc4, 0x8a, 0x00, 0xc4, 0x8a, 0x00, 0xc4, 0x8a, 0x00, 0xc4, 0x8a, 0x00, 0xc4, 0x8a, 0x00, 0xc4,
    0x8a, 0x00, 0xc4, 0x8a, 0x00, 0xc4, 0x8a, 0x00, 0xc4, 0x8a, 0x00, 0xc4, 0x8a, 0x00, 0xc4, 0x8a,
    0x00, 0xc4, 0x8a, 0x00, 0xc4, 0x8a, 0x00, 0xc4, 0x8a, 0x00, 0xc4, 0x8a, 0x03, 0xc4, 0x8a, 0x00,
    0xc4, 0x8a, 0x00, 0x84, 0x7a, 0x6e, 0x84, 0x7a, 0xe5, 0x84, 0x7a, 0xe4, 0x84, 0x7a, 0x80, 0x84,
    0x7a, 0x13, 0xc4, 0x8a, 0x00, 0xc4, 0x8a, 0x00, 0xc4, 0x8a, 0x04, 0xc4, 0x8a, 0x01, 0xc4, 0x8a,
    0x03, 0xc4, 0x8a, 0x00, 0x84, 0x7a, 0x3d, 0x84, 0x7a, 0xe2, 0x84, 0x7a, 0xc7, 0x84, 0x7a, 0x21,
    0xc4, 0x8a, 0x00, 0xc4, 0x8a, 0x05, 0xc4, 0x8a, 0x01, 0xc4, 0x8a, 0x01, 0xc4, 0x8a, 0x02, 0xc4,
    0x8a, 0x04, 0xc4, 0x8a, 0x00, 0x84, 0x7a, 0x23, 0x84, 0x7a, 0xca, 0x84, 0x7a, 0xe2, 0x84, 0x7a,
    0xa1, 0xc4, 0x8a, 0x00, 0x84, 0x7a, 0x53, 0x84, 0x7a, 0xe2, 0x84, 0x7a, 0x68, 0x84, 0x7a, 0x32,
    0x84, 0x7a, 0xe4, 0x84, 0x7a, 0xe4, 0x84, 0x7a, 0xc5, 0x84, 0x7a, 0x33, 0x84, 0x7a, 0x49, 0x84,
    0x7a, 0x09, 0x84, 0x7a, 0x1e, 0x84, 0x7a, 0xd8, 0x84, 0x7a, 0xe5, 0x84, 0x7a, 0xe1, 0x84, 0x7a,
    0xe4, 0x84, 0x7a, 0x74, 0xc4, 0x8a, 0x03, 0xc4, 0x8a, 0x07, 0xc4, 0x8a, 0x02, 0xc4, 0x8a, 0x02,
    0xc4, 0x8a, 0x02, 0xc4, 0x8a, 0x02, 0xc4, 0x8a, 0x01, 0xc4, 0x8a, 0x05, 0xc4, 0x8a, 0x00, 0x84,
    0x7a, 0x0c, 0x84, 0x7a, 0xaa, 0x84, 0x7a, 0xe2, 0x84, 0x7a, 0x60, 0xc4, 0x8a, 0x00, 0xc4, 0x8a,
    0x04, 0xc4, 0x8a, 0x01, 0xc4, 0x8a, 0x03, 0xc4, 0x8a, 0x01, 0xc4, 0x8a, 0x00, 0xc4, 0x8a, 0x04,
    0x84, 0x7a, 0x65, 0x84, 0x7a, 0xde, 0x84, 0x7a, 0xe3, 0x84, 0x7a, 0x8b, 0xa4, 0x82, 0x0e, 0xc4,
    0x8a, 0x00, 0xc4, 0x8a, 0x03, 0xc4, 0x8a, 0x00, 0xc4, 0x8a, 0x00, 0xc4, 0x8a, 0x00, 0xc4, 0x8a,
    0x00, 0xc4, 0x8a, 0x00, 0xc4, 0x8a, 0x00, 0xc4, 0x8a, 0x00, 0xc4, 0x8a, 0x00, 0xc4, 0x8a, 0x00,
    0xc4, 0x8a, 0x00, 0xc4, 0x8a, 0x00, 0xc4, 0x8a, 0x00, 0xc4, 0x8a, 0x00, 0xc4, 0x8a, 0x00, 0xc4,
    0x8a, 0x00, 0xc4, 0x8a, 0x00, 0xc4, 0x8a, 0x00, 0xc4, 0x8a, 0x00, 0xc4, 0x8a, 0x00, 0xc4, 0x8a,
    0x00, 0xc4, 0x8a, 0x00, 0xc4, 0x8a, 0x00, 0xc4, 0x8a, 0x00, 0xc4, 0x8a, 0x00, 0xc4, 0x8a, 0x00,
    0xc4, 0x8a, 0x00, 0xc4, 0x8a, 0x00, 0xc4, 0x8a, 0x00, 0xc4, 0x8a, 0x00, 0xc4, 0x8a, 0x00, 0xc4,
    0x8a, 0x00, 0xc4, 0x8a, 0x00, 0xc4, 0x8a, 0x00, 0xc4, 0x8a, 0x00, 0xc4, 0x8a, 0x00, 0xc4, 0x8a,
    0x00, 0xc4, 0x8a, 0x00, 0xc4, 0x8a, 0x00, 0xc4, 0x8a, 0x00, 0xc4, 0x8a, 0x00, 0xc4, 0x8a, 0x00,
    0xc4, 0x8a, 0x00, 0xc4, 0x8a, 0x00, 0xc4, 0x8a, 0x00, 0xc4, 0x8a, 0x00, 0xc4, 0x8a, 0x00, 0xc4,
    0x8a, 0x00, 0xc4, 0x8a, 0x00, 0xc4, 0x8a, 0x00, 0xc4, 0x8a, 0x00, 0xc4, 0x8a, 0x00, 0xc4, 0x8a,
    0x00, 0xc4, 0x8a, 0x00, 0xc4, 0x8a, 0x00, 0xc4, 0x8a, 0x00, 0xc4, 0x8a, 0x00, 0xc4, 0x8a, 0x03,
    0xc4, 0x8a, 0x00, 0x84, 0x7a, 0x13, 0x84, 0x7a, 0x9e, 0x84, 0x7a, 0xe2, 0x84, 0x7a, 0xc1, 0x84,
    0x7a, 0x36, 0xc4, 0x8a, 0x00, 0xc4, 0x8a, 0x00, 0xc4, 0x8a, 0x04, 0xc4, 0x8a, 0x02, 0xc4, 0x8a,
    0x01, 0xc4, 0x8a, 0x04, 0xc4, 0x8a, 0x00, 0x84, 0x7a, 0x27, 0x84, 0x7a, 0xde, 0x84, 0x7a, 0xce,
    0x84, 0x7a, 0x22, 0xc4, 0x8a, 0x00, 0xc4, 0x8a, 0x05, 0xc4, 0x8a, 0x00, 0xc4, 0x8a, 0x00, 0xc4,
    0x8a, 0x00, 0xc4, 0x8a, 0x00, 0xc4, 0x8a, 0x00, 0x84, 0x7a, 0x21, 0x84, 0x7a, 0xca, 0x84, 0x7a,
    0xe3, 0x84, 0x7a, 0x9f, 0xc4, 0x8a, 0x00, 0x84, 0x7a, 0x52, 0x84, 0x7a, 0xe3, 0x84, 0x7a, 0xb2,
    0x64, 0x72, 0x06, 0x84, 0x7a, 0x62, 0x84, 0x7a, 0xe4, 0x84, 0x7a, 0x97, 0x84, 0x7a, 0xe2, 0x84,
    0x7a, 0xc4, 0x84, 0x7a, 0x16, 0x64, 0x7a, 0x07, 0x84, 0x7a, 0x60, 0x84, 0x7a, 0xe1, 0x84, 0x7a,
    0xe3, 0x84, 0x7a, 0xe3, 0x84, 0x7a, 0xe4, 0x84, 0x7a, 0xb1, 0xc4, 0x8a, 0x00, 0xc4, 0x8a, 0x00,
    0xc4, 0x8a, 0x00, 0xc4, 0x8a, 0x00, 0xc4, 0x8a, 0x00, 0xc4, 0x8a, 0x00, 0xc4, 0x8a, 0x00, 0xc4,
    0x8a, 0x00, 0xc4, 0x8a, 0x03, 0xc4, 0x8a, 0x01, 0xa4, 0x82, 0x0f, 0x84, 0x7a, 0xb0, 0x84, 0x7a,
    0xe2, 0x84, 0x7a, 0x4c, 0xc4, 0x8a, 0x00, 0xc4, 0x8a, 0x05, 0xc4, 0x8a, 0x01, 0xc4, 0x8a, 0x01,
    0xc4, 0x8a, 0x04, 0xc4, 0x8a, 0x00, 0xc4, 0x8a, 0x00, 0x84, 0x7a, 0x21, 0x84, 0x7a, 0xa5, 0x84,
    0x7a, 0xe2, 0x84, 0x7a, 0xc0, 0x84, 0x7a, 0x2a, 0xc4, 0x8a, 0x00, 0xc4, 0x8a, 0x04, 0xc4, 0x8a,
    0x00, 0xc4, 0x8a, 0x00, 0xc4, 0x8a, 0x00, 0xc4, 0x8a, 0x00, 0xc4, 0x8a, 0x00, 0xc4, 0x8a, 0x00,
    0xc4, 0x8a, 0x00, 0xc4, 0x8a, 0x00, 0xc4, 0x8a, 0x00, 0xc4, 0x8a, 0x00, 0xc4, 0x8a, 0x00, 0xc4,
    0x8a, 0x00, 0xc4, 0x8a, 0x00, 0xc4, 0x8a, 0x00, 0xc4, 0x8a, 0x00, 0xc4, 0x8a, 0x00, 0xc4, 0x8a,
    0x00, 0xc4, 0x8a, 0x00, 0xc4, 0x8a, 0x00, 0xc4, 0x8a, 0x00, 0xc4, 0x8a, 0x00, 0xc4, 0x8a, 0x00,
    0xc4, 0x8a, 0x00, 0xc4, 0x8a, 0x00, 0xc4, 0x8a, 0x00, 0xc4, 0x8a, 0x00, 0xc4, 0x8a, 0x00, 0xc4,
    0x8a, 0x00, 0xc4, 0x8a, 0x00, 0xc4, 0x8a, 0x00, 0xc4, 0x8a, 0x00, 0xc4, 0x8a, 0x00, 0xc4, 0x8a,
    0x00, 0xc4, 0x8a, 0x00, 0xc4, 0x8a, 0x00, 0xc4, 0x8a, 0x00, 0xc4, 0x8a, 0x00, 0xc4, 0x8a, 0x00,
    0xc4, 0x8a, 0x00, 0xc4, 0x8a, 0x00, 0xc4, 0x8a, 0x00, 0xc4, 0x8a, 0x00, 0xc4, 0x8a, 0x00, 0xc4,
    0x8a, 0x00, 0xc4, 0x8a, 0x00, 0xc4, 0x8a, 0x00, 0xc4, 0x8a, 0x00, 0xc4, 0x8a, 0x00, 0xc4, 0x8a,
    0x00, 0xc4, 0x8a, 0x00, 0xc4, 0x8a, 0x00, 0xc4, 0x8a, 0x00, 0xc4, 0x8a, 0x00, 0xc4, 0x8a, 0x00,
    0xc4, 0x8a, 0x03, 0xc4, 0x8a, 0x00, 0x84, 0x7a, 0x22, 0x84, 0x7a, 0xc1, 0x84, 0x7a, 0xe2, 0x84,
    0x7a, 0x91, 0x84, 0x7a, 0x10, 0xc4, 0x8a, 0x00, 0x64, 0x72, 0x06, 0x84, 0x7a, 0x03, 0xc4, 0x8a,
    0x00, 0xc4, 0x8a, 0x00, 0xc4, 0x8a, 0x00, 0xc4, 0x8a, 0x00, 0x84, 0x7a, 0x0c, 0x84, 0x7a, 0xc3,
    0x84, 0x7a, 0xcc, 0x84, 0x7a, 0x1b, 0xc4, 0x8a, 0x00, 0xc4, 0x8a, 0x00, 0xc4, 0x8a, 0x00, 0xc4,
    0x8a, 0x04, 0x84, 0x7a, 0x0b, 0x84, 0x7a, 0x13, 0x84, 0x7a, 0x1c, 0x84, 0x7a, 0x1d, 0x84, 0x7a,
    0x98, 0x84, 0x7a, 0xe2, 0x84, 0x7a, 0xa2, 0xc4, 0x8a, 0x01, 0x84, 0x7a, 0x52, 0x84, 0x7a, 0xe3,
    0x84, 0x7a, 0xa0, 0xc4, 0x8a, 0x00, 0x84, 0x7a, 0x4b, 0x84, 0x7a, 0xdf, 0x84, 0x7a, 0xdf, 0x84,
    0x7a, 0x0a, 0x84, 0x7a, 0xa4, 0x84, 0x7a, 0xe3, 0x84, 0x7a, 0xe2, 0x84, 0x7a, 0xcc, 0x84, 0x7a,
    0xe6, 0x84, 0x7a, 0xe6, 0x84, 0x7a, 0xe5, 0x84, 0x7a, 0xe5, 0x84, 0x7a, 0xe6, 0x84, 0x7a, 0xe0,
    0x84, 0x7a, 0x57, 0x84, 0x7a, 0x34, 0x84, 0x7a, 0x30, 0x84, 0x7a, 0x21, 0x84, 0x7a, 0x1c, 0x84,
    0x7a, 0x13, 0x84, 0x7a, 0x0c, 0x43, 0x6a, 0x04, 0xc4, 0x8a, 0x00, 0xc4, 0x8a, 0x00, 0xc4, 0x8a,
    0x00, 0xc4, 0x8a, 0x03, 0x84, 0x7a, 0xb3, 0x84, 0x7a, 0xdb, 0x84, 0x7a, 0x24, 0xc4, 0x8a, 0x00,
    0xc4, 0x8a, 0x00, 0xc4, 0x8a, 0x00, 0xc4, 0x8a, 0x00, 0xc4, 0x8a, 0x04, 0x64, 0x72, 0x06, 0xc4,
    0x8a, 0x00, 0xc4, 0x8a, 0x03, 0x84, 0x7a, 0x70, 0x84, 0x7a, 0xe4, 0x84, 0x7a, 0xd8, 0x84, 0x7a,
    0x42, 0xc4, 0x8a, 0x00, 0xc4, 0x8a, 0x04, 0xc4, 0x8a, 0x00, 0xc4, 0x8a, 0x00, 0xc4, 0x8a, 0x00,
    0xc4, 0x8a, 0x00, 0xc4, 0x8a, 0x00, 0xc4, 0x8a, 0x00, 0xc4, 0x8a, 0x00, 0xc4, 0x8a, 0x00, 0xc4,
    0x8a, 0x00, 0xc4, 0x8a, 0x00, 0xc4, 0x8a, 0x00, 0xc4, 0x8a, 0x00, 0xc4, 0x8a, 0x00, 0xc4, 0x8a,
    0x00, 0xc4, 0x8a, 0x00, 0xc4, 0x8a, 0x00, 0xc4, 0x8a, 0x00, 0xc4, 0x8a, 0x00, 0xc4, 0x8a, 0x00,
    0xc4, 0x8a, 0x00, 0xc4, 0x8a, 0x00, 0xc4, 0x8a, 0x00, 0xc4, 0x8a, 0x00, 0xc4, 0x8a, 0x00, 0xc4,
    0x8a, 0x00, 0xc4, 0x8a, 0x00, 0xc4, 0x8a, 0x00, 0xc4, 0x8a, 0x00, 0xc4, 0x8a, 0x00, 0xc4, 0x8a,
    0x00, 0xc4, 0x8a, 0x00, 0xc4, 0x8a, 0x00, 0xc4, 0x8a, 0x00, 0xc4, 0x8a, 0x00, 0xc4, 0x8a, 0x00,
    0xc4, 0x8a, 0x00, 0xc4, 0x8a, 0x00, 0xc4, 0x8a, 0x00, 0xc4, 0x8a, 0x00, 0xc4, 0x8a, 0x00, 0xc4,
    0x8a, 0x00, 0xc4, 0x8a, 0x00, 0xc4, 0x8a, 0x00, 0xc4, 0x8a, 0x00, 0xc4, 0x8a, 0x00, 0xc4, 0x8a,
    0x00, 0xc4, 0x8a, 0x00, 0xc4, 0x8a, 0x00, 0xc4, 0x8a, 0x00, 0xc4, 0x8a, 0x00, 0xc4, 0x8a, 0x00,
    0xc4, 0x8a, 0x00, 0xc4, 0x8a, 0x03, 0xc4, 0x8a, 0x00, 0x84, 0x7a, 0x27, 0x84, 0x7a, 0xcf, 0x84,
    0x7a, 0xe4, 0x84, 0x7a, 0x69, 0xc4, 0x8a, 0x00, 0xc4, 0x8a, 0x00, 0xc4, 0x8a, 0x00, 0xc4, 0x8a,
    0x00, 0xc4, 0x8a, 0x00, 0xc4, 0x8a, 0x00, 0x84, 0x7a, 0x09, 0x84, 0x7a, 0x17, 0x84, 0x7a, 0x2a,
    0x84, 0x7a, 0x97, 0x84, 0x7a, 0xe4, 0x84, 0x7a, 0xa8, 0x84, 0x7a, 0x77, 0x84, 0x7a, 0x9b, 0x84,
    0x7a, 0xad, 0x84, 0x7a, 0xbb, 0x84, 0x7a, 0xca, 0x84, 0x7a, 0xd6, 0x84, 0x7a, 0xe3, 0x84, 0x7a,
    0xe5, 0x84, 0x7a, 0xe4, 0x84, 0x7a, 0xe5, 0x84, 0x7a, 0xe2, 0x84, 0x7a, 0x3e, 0x84, 0x7a, 0x21,
    0x84, 0x7a, 0xe4, 0x84, 0x7a, 0x94, 0xc4, 0x8a, 0x04, 0x84, 0x7a, 0x64, 0x84, 0x7a, 0xe3, 0x84,
    0x7a, 0xd1, 0x84, 0x7a, 0x2f, 0x84, 0x7a, 0x1e, 0x84, 0x7a, 0xd1, 0x84, 0x7a, 0xa4, 0x84, 0x7a,
    0xa1, 0x84, 0x7a, 0xe4, 0x84, 0x7a, 0xe1, 0x84, 0x7a, 0xe5, 0x84, 0x7a, 0xe6, 0x84, 0x7a, 0xe6,
    0x84, 0x7a, 0xe6, 0x84, 0x7a, 0xe6, 0x84, 0x7a, 0xe4, 0x84, 0x7a, 0xe3, 0x84, 0x7a, 0xe3, 0x84,
    0x7a, 0xe4, 0x84, 0x7a, 0xe5, 0x84, 0x7a, 0xe4, 0x84, 0x7a, 0xd8, 0x84, 0x7a, 0xcb, 0x84, 0x7a,
    0xbd, 0x84, 0x7a, 0xb0, 0x84, 0x7a, 0x9d, 0x84, 0x7a, 0x7f, 0x84, 0x7a, 0x93, 0x84, 0x7a, 0xe2,
    0x84, 0x7a, 0xb8, 0x84, 0x7a, 0x33, 0x84, 0x7a, 0x1a, 0x84, 0x7a, 0x0b, 0xc4, 0x8a, 0x00, 0xc4,
    0x8a, 0x00, 0xc4, 0x8a, 0x00, 0xc4, 0x8a, 0x00, 0xc4, 0x8a, 0x00, 0xc4, 0x8a, 0x00, 0x84, 0x7a,
    0x44, 0x84, 0x7a, 0xdd, 0x84, 0x7a, 0xe4, 0x84, 0x7a, 0x47, 0xc4, 0x8a, 0x00, 0xc4, 0x8a, 0x05,
    0xc4, 0x8a, 0x01, 0xc4, 0x8a, 0x00, 0xc4, 0x8a, 0x00, 0xc4, 0x8a, 0x00, 0xc4, 0x8a, 0x00, 0xc4,
    0x8a, 0x00, 0xc4, 0x8a, 0x00, 0xc4, 0x8a, 0x00, 0xc4, 0x8a, 0x00, 0xc4, 0x8a, 0x00, 0xc4, 0x8a,
    0x00, 0xc4, 0x8a, 0x00, 0xc4, 0x8a, 0x00, 0xc4, 0x8a, 0x00, 0xc4, 0x8a, 0x00, 0xc4, 0x8a, 0x00,
    0xc4, 0x8a, 0x00, 0xc4, 0x8a, 0x00, 0xc4, 0x8a, 0x00, 0xc4, 0x8a, 0x00, 0xc4, 0x8a, 0x00, 0xc4,
    0x8a, 0x00, 0xc4, 0x8a, 0x00, 0xc4, 0x8a, 0x00, 0xc4, 0x8a, 0x00, 0xc4, 0x8a, 0x00, 0xc4, 0x8a,
    0x00, 0xc4, 0x8a, 0x00, 0xc4, 0x8a, 0x00, 0xc4, 0x8a, 0x00, 0xc4, 0x8a, 0x00, 0xc4, 0x8a, 0x00,
    0xc4, 0x8a, 0x00, 0xc4, 0x8a, 0x00, 0xc4, 0x8a, 0x00, 0xc4, 0x8a, 0x00, 0xc4, 0x8a, 0x00, 0xc4,
    0x8a, 0x00, 0xc4, 0x8a, 0x00, 0xc4, 0x8a, 0x00, 0xc4, 0x8a, 0x00, 0xc4, 0x8a, 0x00, 0xc4, 0x8a,
    0x00, 0xc4, 0x8a, 0x00, 0xc4, 0x8a, 0x00, 0xc4, 0x8a, 0x00, 0xc4, 0x8a, 0x00, 0xc4, 0x8a, 0x02,
    0xc4, 0x8a, 0x03, 0xc4, 0x8a, 0x04, 0xc4, 0x8a, 0x03, 0xc4, 0x8a, 0x00, 0x84, 0x7a, 0x22, 0x84,
    0x7a, 0xcc, 0x84, 0x7a, 0xda, 0x84, 0x7a, 0x4e, 0xc4, 0x8a, 0x00, 0x84, 0x7a, 0x1e, 0x84, 0x7a,
    0x3c, 0x84, 0x7a, 0x59, 0x84, 0x7a, 0x7b, 0x84, 0x7a, 0x9d, 0x84, 0x7a, 0xb9, 0x84, 0x7a, 0xd4,
    0x84, 0x7a, 0xe6, 0x84, 0x7a, 0xe6, 0x84, 0x7a, 0xe5, 0x84, 0x7a, 0xe4, 0x84, 0x7a, 0xe3, 0x84,
    0x7a, 0xe3, 0x84, 0x7a, 0xe5, 0x84, 0x7a, 0xe6, 0x84, 0x7a, 0xdf, 0x84, 0x7a, 0xcf, 0x84, 0x7a,
    0xbd, 0x84, 0x7a, 0xb0, 0x84, 0x7a, 0xa3, 0x84, 0x7a, 0x90, 0x84, 0x7a, 0xbd, 0x84, 0x7a, 0xe3,
    0x84, 0x7a, 0x40, 0x84, 0x7a, 0x3b, 0x84, 0x7a, 0xe5, 0xa4, 0x82, 0x0e, 0x84, 0x7a, 0x36, 0x84,
    0x7a, 0xe3, 0x84, 0x7a, 0xb6, 0x84, 0x7a, 0x18, 0x84, 0x7a, 0x30, 0x84, 0x7a, 0xd0, 0x84, 0x7a,
    0xe2, 0x84, 0x7a, 0x57, 0x84, 0x7a, 0x18, 0x84, 0x7a, 0xe2, 0x84, 0x7a, 0xe5, 0x84, 0x7a, 0xe6,
    0x84, 0x7a, 0xe6, 0x84, 0x7a, 0xe6, 0x84, 0x7a, 0xe5, 0x84, 0x7a, 0xe6, 0x84, 0x7a, 0xc9, 0x84,
    0x7a, 0x78, 0x84, 0x7a, 0x89, 0x84, 0x7a, 0x91, 0x84, 0x7a, 0x9e, 0x84, 0x7a, 0xac, 0x84, 0x7a,
    0xba, 0x84, 0x7a, 0xcb, 0x84, 0x7a, 0xdb, 0x84, 0x7a, 0xe6, 0x84, 0x7a, 0xe5, 0x84, 0x7a, 0xe3,
    0x84, 0x7a, 0xe3, 0x84, 0x7a, 0xe5, 0x84, 0x7a, 0xe4, 0x84, 0x7a, 0xe6, 0x84, 0x7a, 0xe5, 0x84,
    0x7a, 0xd8, 0x84, 0x7a, 0xbc, 0x84, 0x7a, 0xa3, 0x84, 0x7a, 0x80, 0x84, 0x7a, 0x5d, 0x84, 0x7a,
    0x41, 0x84, 0x7a, 0x25, 0xc4, 0x8a, 0x01, 0x84, 0x7a, 0x2c, 0x84, 0x7a, 0xc8, 0x84, 0x7a, 0xe0,
    0x84, 0x7a, 0x44, 0xc4, 0x8a, 0x00, 0xc4, 0x8a, 0x02, 0xc4, 0x8a, 0x04, 0xc4, 0x8a, 0x04, 0xc4,
    0x8a, 0x02, 0xc4, 0x8a, 0x01, 0xc4, 0x8a, 0x00, 0xc4, 0x8a, 0x00, 0xc4, 0x8a, 0x00, 0xc4, 0x8a,
    0x00, 0xc4, 0x8a, 0x00, 0xc4, 0x8a, 0x00, 0xc4, 0x8a, 0x00, 0xc4, 0x8a, 0x00, 0xc4, 0x8a, 0x00,
    0xc4, 0x8a, 0x00, 0xc4, 0x8a, 0x00, 0xc4, 0x8a, 0x00, 0xc4, 0x8a, 0x00, 0xc4, 0x8a, 0x00, 0xc4,
    0x8a, 0x00, 0xc4, 0x8a, 0x00, 0xc4, 0x8a, 0x00, 0xc4, 0x8a, 0x00, 0xc4, 0x8a, 0x00, 0xc4, 0x8a,
    0x00, 0xc4, 0x8a, 0x00, 0xc4, 0x8a, 0x00, 0xc4, 0x8a, 0x00, 0xc4, 0x8a, 0x00, 0xc4, 0x8a, 0x00,
    0xc4, 0x8a, 0x00, 0xc4, 0x8a, 0x00, 0xc4, 0x8a, 0x00, 0xc4, 0x8a, 0x00, 0xc4, 0x8a, 0x00, 0xc4,
    0x8a, 0x00, 0xc4, 0x8a, 0x00, 0xc4, 0x8a, 0x00, 0xc4, 0x8a, 0x00, 0xc4, 0x8a, 0x00, 0xc4, 0x8a,
    0x00, 0xc4, 0x8a, 0x00, 0xc4, 0x8a, 0x00, 0xc4, 0x8a, 0x01, 0xc4, 0x8a, 0x03, 0xc4, 0x8a, 0x04,
    0xc4, 0x8a, 0x00, 0xc4, 0x8a, 0x00, 0xc4, 0x8a, 0x00, 0xc4, 0x8a, 0x00, 0xc4, 0x8a, 0x00, 0x84,
    0x7a, 0x1b, 0x84, 0x7a, 0xc0, 0x84, 0x7a, 0xe4, 0x84, 0x7a, 0xc6, 0x84, 0x7a, 0x9f, 0x84, 0x7a,
    0xd5, 0x84, 0x7a, 0xe5, 0x84, 0x7a, 0xe3, 0x84, 0x7a, 0xe2, 0x84, 0x7a, 0xe3, 0x84, 0x7a, 0xe5,
    0x84, 0x7a, 0xe1, 0x84, 0x7a, 0xc4, 0x84, 0x7a, 0xae, 0x84, 0x7a, 0xe5, 0x84, 0x7a, 0xcf, 0x84,
    0x7a, 0x61, 0x84, 0x7a, 0x48, 0x84, 0x7a, 0x36, 0x84, 0x7a, 0x24, 0x84, 0x7a, 0x16, 0x84, 0x7a,
    0x09, 0xc4, 0x8a, 0x04, 0xc4, 0x8a, 0x00, 0xc4, 0x8a, 0x00, 0xc4, 0x8a, 0x00, 0xc4, 0x8a, 0x00,
    0x84, 0x7a, 0x7b, 0x84, 0x7a, 0xe2, 0x84, 0x7a, 0x3d, 0x84, 0x7a, 0x36, 0x84, 0x7a, 0xe4, 0x84,
    0x7a, 0x13, 0x84, 0x7a, 0x48, 0x84, 0x7a, 0xe2, 0x84, 0x7a, 0x0e, 0x84, 0x7a, 0x2d, 0x84, 0x7a,
    0xe1, 0x84, 0x7a, 0xe4, 0x84, 0x7a, 0x6e, 0xc4, 0x8a, 0x00, 0x84, 0x7a, 0x5f, 0x84, 0x7a, 0xe4,
    0x84, 0x7a, 0xad, 0x84, 0x7a, 0xd8, 0x84, 0x7a, 0xe6, 0x84, 0x7a, 0xe6, 0x84, 0x7a, 0xe4, 0x84,
    0x7a, 0xe5, 0x84, 0x7a, 0xce, 0xc4, 0x8a, 0x00, 0xc4, 0x8a, 0x00, 0xc4, 0x8a, 0x00, 0xc4, 0x8a,
    0x00, 0xc4, 0x8a, 0x00, 0xc4, 0x8a, 0x00, 0xc4, 0x8a, 0x02, 0x64, 0x7a, 0x07, 0x84, 0x7a, 0x13,
    0x84, 0x7a, 0x22, 0x84, 0x7a, 0x32, 0x84, 0x7a, 0x45, 0x84, 0x7a, 0x59, 0x84, 0x7a, 0xb9, 0x84,
    0x7a, 0xe4, 0x84, 0x7a, 0xb4, 0x84, 0x7a, 0xbc, 0x84, 0x7a, 0xdc, 0x84, 0x7a, 0xe5, 0x84, 0x7a,
    0xe3, 0x84, 0x7a, 0xe2, 0x84, 0x7a, 0xe3, 0x84, 0x7a, 0xe5, 0x84, 0x7a, 0xdd, 0x84, 0x7a, 0xa5,
    0x84, 0x7a, 0xb8, 0x84, 0x7a, 0xe1, 0x84, 0x7a, 0xd8, 0x84, 0x7a, 0x35, 0xc4, 0x8a, 0x00, 0xc4,
    0x8a, 0x00, 0xc4, 0x8a, 0x00, 0xc4, 0x8a, 0x00, 0xc4, 0x8a, 0x00, 0xc4, 0x8a, 0x04, 0xc4, 0x8a,
    0x03, 0xc4, 0x8a, 0x01, 0xc4, 0x8a, 0x00, 0xc4, 0x8a, 0x00, 0xc4, 0x8a, 0x00, 0xc4, 0x8a, 0x00,
    0xc4, 0x8a, 0x00, 0xc4, 0x8a, 0x00, 0xc4, 0x8a, 0x00, 0xc4, 0x8a, 0x00, 0xc4, 0x8a, 0x00, 0xc4,
    0x8a, 0x00, 0xc4, 0x8a, 0x00, 0xc4, 0x8a, 0x00, 0xc4, 0x8a, 0x00, 0xc4, 0x8a, 0x00, 0xc4, 0x8a,
    0x00, 0xc4, 0x8a, 0x00, 0xc4, 0x8a, 0x00, 0xc4, 0x8a, 0x00, 0xc4, 0x8a, 0x00, 0xc4, 0x8a, 0x00,
    0xc4, 0x8a, 0x00, 0xc4, 0x8a, 0x00, 0xc4, 0x8a, 0x00, 0xc4, 0x8a, 0x00, 0xc4, 0x8a, 0x00, 0xc4,
    0x8a, 0x00, 0xc4, 0x8a, 0x00, 0xc4, 0x8a, 0x00, 0xc4, 0x8a, 0x00, 0xc4, 0x8a, 0x00, 0xc4, 0x8a,
    0x00, 0xc4, 0x8a, 0x00, 0xc4, 0x8a, 0x01, 0xc4, 0x8a, 0x03, 0xc4, 0x8a, 0x03, 0xc4, 0x8a, 0x00,
    0xc4, 0x8a, 0x00, 0xc4, 0x8a, 0x00, 0xc4, 0x8a, 0x00, 0x84, 0x7a, 0x1a, 0x84, 0x7a, 0x45, 0x84,
    0x7a, 0x7f, 0x84, 0x7a, 0xab, 0x84, 0x7a, 0xd7, 0x84, 0x7a, 0xe4, 0x84, 0x7a, 0xe4, 0x84, 0x7a,
    0xe5, 0x84, 0x7a, 0xe5, 0x84, 0x7a, 0xca, 0x84, 0x7a, 0xa7, 0x84, 0x7a, 0x80, 0x84, 0x7a, 0x5b,
    0x84, 0x7a, 0x3e, 0x84, 0x7a, 0x22, 0x84, 0x7a, 0x0f, 0xc4, 0x8a, 0x00, 0x84, 0x7a, 0x4a, 0x84,
    0x7a, 0xe3, 0x84, 0x7a, 0x5a, 0xc4, 0x8a, 0x00, 0xc4, 0x8a, 0x00, 0xc4, 0x8a, 0x00, 0xc4, 0x8a,
    0x00, 0xc4, 0x8a, 0x00, 0xc4, 0x8a, 0x00, 0xc4, 0x8a, 0x00, 0xc4, 0x8a, 0x00, 0xc4, 0x8a, 0x01,
    0xa4, 0x82, 0x05, 0xc4, 0x8a, 0x04, 0x84, 0x7a, 0x84, 0x84, 0x7a, 0xe2, 0x84, 0x7a, 0x3d, 0x84,
    0x7a, 0x37, 0x84, 0x7a, 0xe5, 0x84, 0x7a, 0x12, 0x84, 0x7a, 0x46, 0x84, 0x7a, 0xe4, 0xc4, 0x8a,
    0x02, 0x84, 0x7a, 0x5b, 0x84, 0x7a, 0xe4, 0x84, 0x7a, 0x51, 0xc4, 0x8a, 0x00, 0x84, 0x7a, 0x70,
    0x84, 0x7a, 0xe4, 0x84, 0x7a, 0xd7, 0x84, 0x7a, 0x15, 0x84, 0x7a, 0x81, 0x84, 0x7a, 0xe4, 0x84,
    0x7a, 0xe2, 0x84, 0x7a, 0xe6, 0x84, 0x7a, 0xe3, 0x84, 0x7a, 0xe4, 0x84, 0x7a, 0x49, 0xc4, 0x8a,
    0x04, 0xc4, 0x8a, 0x08, 0xc4, 0x8a, 0x03, 0xc4, 0x8a, 0x01, 0xc4, 0x8a, 0x00, 0xc4, 0x8a, 0x00,
    0xc4, 0x8a, 0x00, 0xc4, 0x8a, 0x00, 0xc4, 0x8a, 0x00, 0xc4, 0x8a, 0x00, 0xc4, 0x8a, 0x00, 0xc4,
    0x8a, 0x00, 0x84, 0x7a, 0x2d, 0x84, 0x7a, 0xe4, 0x84, 0x7a, 0x7d, 0xc4, 0x8a, 0x00, 0x84, 0x82,
    0x0d, 0x84, 0x7a, 0x1b, 0x84, 0x7a, 0x39, 0x84, 0x7a, 0x55, 0x84, 0x7a, 0x79, 0x84, 0x7a, 0x9f,
    0x84, 0x7a, 0xc1, 0x84, 0x7a, 0xe6, 0x84, 0x7a, 0xe5, 0x84, 0x7a, 0xe4, 0x84, 0x7a, 0xe4, 0x84,
    0x7a, 0xe0, 0x84, 0x7a, 0xb6, 0x84, 0x7a, 0x89, 0x84, 0x7a, 0x4d, 0x84, 0x7a, 0x21, 0xc4, 0x8a,
    0x00, 0xc4, 0x8a, 0x00, 0xc4, 0x8a, 0x00, 0xc4, 0x8a, 0x00, 0xc4, 0x8a, 0x03, 0xc4, 0x8a, 0x03,
    0xc4, 0x8a, 0x01, 0xc4, 0x8a, 0x00, 0xc4, 0x8a, 0x00, 0xc4, 0x8a, 0x00, 0xc4, 0x8a, 0x00, 0xc4,
    0x8a, 0x00, 0xc4, 0x8a, 0x00, 0xc4, 0x8a, 0x00, 0xc4, 0x8a, 0x00, 0xc4, 0x8a, 0x00, 0xc4, 0x8a,
    0x00, 0xc4, 0x8a, 0x00, 0xc4, 0x8a, 0x00, 0xc4, 0x8a, 0x00, 0xc4, 0x8a, 0x00, 0xc4, 0x8a, 0x00,
    0xc4, 0x8a, 0x00, 0xc4, 0x8a, 0x00, 0xc4, 0x8a, 0x00, 0xc4, 0x8a, 0x00, 0xc4, 0x8a, 0x00, 0xc4,
    0x8a, 0x00, 0xc4, 0x8a, 0x00, 0xc4, 0x8a, 0x00, 0xc4, 0x8a, 0x00, 0xc4, 0x8a, 0x00, 0xc4, 0x8a,
    0x00, 0xc4, 0x8a, 0x00, 0xc4, 0x8a, 0x01, 0xc4, 0x8a, 0x03, 0xc4, 0x8a, 0x00, 0xc4, 0x8a, 0x00,
    0xc4, 0x8a, 0x00, 0x84, 0x7a, 0x08, 0x84, 0x7a, 0x36, 0x84, 0x7a, 0x75, 0x84, 0x7a, 0xb6, 0x84,
    0x7a, 0xe6, 0x84, 0x7a, 0xe2, 0x84, 0x7a, 0xe3, 0x84, 0x7a, 0xe5, 0x84, 0x7a, 0xe4, 0x84, 0x7a,
    0xb2, 0x84, 0x7a, 0x63, 0x84, 0x7a, 0x3d, 0x84, 0x7a, 0x17, 0xa4, 0x82, 0x04, 0xc4, 0x8a, 0x00,
    0xc4, 0x8a, 0x00, 0xc4, 0x8a, 0x00, 0xc4, 0x8a, 0x00, 0xc4, 0x8a, 0x00, 0xc4, 0x8a, 0x00, 0x84,
    0x7a, 0x03, 0x84, 0x7a, 0xc9, 0x84, 0x7a, 0xcc, 0x64, 0x72, 0x06, 0xc4, 0x8a, 0x04, 0xc4, 0x8a,
    0x05, 0xc4, 0x8a, 0x03, 0xc4, 0x8a, 0x02, 0xc4, 0x8a, 0x02, 0xc4, 0x8a, 0x01, 0xc4, 0x8a, 0x01,
    0xc4, 0x8a, 0x01, 0xc4, 0x8a, 0x00, 0x84, 0x7a, 0x03, 0xc4, 0x8a, 0x00, 0x84, 0x7a, 0x82, 0x84,
    0x7a, 0xe2, 0x84, 0x7a, 0x3e, 0x84, 0x7a, 0x3a, 0x84, 0x7a, 0xe5, 0x84, 0x7a, 0x12, 0x84, 0x7a,
    0x46, 0x84, 0x7a, 0xe4, 0xc4, 0x8a, 0x05, 0x84, 0x7a, 0x55, 0x84, 0x7a, 0xe4, 0xc4, 0x8a, 0x05,
    0x84, 0x7a, 0x4d, 0x84, 0x7a, 0xe3, 0x84, 0x7a, 0xc1, 0x84, 0x7a, 0x23, 0x64, 0x7a, 0x07, 0x84,
    0x7a, 0xb1, 0x84, 0x7a, 0xe5, 0x84, 0x7a, 0xe4, 0x84, 0x7a, 0xe6, 0x84, 0x7a, 0xe2, 0x84, 0x7a,
    0xe4, 0x84, 0x7a, 0x8a, 0xc4, 0x8a, 0x00, 0xc4, 0x8a, 0x04, 0xc4, 0x8a, 0x00, 0xc4, 0x8a, 0x00,
    0xc4, 0x8a, 0x01, 0xc4, 0x8a, 0x01, 0xc4, 0x8a, 0x01, 0xc4, 0x8a, 0x01, 0xc4, 0x8a, 0x02, 0xc4,
    0x8a, 0x03, 0xc4, 0x8a, 0x03, 0xc4, 0x8a, 0x06, 0xc4, 0x8a, 0x00, 0x84, 0x7a, 0xa3, 0x84, 0x7a,
    0xe2, 0x84, 0x7a, 0x16, 0xc4, 0x8a, 0x00, 0xc4, 0x8a, 0x00, 0xc4, 0x8a, 0x00, 0xc4, 0x8a, 0x00,
    0xc4, 0x8a, 0x00, 0xc4, 0x8a, 0x00, 0xc4, 0x8a, 0x00, 0x84, 0x7a, 0x13, 0x84, 0x7a, 0x34, 0x84,
    0x7a, 0x5d, 0x84, 0x7a, 0x9a, 0x84, 0x7a, 0xe5, 0x84, 0x7a, 0xe5, 0x84, 0x7a, 0xe4, 0x84, 0x7a,
    0xe2, 0x84, 0x7a, 0xe5, 0x84, 0x7a, 0xc0, 0x84, 0x7a, 0x83, 0x84, 0x7a, 0x41, 0x64, 0x7a, 0x0f,
    0xc4, 0x8a, 0x00, 0xc4, 0x8a, 0x00, 0xc4, 0x8a, 0x00, 0xc4, 0x8a, 0x03, 0xc4, 0x8a, 0x02, 0xc4,
    0x8a, 0x00, 0xc4, 0x8a, 0x00, 0xc4, 0x8a, 0x00, 0xc4, 0x8a, 0x00, 0xc4, 0x8a, 0x00, 0xc4, 0x8a,
    0x00, 0xc4, 0x8a, 0x00, 0xc4, 0x8a, 0x00, 0xc4, 0x8a, 0x00, 0xc4, 0x8a, 0x00, 0xc4, 0x8a, 0x00,
    0xc4, 0x8a, 0x00, 0xc4, 0x8a, 0x00, 0xc4, 0x8a, 0x00, 0xc4, 0x8a, 0x00, 0xc4, 0x8a, 0x00, 0xc4,
    0x8a, 0x00, 0xc4, 0x8a, 0x00, 0xc4, 0x8a, 0x00, 0xc4, 0x8a, 0x00, 0xc4, 0x8a, 0x00, 0xc4, 0x8a,
    0x00, 0xc4, 0x8a, 0x00, 0xc4, 0x8a, 0x01, 0xc4, 0x8a, 0x03, 0xc4, 0x8a, 0x00, 0xc4, 0x8a, 0x00,
    0xc4, 0x8a, 0x04, 0x84, 0x7a, 0x3a, 0x84, 0x7a, 0x87, 0x84, 0x7a, 0xcf, 0x84, 0x7a, 0xe3, 0x84,
    0x7a, 0xe2, 0x84, 0x7a, 0xe6, 0x84, 0x7a, 0xb7, 0x84, 0x7a, 0x76, 0x84, 0x7a, 0x54, 0x84, 0x7a,
    0xd7, 0x84, 0x7a, 0xd1, 0x84, 0x7a, 0x13, 0xc4, 0x8a, 0x00, 0xc4, 0x8a, 0x00, 0xc4, 0x8a, 0x00,
    0xc4, 0x8a, 0x00, 0xc4, 0x8a, 0x03, 0xc4, 0x8a, 0x04, 0xc4, 0x8a, 0x04, 0xc4, 0x8a, 0x03, 0xc4,
    0x8a, 0x05, 0xc4, 0x8a, 0x01, 0x84, 0x7a, 0x3c, 0x84, 0x7a, 0xe3, 0x84, 0x7a, 0x65, 0xc4, 0x8a,
    0x00, 0xc4, 0x8a, 0x04, 0xc4, 0x8a, 0x00, 0xc4, 0x8a, 0x01, 0xc4, 0x8a, 0x01, 0xc4, 0x8a, 0x01,
    0xc4, 0x8a, 0x01, 0xc4, 0x8a, 0x01, 0xc4, 0x8a, 0x01, 0xc4, 0x8a, 0x02, 0xa4, 0x82, 0x05, 0xc4,
    0x8a, 0x02, 0x84, 0x7a, 0x82, 0x84, 0x7a, 0xe2, 0x84, 0x7a, 0x3a, 0x84, 0x7a, 0x2a, 0x84, 0x7a,
    0xe5, 0x84, 0x7a, 0x14, 0x84, 0x7a, 0x49, 0x84, 0x7a, 0xe4, 0xc4, 0x8a, 0x05, 0x84, 0x7a, 0x56,
    0x84, 0x7a, 0xe4, 0x84, 0x7a, 0x0c, 0x84, 0x7a, 0x64, 0x84, 0x7a, 0xe2, 0x84, 0x7a, 0x14, 0x84,
    0x7a, 0x14, 0x84, 0x7a, 0xb5, 0x84, 0x7a, 0xe4, 0x84, 0x7a, 0xe5, 0x84, 0x7a, 0xe6, 0x84, 0x7a,
    0xe6, 0x84, 0x7a, 0xe4, 0x84, 0x7a, 0xe5, 0x84, 0x7a, 0xc0, 0x44, 0x72, 0x05, 0xc4, 0x8a, 0x02,
    0xc4, 0x8a, 0x03, 0xc4, 0x8a, 0x02, 0xc4, 0x8a, 0x02, 0xc4, 0x8a, 0x01, 0xc4, 0x8a, 0x01, 0xc4,
    0x8a, 0x01, 0xc4, 0x8a, 0x01, 0xc4, 0x8a, 0x01, 0xc4, 0x8a, 0x01, 0xc4, 0x8a, 0x04, 0xc4, 0x8a,
    0x01, 0x84, 0x7a, 0x36, 0x84, 0x7a, 0xe3, 0x84, 0x7a, 0x69, 0xc4, 0x8a, 0x01, 0xc4, 0x8a, 0x06,
    0xc4, 0x8a, 0x03, 0xc4, 0x8a, 0x04, 0xc4, 0x8a, 0x04, 0xc4, 0x8a, 0x03, 0xc4, 0x8a, 0x00, 0xc4,
    0x8a, 0x00, 0xc4, 0x8a, 0x00, 0xc4, 0x8a, 0x00, 0xc4, 0x8a, 0x00, 0x84, 0x7a, 0xb0, 0x84, 0x7a,
    0xe1, 0x84, 0x7a, 0x6b, 0x84, 0x7a, 0x69, 0x84, 0x7a, 0xad, 0x84, 0x7a, 0xdd, 0x84, 0x7a, 0xe3,
    0x84, 0x7a, 0xe3, 0x84, 0x7a, 0xd8, 0x84, 0x7a, 0x97, 0x84, 0x7a, 0x4a, 0x84, 0x82, 0x0d, 0xc4,
    0x8a, 0x00, 0xc4, 0x8a, 0x00, 0xc4, 0x8a, 0x03, 0xc4, 0x8a, 0x02, 0xc4, 0x8a, 0x00, 0xc4, 0x8a,
    0x00, 0xc4, 0x8a, 0x00, 0xc4, 0x8a, 0x00, 0xc4, 0x8a, 0x00, 0xc4, 0x8a, 0x00, 0xc4, 0x8a, 0x00,
    0xc4, 0x8a, 0x00, 0xc4, 0x8a, 0x00, 0xc4, 0x8a, 0x00, 0xc4, 0x8a, 0x00, 0xc4, 0x8a, 0x00, 0xc4,
    0x8a, 0x00, 0xc4, 0x8a, 0x00, 0xc4, 0x8a, 0x00, 0xc4, 0x8a, 0x00, 0xc4, 0x8a, 0x00, 0xc4, 0x8a,
    0x00, 0xc4, 0x8a, 0x00, 0xc4, 0x8a, 0x00, 0xc4, 0x8a, 0x03, 0xc4, 0x8a, 0x00, 0xc4, 0x8a, 0x00,
    0x84, 0x7a, 0x14, 0x84, 0x7a, 0x67, 0x84, 0x7a, 0xc0, 0x84, 0x7a, 0xe3, 0x84, 0x7a, 0xe3, 0x84,
    0x7a, 0xd4, 0x84, 0x7a, 0x93, 0x84, 0x7a, 0x4f, 0x84, 0x7a, 0x19, 0xc4, 0x8a, 0x00, 0xc4, 0x8a,
    0x00, 0x84, 0x7a, 0x67, 0x84, 0x7a, 0xe2, 0x84, 0x7a, 0x5c, 0xc4, 0x8a, 0x00, 0xa4, 0x82, 0x08,
    0xa4, 0x82, 0x04, 0xc4, 0x8a, 0x04, 0xc4, 0x8a, 0x04, 0xc4, 0x8a, 0x04, 0xc4, 0x8a, 0x04, 0xc4,
    0x8a, 0x04, 0xc4, 0x8a, 0x04, 0xc4, 0x8a, 0x06, 0xc4, 0x8a, 0x01, 0x84, 0x7a, 0x94, 0x84, 0x7a,
    0xe3, 0x84, 0x7a, 0x18, 0xc4, 0x8a, 0x02, 0xc4, 0x8a, 0x01, 0xc4, 0x8a, 0x00, 0xc4, 0x8a, 0x00,
    0xc4, 0x8a, 0x00, 0xc4, 0x8a, 0x00, 0xc4, 0x8a, 0x00, 0xc4, 0x8a, 0x00, 0xc4, 0x8a, 0x00, 0xc4,
    0x8a, 0x00, 0xc4, 0x8a, 0x00, 0xc4, 0x8a, 0x00, 0x84, 0x7a, 0x7f, 0x84, 0x7a, 0xe2, 0x84, 0x7a,
    0xa9, 0x84, 0x7a, 0x84, 0x84, 0x7a, 0xe1, 0x84, 0x7a, 0x08, 0x84, 0x7a, 0x3b, 0x84, 0x7a, 0xe4,
    0xc4, 0x8a, 0x02, 0x84, 0x7a, 0x58, 0x84, 0x7a, 0xe4, 0x84, 0x7a, 0x0b, 0x84, 0x7a, 0x63, 0x84,
    0x7a, 0xe6, 0xc4, 0x8a, 0x00, 0x84, 0x7a, 0x84, 0x84, 0x7a, 0xe3, 0x84, 0x7a, 0xe1, 0x84, 0x7a,
    0xe6, 0x84, 0x7a, 0xe6, 0x84, 0x7a, 0xe6, 0x84, 0x7a, 0xe4, 0x84, 0x7a, 0xe5, 0x84, 0x7a, 0xc7,
    0xc4, 0x8a, 0x00, 0xc4, 0x8a, 0x00, 0xc4, 0x8a, 0x00, 0xc4, 0x8a, 0x00, 0xc4, 0x8a, 0x00, 0xc4,
    0x8a, 0x00, 0xc4, 0x8a, 0x00, 0xc4, 0x8a, 0x00, 0xc4, 0x8a, 0x00, 0xc4, 0x8a, 0x00, 0xc4, 0x8a,
    0x00, 0xc4, 0x8a, 0x00, 0xc4, 0x8a, 0x02, 0x43, 0x6a, 0x04, 0x84, 0x7a, 0xcc, 0x84, 0x7a, 0xc1,
    0xc4, 0x8a, 0x02, 0xc4, 0x8a, 0x04, 0xc4, 0x8a, 0x04, 0xc4, 0x8a, 0x04, 0xc4, 0x8a, 0x04, 0xc4,
    0x8a, 0x04, 0xc4, 0x8a, 0x04, 0xc4, 0x8a, 0x04, 0xa4, 0x82, 0x04, 0xa4, 0x82, 0x07, 0xc4, 0x8a,
    0x01, 0x84, 0x7a, 0x2d, 0x84, 0x7a, 0xe4, 0x84, 0x7a, 0xa3, 0xc4, 0x8a, 0x00, 0xc4, 0x8a, 0x00,
    0x84, 0x7a, 0x14, 0x84, 0x7a, 0x43, 0x84, 0x7a, 0x86, 0x84, 0x7a, 0xce, 0x84, 0x7a, 0xe3, 0x84,
    0x7a, 0xe3, 0x84, 0x7a, 0xd0, 0x84, 0x7a, 0x7b, 0x84, 0x7a, 0x23, 0xc4, 0x8a, 0x00, 0xc4, 0x8a,
    0x00, 0xc4, 0x8a, 0x03, 0xc4, 0x8a, 0x01, 0xc4, 0x8a, 0x00, 0xc4, 0x8a, 0x00, 0xc4, 0x8a, 0x00,
    0xc4, 0x8a, 0x00, 0xc4, 0x8a, 0x00, 0xc4, 0x8a, 0x00, 0xc4, 0x8a, 0x00, 0xc4, 0x8a, 0x00, 0xc4,
    0x8a, 0x00, 0xc4, 0x8a, 0x00, 0xc4, 0x8a, 0x00, 0xc4, 0x8a, 0x00, 0xc4, 0x8a, 0x00, 0xc4, 0x8a,
    0x00, 0xc4, 0x8a, 0x00, 0xc4, 0x8a, 0x00, 0xc4, 0x8a, 0x01, 0xc4, 0x8a, 0x02, 0xc4, 0x8a, 0x00,
    0x84, 0x7a, 0x14, 0x84, 0x7a, 0x75, 0x84, 0x7a, 0xd8, 0x84, 0x7a, 0xe2, 0x84, 0x7a, 0xe5, 0x84,
    0x7a, 0x9c, 0x84, 0x7a, 0x4c, 0x84, 0x7a, 0x0f, 0xc4, 0x8a, 0x00, 0xc4, 0x8a, 0x00, 0xc4, 0x8a,
    0x00, 0xa4, 0x82, 0x04, 0x84, 0x7a, 0x13, 0x84, 0x7a, 0xda, 0x84, 0x7a, 0xca, 0x64, 0x72, 0x04,
    0xc4, 0x8a, 0x00, 0xc4, 0x8a, 0x00, 0xc4, 0x8a, 0x00, 0xc4, 0x8a, 0x00, 0xc4, 0x8a, 0x00, 0xc4,
    0x8a, 0x00, 0xc4, 0x8a, 0x00, 0xc4, 0x8a, 0x00, 0xc4, 0x8a, 0x00, 0xc4, 0x8a, 0x00, 0xc4, 0x8a,
    0x00, 0x84, 0x7a, 0xd6, 0x84, 0x7a, 0xa6, 0xc4, 0x8a, 0x00, 0xc4, 0x8a, 0x00, 0xc4, 0x8a, 0x00,
    0xc4, 0x8a, 0x00, 0x84, 0x7a, 0x08, 0x64, 0x7a, 0x07, 0x84, 0x7a, 0x0c, 0x84, 0x7a, 0x12, 0x84,
    0x7a, 0x10, 0x84, 0x7a, 0x14, 0x84, 0x7a, 0x1a, 0x84, 0x7a, 0x1d, 0x84, 0x7a, 0x1b, 0x84, 0x7a,
    0x92, 0x84, 0x7a, 0xe4, 0x84, 0x7a, 0xdd, 0x84, 0x7a, 0xe4, 0x84, 0x7a, 0xe4, 0x84, 0x7a, 0xab,
    0x84, 0x7a, 0x94, 0x84, 0x7a, 0xe1, 0x84, 0x7a, 0x09, 0x84, 0x7a, 0x4e, 0x84, 0x7a, 0xe4, 0x84,
    0x7a, 0x05, 0x84, 0x7a, 0x63, 0x84, 0x7a, 0xe6, 0xc4, 0x8a, 0x03, 0x84, 0x7a, 0x84, 0x84, 0x7a,
    0xe2, 0x84, 0x7a, 0xe2, 0x84, 0x7a, 0xe6, 0x84, 0x7a, 0xe6, 0x84, 0x7a, 0xe6, 0x84, 0x7a, 0xe4,
    0x84, 0x7a, 0xe5, 0x84, 0x7a, 0xc5, 0x84, 0x7a, 0x25, 0x84, 0x7a, 0x1b, 0x84, 0x7a, 0x1b, 0x84,
    0x7a, 0x1a, 0x84, 0x7a, 0x16, 0x84, 0x7a, 0x10, 0x84, 0x7a, 0x12, 0x84, 0x7a, 0x0d, 0x64, 0x7a,
    0x07, 0x84, 0x7a, 0x08, 0xc4, 0x8a, 0x00, 0xc4, 0x8a, 0x00, 0xc4, 0x8a, 0x00, 0xc4, 0x8a, 0x00,
    0x84, 0x7a, 0x71, 0x84, 0x7a, 0xe4, 0x84, 0x7a, 0x19, 0xc4, 0x8a, 0x00, 0xc4, 0x8a, 0x00, 0xc4,
    0x8a, 0x00, 0xc4, 0x8a, 0x00, 0xc4, 0x8a, 0x00, 0xc4, 0x8a, 0x00, 0xc4, 0x8a, 0x00, 0xc4, 0x8a,
    0x00, 0xc4, 0x8a, 0x00, 0xc4, 0x8a, 0x00, 0xc4, 0x8a, 0x00, 0x84, 0x7a, 0x9e, 0x84, 0x7a, 0xe3,
    0x84, 0x7a, 0x33, 0xa4, 0x82, 0x04, 0xc4, 0x8a, 0x01, 0xc4, 0x8a, 0x00, 0xc4, 0x8a, 0x00, 0x84,
    0x7a, 0x0a, 0x84, 0x7a, 0x3d, 0x84, 0x7a, 0x8b, 0x84, 0x7a, 0xda, 0x84, 0x7a, 0xe3, 0x84, 0x7a,
    0xe5, 0x84, 0x7a, 0x8b, 0x84, 0x7a, 0x25, 0xc4, 0x8a, 0x00, 0xc4, 0x8a, 0x00, 0xc4, 0x8a, 0x02,
    0xc4, 0x8a, 0x00, 0xc4, 0x8a, 0x00, 0xc4, 0x8a, 0x00, 0xc4, 0x8a, 0x00, 0xc4, 0x8a, 0x00, 0xc4,
    0x8a, 0x00, 0xc4, 0x8a, 0x00, 0xc4, 0x8a, 0x00, 0xc4, 0x8a, 0x00, 0xc4, 0x8a, 0x00, 0xc4, 0x8a,
    0x00, 0xc4, 0x8a, 0x00, 0xc4, 0x8a, 0x00, 0xc4, 0x8a, 0x00, 0xc4, 0x8a, 0x01, 0xc4, 0x8a, 0x00,
    0xc4, 0x8a, 0x00, 0x84, 0x7a, 0x57, 0x84, 0x7a, 0xd1, 0x64, 0x7a, 0xe1, 0x84, 0x7a, 0xd4, 0x84,
    0x7a, 0x74, 0x84, 0x7a, 0x20, 0xc4, 0x8a, 0x00, 0xc4, 0x8a, 0x00, 0xc4, 0x8a, 0x00, 0xc4, 0x8a,
    0x00, 0xc4, 0x8a, 0x00, 0xc4, 0x8a, 0x00, 0xc4, 0x8a, 0x00, 0x84, 0x7a, 0x4d, 0x84, 0x7a, 0xe3,
    0x84, 0x7a, 0x65, 0xa4, 0x82, 0x04, 0x84, 0x7a, 0x10, 0x84, 0x7a, 0x15, 0x84, 0x7a, 0x22, 0x84,
    0x7a, 0x30, 0x84, 0x7a, 0x3d, 0x84, 0x7a, 0x4a, 0x84, 0x7a, 0x56, 0x84, 0x7a, 0x63, 0x84, 0x7a,
    0x70, 0x84, 0x7a, 0x7c, 0x84, 0x7a, 0x95, 0x84, 0x7a, 0xe5, 0x84, 0x7a, 0xc6, 0x84, 0x7a, 0xaa,
    0x84, 0x7a, 0xb2, 0x84, 0x7a, 0xba, 0x84, 0x7a, 0xbc, 0x84, 0x7a, 0xca, 0x84, 0x7a, 0xca, 0x84,
    0x7a, 0xd2, 0x84, 0x7a, 0xdc, 0x84, 0x7a, 0xdb, 0x84, 0x7a, 0xe1, 0x84, 0x7a, 0xe5, 0x84, 0x7a,
    0xe5, 0x84, 0x7a, 0xe6, 0x84, 0x7a, 0xe4, 0x84, 0x7a, 0xd9, 0x84, 0x7a, 0x1e, 0x84, 0x7a, 0x35,
    0x84, 0x7a, 0x87, 0x84, 0x7a, 0xd3, 0x84, 0x7a, 0xe3, 0x84, 0x7a, 0xe4, 0x84, 0x7a, 0xc6, 0x84,
    0x7a, 0xb5, 0x84, 0x7a, 0xe5, 0x84, 0x7a, 0x1c, 0x84, 0x7a, 0x61, 0x84, 0x7a, 0xe5, 0xc4, 0x8a,
    0x00, 0x84, 0x7a, 0x83, 0x84, 0x7a, 0xe4, 0x84, 0x7a, 0xe2, 0x84, 0x7a, 0xe6, 0x84, 0x7a, 0xe6,
    0x84, 0x7a, 0xe6, 0x84, 0x7a, 0xe6, 0x84, 0x7a, 0xe6, 0x84, 0x7a, 0xe6, 0x84, 0x7a, 0xe5, 0x84,
    0x7a, 0xe5, 0x84, 0x7a, 0xe5, 0x84, 0x7a, 0xe5, 0x84, 0x7a, 0xe3, 0x84, 0x7a, 0xdb, 0x84, 0x7a,
    0xdd, 0x84, 0x7a, 0xd4, 0x84, 0x7a, 0xca, 0x84, 0x7a, 0xca, 0x84, 0x7a, 0xbe, 0x84, 0x7a, 0xba,
    0x84, 0x7a, 0xb3, 0x84, 0x7a, 0xaa, 0x84, 0x7a, 0xb7, 0x84, 0x7a, 0xe4, 0x84, 0x7a, 0xa3, 0x84,
    0x7a, 0x7c, 0x84, 0x7a, 0x72, 0x84, 0x7a, 0x66, 0x84, 0x7a, 0x57, 0x84, 0x7a, 0x4c, 0x84, 0x7a,
    0x3f, 0x84, 0x7a, 0x32, 0x84, 0x7a, 0x25, 0x84, 0x7a, 0x17, 0x84, 0x82, 0x11, 0x64, 0x7a, 0x07,
    0x84, 0x7a, 0x34, 0x84, 0x7a, 0xe2, 0x84, 0x7a, 0x83, 0xc4, 0x8a, 0x00, 0xc4, 0x8a, 0x00, 0xc4,
    0x8a, 0x00, 0xc4, 0x8a, 0x00, 0xc4, 0x8a, 0x00, 0xc4, 0x8a, 0x00, 0xc4, 0x8a, 0x00, 0x84, 0x7a,
    0x15, 0x84, 0x7a, 0x64, 0x84, 0x7a, 0xc2, 0x84, 0x7a, 0xe2, 0x84, 0x7a, 0xe2, 0x84, 0x7a, 0x71,
    0xa4, 0x82, 0x04, 0xc4, 0x8a, 0x00, 0xc4, 0x8a, 0x02, 0xc4, 0x8a, 0x00, 0xc4, 0x8a, 0x00, 0xc4,
    0x8a, 0x00, 0xc4, 0x8a, 0x00, 0xc4, 0x8a, 0x00, 0xc4, 0x8a, 0x00, 0xc4, 0x8a, 0x00, 0xc4, 0x8a,
    0x00, 0xc4, 0x8a, 0x00, 0xc4, 0x8a, 0x00, 0xc4, 0x8a, 0x00, 0xc4, 0x8a, 0x00, 0xc4, 0x8a, 0x01,
    0xc4, 0x8a, 0x01, 0x64, 0x7a, 0x07, 0x84, 0x7a, 0x90, 0x84, 0x7a, 0xe3, 0x84, 0x7a, 0xdf, 0x84,
    0x7a, 0x69, 0xc4, 0x8a, 0x05, 0xc4, 0x8a, 0x00, 0xc4, 0x8a, 0x00, 0xc4, 0x8a, 0x03, 0x84, 0x7a,
    0x0f, 0x84, 0x7a, 0x20, 0x84, 0x7a, 0x36, 0x84, 0x7a, 0x4b, 0x84, 0x7a, 0x63, 0x84, 0x7a, 0x7a,
    0x84, 0x7a, 0xc2, 0x84, 0x7a, 0xe4, 0x84, 0x7a, 0xc1, 0x84, 0x7a, 0xc5, 0x84, 0x7a, 0xd9, 0x84,
    0x7a, 0xe6, 0x84, 0x7a, 0xe5, 0x84, 0x7a, 0xe4, 0x84, 0x7a, 0xe3, 0x84, 0x7a, 0xe3, 0x84, 0x7a,
    0xe2, 0x84, 0x7a, 0xe2, 0x84, 0x7a, 0xe2, 0x84, 0x7a, 0xe2, 0x84, 0x7a, 0xe4, 0x84, 0x7a, 0xe5,
    0x84, 0x7a, 0xe4, 0x84, 0x7a, 0xe4, 0x84, 0x7a, 0xe4, 0x84, 0x7a, 0xe5, 0x84, 0x7a, 0xe6, 0x84,
    0x7a, 0xe4, 0x84, 0x7a, 0xdf, 0x84, 0x7a, 0xdd, 0x84, 0x7a, 0xd4, 0x84, 0x7a, 0xca, 0x84, 0x7a,
    0xcb, 0x84, 0x7a, 0xc6, 0x84, 0x7a, 0xb2, 0x84, 0x7a, 0xd4, 0x84, 0x7a, 0xe3, 0x84, 0x7a, 0x76,
    0xc4, 0x8a, 0x00, 0xc4, 0x8a, 0x00, 0xc4, 0x8a, 0x00, 0x84, 0x7a, 0x08, 0x84, 0x7a, 0x3f, 0x84,
    0x7a, 0x80, 0x84, 0x7a, 0xd7, 0x84, 0x7a, 0xe5, 0x84, 0x7a, 0xe5, 0x84, 0x7a, 0xd3, 0x84, 0x7a,
    0xc9, 0x84, 0x7a, 0xde, 0x84, 0x7a, 0x1f, 0x84, 0x7a, 0x85, 0x84, 0x7a, 0xe4, 0x84, 0x7a, 0xe2,
    0x84, 0x7a, 0xe6, 0x84, 0x7a, 0xe6, 0x84, 0x7a, 0xe6, 0x84, 0x7a, 0xe5, 0x84, 0x7a, 0xe6, 0x84,
    0x7a, 0xd9, 0x84, 0x7a, 0xb6, 0x84, 0x7a, 0xb8, 0x84, 0x7a, 0xb8, 0x84, 0x7a, 0xc4, 0x84, 0x7a,
    0xcb, 0x84, 0x7a, 0xca, 0x84, 0x7a, 0xd0, 0x84, 0x7a, 0xdd, 0x84, 0x7a, 0xdf, 0x84, 0x7a, 0xe3,
    0x84, 0x7a, 0xe6, 0x84, 0x7a, 0xe5, 0x84, 0x7a, 0xe4, 0x84, 0x7a, 0xe4, 0x84, 0x7a, 0xe4, 0x84,
    0x7a, 0xe6, 0x84, 0x7a, 0xe4, 0x84, 0x7a, 0xe2, 0x84, 0x7a, 0xe2, 0x84, 0x7a, 0xe2, 0x84, 0x7a,
    0xe2, 0x84, 0x7a, 0xe3, 0x84, 0x7a, 0xe3, 0x84, 0x7a, 0xe4, 0x84, 0x7a, 0xe5, 0x84, 0x7a, 0xe6,
    0x84, 0x7a, 0xda, 0x84, 0x7a, 0xc9, 0x84, 0x7a, 0xba, 0x84, 0x7a, 0xe4, 0x84, 0x7a, 0xd7, 0x84,
    0x7a, 0x7e, 0x84, 0x7a, 0x66, 0x84, 0x7a, 0x4e, 0x84, 0x7a, 0x39, 0x84, 0x7a, 0x23, 0x84, 0x7a,
    0x10, 0xa4, 0x82, 0x04, 0xc4, 0x8a, 0x00, 0xc4, 0x8a, 0x00, 0xc4, 0x8a, 0x00, 0x84, 0x7a, 0x52,
    0x84, 0x7a, 0xcd, 0x84, 0x7a, 0xe2, 0x84, 0x7a, 0xae, 0x84, 0x7a, 0x16, 0xc4, 0x8a, 0x00, 0xc4,
    0x8a, 0x02, 0xc4, 0x8a, 0x00, 0xc4, 0x8a, 0x00, 0xc4, 0x8a, 0x00, 0xc4, 0x8a, 0x00, 0xc4, 0x8a,
    0x00, 0xc4, 0x8a, 0x00, 0xc4, 0x8a, 0x00, 0xc4, 0x8a, 0x00, 0xc4, 0x8a, 0x00, 0xc4, 0x8a, 0x00,
    0xc4, 0x8a, 0x00, 0xc4, 0x8a, 0x02, 0xc4, 0x8a, 0x03, 0x84, 0x7a, 0x9b, 0x84, 0x7a, 0xe3, 0x84,
    0x7a, 0xa9, 0x84, 0x7a, 0x30, 0x84, 0x7a, 0x23, 0x84, 0x7a, 0x4e, 0x84, 0x7a, 0x7d, 0x84, 0x7a,
    0x9e, 0x84, 0x7a, 0xbb, 0x84, 0x7a, 0xd9, 0x84, 0x7a, 0xe6, 0x84, 0x7a, 0xe4, 0x84, 0x7a, 0xe2,
    0x84, 0x7a, 0xe2, 0x84, 0x7a, 0xe2, 0x84, 0x7a, 0xe5, 0x84, 0x7a, 0xe6, 0x84, 0x7a, 0xe5, 0x84,
    0x7a, 0xe6, 0x84, 0x7a, 0xd5, 0x84, 0x7a, 0xc5, 0x84, 0x7a, 0xb8, 0x84, 0x7a, 0xa9, 0x84, 0x7a,
    0x9c, 0x84, 0x7a, 0x8d, 0x84, 0x7a, 0x7c, 0x84, 0x7a, 0x71, 0x84, 0x7a, 0x66, 0x84, 0x7a, 0x53,
    0x84, 0x7a, 0xa5, 0x84, 0x7a, 0xe3, 0x84, 0x7a, 0x4b, 0x84, 0x7a, 0x2f, 0x84, 0x7a, 0x2d, 0x84,
    0x7a, 0x22, 0x84, 0x7a, 0x1b, 0x84, 0x7a, 0x19, 0x84, 0x7a, 0x0c, 0x84, 0x7a, 0x0c, 0x84, 0x7a,
    0x0a, 0xa4, 0x82, 0x04, 0xa4, 0x82, 0x08, 0xa4, 0x82, 0x04, 0x84, 0x7a, 0x16, 0x84, 0x7a, 0xce,
    0x84, 0x7a, 0xca, 0x84, 0x7a, 0x0b, 0xc4, 0x8a, 0x04, 0xc4, 0x8a, 0x04, 0xc4, 0x8a, 0x04, 0xc4,
    0x8a, 0x00, 0x84, 0x7a, 0x08, 0x84, 0x7a, 0x49, 0x84, 0x7a, 0x0f, 0x84, 0x7a, 0xc9, 0x84, 0x7a,
    0xe5, 0x84, 0x7a, 0xe5, 0x84, 0x7a, 0xe5, 0x84, 0x7a, 0xe6, 0x84, 0x7a, 0xdf, 0x84, 0x7a, 0xda,
    0x84, 0x7a, 0xe6, 0x84, 0x7a, 0xe5, 0x84, 0x7a, 0xe6, 0x84, 0x7a, 0xe6, 0x84, 0x7a, 0xe6, 0x84,
    0x7a, 0xe3, 0x84, 0x7a, 0xe4, 0x84, 0x7a, 0xa5, 0xc4, 0x8a, 0x00, 0xc4, 0x8a, 0x01, 0xc4, 0x8a,
    0x00, 0xc4, 0x8a, 0x04, 0xa4, 0x82, 0x06, 0xa4, 0x82, 0x04, 0x84, 0x7a, 0x08, 0x84, 0x7a, 0x0c,
    0x84, 0x7a, 0x0c, 0x84, 0x7a, 0x17, 0x84, 0x7a, 0x1c, 0x84, 0x7a, 0x20, 0x84, 0x7a, 0x2c, 0x84,
    0x7a, 0x2e, 0x84, 0x7a, 0x3d, 0x84, 0x7a, 0xcb, 0x84, 0x7a, 0xc5, 0x84, 0x7a, 0x53, 0x84, 0x7a,
    0x62, 0x84, 0x7a, 0x70, 0x84, 0x7a, 0x7a, 0x84, 0x7a, 0x8b, 0x84, 0x7a, 0x9c, 0x84, 0x7a, 0xa8,
    0x84, 0x7a, 0xb6, 0x84, 0x7a, 0xc3, 0x84, 0x7a, 0xd3, 0x84, 0x7a, 0xe4, 0x84, 0x7a, 0xe5, 0x84,
    0x7a, 0xe6, 0x84, 0x7a, 0xe6, 0x84, 0x7a, 0xe3, 0x84, 0x7a, 0xe2, 0x84, 0x7a, 0xe2, 0x84, 0x7a,
    0xe3, 0x84, 0x7a, 0xe5, 0x84, 0x7a, 0xdb, 0x84, 0x7a, 0xc0, 0x84, 0x7a, 0xa1, 0x84, 0x7a, 0x84,
    0x84, 0x7a, 0x54, 0x84, 0x7a, 0x26, 0x84, 0x7a, 0x21, 0x84, 0x7a, 0x93, 0x84, 0x7a, 0xe4, 0x84,
    0x7a, 0xbf, 0x84, 0x7a, 0x13, 0xc4, 0x8a, 0x02, 0xc4, 0x8a, 0x02, 0xc4, 0x8a, 0x00, 0xc4, 0x8a,
    0x00, 0xc4, 0x8a, 0x00, 0xc4, 0x8a, 0x00, 0xc4, 0x8a, 0x00, 0xc4, 0x8a, 0x00, 0xc4, 0x8a, 0x00,
    0xc4, 0x8a, 0x00, 0xc4, 0x8a, 0x00, 0xc4, 0x8a, 0x03, 0xc4, 0x8a, 0x00, 0x84, 0x7a, 0x65, 0x84,
    0x7a, 0xe3, 0x84, 0x7a, 0xd8, 0x84, 0x7a, 0xab, 0x84, 0x7a, 0xc9, 0x84, 0x7a, 0xe4, 0x84, 0x7a,
    0xe2, 0x84, 0x7a, 0xe2, 0x84, 0x7a, 0xe3, 0x84, 0x7a, 0xe5, 0x84, 0x7a, 0xd8, 0x84, 0x7a, 0xc0,
    0x84, 0x7a, 0xa8, 0x84, 0x7a, 0x8b, 0x84, 0x7a, 0x71, 0x84, 0x7a, 0x6c, 0x84, 0x7a, 0xe3, 0x84,
    0x7a, 0xa5, 0x84, 0x7a, 0x23, 0x84, 0x7a, 0x16, 0x84, 0x7a, 0x0c, 0x44, 0x72, 0x05, 0xc4, 0x8a,
    0x00, 0xc4, 0x8a, 0x00, 0xc4, 0x8a, 0x00, 0xc4, 0x8a, 0x00, 0xc4, 0x8a, 0x00, 0xc4, 0x8a, 0x00,
    0xc4, 0x8a, 0x00, 0xc4, 0x8a, 0x00, 0x84, 0x7a, 0x9a, 0x84, 0x7a, 0xd4, 0xc4, 0x8a, 0x00, 0xc4,
    0x8a, 0x00, 0xc4, 0x8a, 0x00, 0xc4, 0x8a, 0x00, 0xc4, 0x8a, 0x00, 0xc4, 0x8a, 0x00, 0xc4, 0x8a,
    0x00, 0xc4, 0x8a, 0x00, 0xc4, 0x8a, 0x00, 0xc4, 0x8a, 0x00, 0xc4, 0x8a, 0x01, 0xc4, 0x8a, 0x00,
    0x84, 0x7a, 0x4b, 0x84, 0x7a, 0xe3, 0x84, 0x7a, 0xc1, 0x84, 0x7a, 0x1f, 0xc4, 0x8a, 0x00, 0xc4,
    0x8a, 0x04, 0xc4, 0x8a, 0x01, 0xc4, 0x8a, 0x00, 0x84, 0x7a, 0x17, 0x84, 0x7a, 0xe2, 0x84, 0x7a,
    0xa7, 0x84, 0x7a, 0xc2, 0x84, 0x7a, 0xe3, 0x84, 0x7a, 0xe2, 0x84, 0x7a, 0xe3, 0x84, 0x7a, 0xe4,
    0x84, 0x7a, 0xe6, 0x84, 0x7a, 0xe6, 0x84, 0x7a, 0xe6, 0x84, 0x7a, 0xe6, 0x84, 0x7a, 0xe6, 0x84,
    0x7a, 0xe6, 0x84, 0x7a, 0xe6, 0x84, 0x7a, 0xe2, 0x84, 0x7a, 0xe4, 0x84, 0x7a, 0x99, 0xc4, 0x8a,
    0x00, 0xc4, 0x8a, 0x03, 0xc4, 0x8a, 0x00, 0xc4, 0x8a, 0x00, 0xc4, 0x8a, 0x00, 0xc4, 0x8a, 0x00,
    0xc4, 0x8a, 0x00, 0xc4, 0x8a, 0x00, 0xc4, 0x8a, 0x00, 0xc4, 0x8a, 0x00, 0xc4, 0x8a, 0x00, 0xc4,
    0x8a, 0x00, 0xc4, 0x8a, 0x00, 0xc4, 0x8a, 0x00, 0xc4, 0x8a, 0x00, 0x84, 0x7a, 0xa8, 0x84, 0x7a,
    0xca, 0xc4, 0x8a, 0x00, 0xc4, 0x8a, 0x00, 0xc4, 0x8a, 0x00, 0xc4, 0x8a, 0x00, 0xc4, 0x8a, 0x00,
    0xc4, 0x8a, 0x00, 0xc4, 0x8a, 0x00, 0xc4, 0x8a, 0x00, 0x43, 0x6a, 0x04, 0x84, 0x7a, 0x0b, 0x84,
    0x7a, 0x16, 0x84, 0x7a, 0x21, 0x84, 0x7a, 0x7d, 0x84, 0x7a, 0xe3, 0x84, 0x7a, 0x84, 0x84, 0x7a,
    0x6c, 0x84, 0x7a, 0x8a, 0x84, 0x7a, 0xa4, 0x84, 0x7a, 0xbc, 0x84, 0x7a, 0xd5, 0x84, 0x7a, 0xe5,
    0x84, 0x7a, 0xe3, 0x84, 0x7a, 0xe2, 0x84, 0x7a, 0xe2, 0x84, 0x7a, 0xe4, 0x84, 0x7a, 0xd1, 0x84,
    0x7a, 0xa5, 0x84, 0x7a, 0xd0, 0x84, 0x7a, 0xe3, 0x84, 0x7a, 0x93, 0xc4, 0x8a, 0x00, 0xc4, 0x8a,
    0x02, 0xc4, 0x8a, 0x00, 0xc4, 0x8a, 0x00, 0xc4, 0x8a, 0x00, 0xc4, 0x8a, 0x00, 0xc4, 0x8a, 0x00,
    0xc4, 0x8a, 0x00, 0xc4, 0x8a, 0x00, 0xc4, 0x8a, 0x00, 0xc4, 0x8a, 0x00, 0xc4, 0x8a, 0x00, 0x64,
    0x72, 0x04, 0x84, 0x7a, 0xc5, 0x84, 0x7a, 0xe3, 0x84, 0x7a, 0xe5, 0x84, 0x7a, 0xe3, 0x84, 0x7a,
    0xe6, 0x84, 0x7a, 0xba, 0x84, 0x7a, 0x8b, 0x84, 0x7a, 0x63, 0x84, 0x7a, 0x41, 0x84, 0x7a, 0x21,
    0x84, 0x7a, 0x10, 0xc4, 0x8a, 0x02, 0xc4, 0x8a, 0x00, 0xc4, 0x8a, 0x00, 0xc4, 0x8a, 0x00, 0x84,
    0x7a, 0x1d, 0x84, 0x7a, 0xe4, 0x84, 0x7a, 0x71, 0xc4, 0x8a, 0x00, 0xc4, 0x8a, 0x00, 0xc4, 0x8a,
    0x00, 0xc4, 0x8a, 0x00, 0xc4, 0x8a, 0x00, 0xc4, 0x8a, 0x02, 0xc4, 0x8a, 0x03, 0xc4, 0x8a, 0x04,
    0xc4, 0x8a, 0x04, 0xc4, 0x8a, 0x04, 0xc4, 0x8a, 0x05, 0xc4, 0x8a, 0x04, 0x84, 0x7a, 0xb9, 0x84,
    0x7a, 0xc1, 0xc4, 0x8a, 0x02, 0xc4, 0x8a, 0x03, 0xc4, 0x8a, 0x02, 0xc4, 0x8a, 0x02, 0xc4, 0x8a,
    0x02, 0xc4, 0x8a, 0x02, 0xc4, 0x8a, 0x01, 0xc4, 0x8a, 0x01, 0xc4, 0x8a, 0x01, 0xc4, 0x8a, 0x01,
    0xc4, 0x8a, 0x01, 0xc4, 0x8a, 0x03, 0xc4, 0x8a, 0x02, 0x84, 0x7a, 0x70, 0x84, 0x7a, 0xe3, 0x84,
    0x7a, 0xce, 0x84, 0x7a, 0x35, 0xc4, 0x8a, 0x00, 0x84, 0x7a, 0x03, 0x84, 0x7a, 0x6f, 0x84, 0x7a,
    0x42, 0x84, 0x7a, 0x17, 0x84, 0x7a, 0xcc, 0x84, 0x7a, 0xe5, 0x84, 0x7a, 0xe5, 0x84, 0x7a, 0xe5,
    0x84, 0x7a, 0xe5, 0x84, 0x7a, 0xe5, 0x84, 0x7a, 0xe4, 0x84, 0x7a, 0xe5, 0x84, 0x7a, 0xe6, 0x84,
    0x7a, 0xe6, 0x84, 0x7a, 0xe6, 0x84, 0x7a, 0xe6, 0x84, 0x7a, 0xe6, 0x84, 0x7a, 0xe2, 0x84, 0x7a,
    0xe4, 0x84, 0x7a, 0x94, 0xc4, 0x8a, 0x01, 0xc4, 0x8a, 0x05, 0xc4, 0x8a, 0x01, 0xc4, 0x8a, 0x01,
    0xc4, 0x8a, 0x01, 0xc4, 0x8a, 0x01, 0xc4, 0x8a, 0x01, 0xc4, 0x8a, 0x01, 0xc4, 0x8a, 0x01, 0xc4,
    0x8a, 0x02, 0xc4, 0x8a, 0x02, 0xc4, 0x8a, 0x02, 0xc4, 0x8a, 0x02, 0xc4, 0x8a, 0x06, 0xc4, 0x8a,
    0x03, 0x84, 0x7a, 0x90, 0x84, 0x7a, 0xe0, 0x84, 0x7a, 0x0a, 0xc4, 0x8a, 0x04, 0xc4, 0x8a, 0x05,
    0xc4, 0x8a, 0x04, 0xc4, 0x8a, 0x03, 0xc4, 0x8a, 0x03, 0xc4, 0x8a, 0x02, 0xc4, 0x8a, 0x00, 0xc4,
    0x8a, 0x00, 0xc4, 0x8a, 0x00, 0xc4, 0x8a, 0x00, 0xc4, 0x8a, 0x00, 0x84, 0x7a, 0x3c, 0x84, 0x7a,
    0xe3, 0x84, 0x7a, 0x51, 0xc4, 0x8a, 0x00, 0xc4, 0x8a, 0x00, 0xc4, 0x8a, 0x00, 0xc4, 0x8a, 0x00,
    0x84, 0x7a, 0x0e, 0x84, 0x7a, 0x1e, 0x84, 0x7a, 0x3d, 0x84, 0x7a, 0x5f, 0x84, 0x7a, 0x86, 0x84,
    0x7a, 0xb4, 0x84, 0x7a, 0xe0, 0x84, 0x7a, 0xe3, 0x84, 0x7a, 0xe4, 0x84, 0x7a, 0xe4, 0x84, 0x7a,
    0xe2, 0x84, 0x7a, 0x1f, 0xc4, 0x8a, 0x00, 0xc4, 0x8a, 0x02, 0xc4, 0x8a, 0x00, 0xc4, 0x8a, 0x00,
    0xc4, 0x8a, 0x00, 0xc4, 0x8a, 0x00, 0xc4, 0x8a, 0x00, 0xc4, 0x8a, 0x00, 0xc4, 0x8a, 0x00, 0xc4,
    0x8a, 0x03, 0xc4, 0x8a, 0x00, 0x84, 0x7a, 0x2a, 0x84, 0x7a, 0xe4, 0x84, 0x7a, 0xe6, 0x84, 0x7a,
    0xa1, 0x84, 0x7a, 0x3c, 0x84, 0x7a, 0x0b, 0xc4, 0x8a, 0x00, 0xc4, 0x8a, 0x00, 0xc4, 0x8a, 0x00,
    0xc4, 0x8a, 0x00, 0xc4, 0x8a, 0x00, 0xc4, 0x8a, 0x00, 0xc4, 0x8a, 0x01, 0xc4, 0x8a, 0x04, 0xc4,
    0x8a, 0x07, 0xc4, 0x8a, 0x04, 0x84, 0x7a, 0x3e, 0x84, 0x7a, 0xe3, 0x84, 0x7a, 0x6d, 0xc4, 0x8a,
    0x02, 0xc4, 0x8a, 0x05, 0xc4, 0x8a, 0x01, 0xc4, 0x8a, 0x01, 0xc4, 0x8a, 0x01, 0xc4, 0x8a, 0x00,
    0xc4, 0x8a, 0x00, 0xc4, 0x8a, 0x00, 0xc4, 0x8a, 0x00, 0xc4, 0x8a, 0x00, 0xc4, 0x8a, 0x01, 0xc4,
    0x8a, 0x00, 0x84, 0x7a, 0xbc, 0x84, 0x7a, 0xba, 0xc4, 0x8a, 0x00, 0xc4, 0x8a, 0x01, 0xc4, 0x8a,
    0x00, 0xc4, 0x8a, 0x00, 0xc4, 0x8a, 0x00, 0xc4, 0x8a, 0x00, 0xc4, 0x8a, 0x00, 0xc4, 0x8a, 0x00,
    0xc4, 0x8a, 0x00, 0xc4, 0x8a, 0x00, 0xc4, 0x8a, 0x00, 0xc4, 0x8a, 0x00, 0xc4, 0x8a, 0x01, 0xc4,
    0x8a, 0x00, 0x84, 0x7a, 0x63, 0x84, 0x7a, 0xe4, 0x84, 0x7a, 0xdf, 0x84, 0x7a, 0x4d, 0xc4, 0x8a,
    0x00, 0x84, 0x7a, 0x8f, 0x84, 0x7a, 0xe3, 0x84, 0x7a, 0x31, 0x84, 0x7a, 0x5a, 0x84, 0x7a, 0xe2,
    0x84, 0x7a, 0x84, 0x84, 0x7a, 0x36, 0x84, 0x7a, 0x35, 0x84, 0x7a, 0x92, 0x84, 0x7a, 0xe4, 0x84,
    0x7a, 0xe3, 0x84, 0x7a, 0xe6, 0x84, 0x7a, 0xe6, 0x84, 0x7a, 0xe6, 0x84, 0x7a, 0xe6, 0x84, 0x7a,
    0xe6, 0x84, 0x7a, 0xe2, 0x84, 0x7a, 0xe4, 0x84, 0x7a, 0x86, 0xc4, 0x8a, 0x03, 0xc4, 0x8a, 0x08,
    0xc4, 0x8a, 0x04, 0xc4, 0x8a, 0x02, 0xc4, 0x8a, 0x00, 0xc4, 0x8a, 0x00, 0xc4, 0x8a, 0x00, 0xc4,
    0x8a, 0x00, 0xc4, 0x8a, 0x00, 0xc4, 0x8a, 0x00, 0xc4, 0x8a, 0x00, 0xc4, 0x8a, 0x00, 0xc4, 0x8a,
    0x00, 0xc4, 0x8a, 0x03, 0xc4, 0x8a, 0x00, 0x84, 0x7a, 0x85, 0x84, 0x7a, 0xe6, 0x84, 0x7a, 0x09,
    0xc4, 0x8a, 0x00, 0xc4, 0x8a, 0x01, 0xc4, 0x8a, 0x00, 0xc4, 0x8a, 0x00, 0xc4, 0x8a, 0x00, 0xc4,
    0x8a, 0x00, 0xc4, 0x8a, 0x00, 0xc4, 0x8a, 0x01, 0xc4, 0x8a, 0x01, 0xc4, 0x8a, 0x04, 0xc4, 0x8a,
    0x02, 0x84, 0x7a, 0x3e, 0x84, 0x7a, 0xe3, 0x84, 0x7a, 0x6e, 0xc4, 0x8a, 0x04, 0xc4, 0x8a, 0x08,
    0xc4, 0x8a, 0x04, 0xc4, 0x8a, 0x02, 0xc4, 0x8a, 0x00, 0xc4, 0x8a, 0x00, 0xc4, 0x8a, 0x00, 0xc4,
    0x8a, 0x00, 0xc4, 0x8a, 0x00, 0xc4, 0x8a, 0x00, 0x84, 0x7a, 0x08, 0x84, 0x7a, 0x33, 0x84, 0x7a,
    0x94, 0x84, 0x7a, 0xe5, 0x84, 0x7a, 0xe5, 0x84, 0x7a, 0x49, 0xc4, 0x8a, 0x00, 0xc4, 0x8a, 0x03,
    0xc4, 0x8a, 0x00, 0xc4, 0x8a, 0x00, 0xc4, 0x8a, 0x00, 0xc4, 0x8a, 0x00, 0xc4, 0x8a, 0x00, 0xc4,
    0x8a, 0x00, 0xc4, 0x8a, 0x00, 0xc4, 0x8a, 0x02, 0xc4, 0x8a, 0x00, 0x84, 0x7a, 0x1c, 0x84, 0x7a,
    0xde, 0x84, 0x7a, 0xe4, 0x84, 0x7a, 0xc1, 0x84, 0x7a, 0x7f, 0x84, 0x7a, 0x4a, 0x84, 0x7a, 0x23,
    0x84, 0x7a, 0x0b, 0xc4, 0x8a, 0x00, 0xc4, 0x8a, 0x00, 0xc4, 0x8a, 0x00, 0xc4, 0x8a, 0x00, 0xc4,
    0x8a, 0x00, 0xc4, 0x8a, 0x00, 0xc4, 0x8a, 0x00, 0xc4, 0x8a, 0x01, 0x84, 0x7a, 0x37, 0x84, 0x7a,
    0xe3, 0x84, 0x7a, 0x6f, 0xc4, 0x8a, 0x04, 0xc4, 0x8a, 0x08, 0xc4, 0x8a, 0x03, 0xc4, 0x8a, 0x03,
    0xc4, 0x8a, 0x02, 0xc4, 0x8a, 0x01, 0xc4, 0x8a, 0x01, 0xc4, 0x8a, 0x01, 0xc4, 0x8a, 0x01, 0xc4,
    0x8a, 0x00, 0xc4, 0x8a, 0x01, 0xc4, 0x8a, 0x00, 0x84, 0x7a, 0xbb, 0x84, 0x7a, 0xbb, 0xc4, 0x8a,
    0x00, 0xc4, 0x8a, 0x01, 0xc4, 0x8a, 0x00, 0xc4, 0x8a, 0x00, 0xc4, 0x8a, 0x00, 0xc4, 0x8a, 0x00,
    0xc4, 0x8a, 0x00, 0xc4, 0x8a, 0x00, 0xc4, 0x8a, 0x00, 0xc4, 0x8a, 0x00, 0xc4, 0x8a, 0x00, 0xc4,
    0x8a, 0x00, 0xc4, 0x8a, 0x01, 0xc4, 0x8a, 0x04, 0xc4, 0x8a, 0x00, 0x84, 0x7a, 0x55, 0x84, 0x7a,
    0xda, 0x84, 0x7a, 0xe5, 0x84, 0x7a, 0x65, 0xc4, 0x8a, 0x00, 0x84, 0x7a, 0x7b, 0x84, 0x7a, 0xe2,
    0x84, 0x7a, 0xe4, 0x84, 0x7a, 0x9e, 0xc4, 0x8a, 0x00, 0xc4, 0x8a, 0x00, 0xc4, 0x8a, 0x00, 0x84,
    0x7a, 0x12, 0x84, 0x7a, 0xd4, 0x84, 0x7a, 0xe3, 0x84, 0x7a, 0xe4, 0x84, 0x7a, 0xe6, 0x84, 0x7a,
    0xe6, 0x84, 0x7a, 0xe6, 0x84, 0x7a, 0xe6, 0x84, 0x7a, 0xe2, 0x84, 0x7a, 0xe4, 0x84, 0x7a, 0x7b,
    0xc4, 0x8a, 0x00, 0xc4, 0x8a, 0x00, 0xc4, 0x8a, 0x00, 0xc4, 0x8a, 0x00, 0xc4, 0x8a, 0x00, 0xc4,
    0x8a, 0x00, 0xc4, 0x8a, 0x00, 0xc4, 0x8a, 0x00, 0xc4, 0x8a, 0x00, 0xc4, 0x8a, 0x00, 0xc4, 0x8a,
    0x00, 0xc4, 0x8a, 0x00, 0xc4, 0x8a, 0x00, 0xc4, 0x8a, 0x03, 0xc4, 0x8a, 0x00, 0x84, 0x7a, 0x89,
    0x84, 0x7a, 0xe4, 0x84, 0x7a, 0x09, 0xc4, 0x8a, 0x00, 0xc4, 0x8a, 0x01, 0xc4, 0x8a, 0x01, 0xc4,
    0x8a, 0x01, 0xc4, 0x8a, 0x01, 0xc4, 0x8a, 0x01, 0xc4, 0x8a, 0x02, 0xc4, 0x8a, 0x03, 0xc4, 0x8a,
    0x03, 0xc4, 0x8a, 0x07, 0xc4, 0x8a, 0x04, 0x84, 0x7a, 0x3f, 0x84, 0x7a, 0xe3, 0x84, 0x7a, 0x68,
    0xc4, 0x8a, 0x01, 0xc4, 0x8a, 0x02, 0xc4, 0x8a, 0x00, 0xc4, 0x8a, 0x00, 0xc4, 0x8a, 0x00, 0xc4,
    0x8a, 0x00, 0xc4, 0x8a, 0x00, 0xc4, 0x8a, 0x00, 0x64, 0x7a, 0x07, 0x84, 0x7a, 0x1d, 0x84, 0x7a,
    0x43, 0x84, 0x7a, 0x76, 0x84, 0x7a, 0xba, 0x84, 0x7a, 0xe5, 0x84, 0x7a, 0xe5, 0x84, 0x7a, 0x39,
    0xc4, 0x8a, 0x00, 0xc4, 0x8a, 0x03, 0xc4, 0x8a, 0x00, 0xc4, 0x8a, 0x00, 0xc4, 0x8a, 0x00, 0xc4,
    0x8a, 0x00, 0xc4, 0x8a, 0x00, 0xc4, 0x8a, 0x00, 0xc4, 0x8a, 0x00, 0xc4, 0x8a, 0x00, 0xc4, 0x8a,
    0x02, 0xc4, 0x8a, 0x00, 0x84, 0x7a, 0xa8, 0x84, 0x7a, 0xe4, 0x84, 0x7a, 0xe5, 0x84, 0x7a, 0xe3,
    0x84, 0x7a, 0xe2, 0x84, 0x7a, 0xe5, 0x84, 0x7a, 0xcb, 0x84, 0x7a, 0xa8, 0x84, 0x7a, 0x83, 0x84,
    0x7a, 0x5f, 0x84, 0x7a, 0x43, 0x84, 0x7a, 0x28, 0x84, 0x7a, 0x14, 0x84, 0x7a, 0x0b, 0xc4, 0x8a,
    0x00, 0x84, 0x7a, 0x14, 0x84, 0x7a, 0xe4, 0x84, 0x7a, 0x84, 0xc4, 0x8a, 0x00, 0xc4, 0x8a, 0x00,
    0xc4, 0x8a, 0x00, 0xc4, 0x8a, 0x00, 0xc4, 0x8a, 0x00, 0xc4, 0x8a, 0x00, 0xc4, 0x8a, 0x00, 0xc4,
    0x8a, 0x00, 0xc4, 0x8a, 0x00, 0xc4, 0x8a, 0x00, 0xc4, 0x8a, 0x03, 0xc4, 0x8a, 0x04, 0x84, 0x7a,
    0xaf, 0x84, 0x7a, 0xcb, 0xc4, 0x8a, 0x03, 0xc4, 0x8a, 0x04, 0xc4, 0x8a, 0x04, 0xc4, 0x8a, 0x04,
    0xc4, 0x8a, 0x04, 0xc4, 0x8a, 0x04, 0xc4, 0x8a, 0x04, 0xc4, 0x8a, 0x03, 0xc4, 0x8a, 0x03, 0xc4,
    0x8a, 0x03, 0xc4, 0x8a, 0x03, 0xc4, 0x8a, 0x02, 0xc4, 0x8a, 0x02, 0xc4, 0x8a, 0x03, 0xa4, 0x82,
    0x04, 0xc4, 0x8a, 0x00, 0x84, 0x7a, 0xbe, 0x84, 0x7a, 0xe5, 0x84, 0x7a, 0xe3, 0x84, 0x7a, 0x86,
    0x84, 0x7a, 0x9e, 0x84, 0x7a, 0xe4, 0x84, 0x7a, 0x94, 0x84, 0x7a, 0x0c, 0xc4, 0x8a, 0x01, 0xc4,
    0x8a, 0x04, 0xc4, 0x8a, 0x06, 0xc4, 0x8a, 0x00, 0x84, 0x7a, 0x69, 0x84, 0x7a, 0xe4, 0x84, 0x7a,
    0xe3, 0x84, 0x7a, 0xe6, 0x84, 0x7a, 0xe6, 0x84, 0x7a, 0xe6, 0x84, 0x7a, 0xe6, 0x84, 0x7a, 0xe5,
    0x84, 0x7a, 0xe6, 0x84, 0x7a, 0xc4, 0x84, 0x7a, 0x89, 0x84, 0x7a, 0x6c, 0x84, 0x7a, 0x57, 0x84,
    0x7a, 0x23, 0xc4, 0x8a, 0x03, 0xc4, 0x8a, 0x04, 0xc4, 0x8a, 0x03, 0xc4, 0x8a, 0x03, 0xc4, 0x8a,
    0x04, 0xc4, 0x8a, 0x04, 0xc4, 0x8a, 0x04, 0xc4, 0x8a, 0x04, 0xc4, 0x8a, 0x04, 0xc4, 0x8a, 0x07,
    0xc4, 0x8a, 0x04, 0x84, 0x7a, 0x9d, 0x84, 0x7a, 0xd7, 0x64, 0x72, 0x06, 0xc4, 0x8a, 0x02, 0xc4,
    0x8a, 0x02, 0xc4, 0x8a, 0x00, 0xc4, 0x8a, 0x00, 0xc4, 0x8a, 0x00, 0xc4, 0x8a, 0x00, 0xc4, 0x8a,
    0x00, 0xc4, 0x8a, 0x00, 0xc4, 0x8a, 0x00, 0xc4, 0x8a, 0x00, 0xc4, 0x8a, 0x00, 0x84, 0x7a, 0x4b,
    0x84, 0x7a, 0xe3, 0x84, 0x7a, 0x43, 0xc4, 0x8a, 0x00, 0x84, 0x7a, 0x0b, 0x84, 0x7a, 0x13, 0x84,
    0x7a, 0x25, 0x84, 0x7a, 0x40, 0x84, 0x7a, 0x5b, 0x84, 0x7a, 0x7c, 0x84, 0x7a, 0xa2, 0x84, 0x7a,
    0xc4, 0x84, 0x7a, 0xe6, 0x84, 0x7a, 0xe2, 0x84, 0x7a, 0xe3, 0x84, 0x7a, 0xe5, 0x84, 0x7a, 0xe4,
    0x84, 0x7a, 0xcb, 0x84, 0x7a, 0x0a, 0xc4, 0x8a, 0x01, 0xc4, 0x8a, 0x01, 0xc4, 0x8a, 0x00, 0xc4,
    0x8a, 0x00, 0xc4, 0x8a, 0x00, 0xc4, 0x8a, 0x00, 0xc4, 0x8a, 0x00, 0xc4, 0x8a, 0x00, 0xc4, 0x8a,
    0x00, 0xc4, 0x8a, 0x00, 0xc4, 0x8a, 0x03, 0xc4, 0x8a, 0x01, 0x84, 0x7a, 0x2e, 0x84, 0x7a, 0xe0,
    0x84, 0x7a, 0xe2, 0x84, 0x7a, 0xa6, 0x84, 0x7a, 0x85, 0x84, 0x7a, 0xc1, 0x84, 0x7a, 0xe6, 0x84,
    0x7a, 0xe3, 0x84, 0x7a, 0xe2, 0x84, 0x7a, 0xe2, 0x84, 0x7a, 0xe3, 0x84, 0x7a, 0xe5, 0x84, 0x7a,
    0xe3, 0x84, 0x7a, 0xcc, 0x84, 0x7a, 0xb5, 0x84, 0x7a, 0xa8, 0x84, 0x7a, 0xe4, 0x84, 0x7a, 0xc4,
    0x84, 0x7a, 0x60, 0x84, 0x7a, 0x4e, 0x84, 0x7a, 0x3e, 0x84, 0x7a, 0x2f, 0x84, 0x7a, 0x22, 0x84,
    0x7a, 0x14, 0x84, 0x7a, 0x0c, 0x64, 0x7a, 0x07, 0xc4, 0x8a, 0x02, 0xc4, 0x8a, 0x00, 0xc4, 0x8a,
    0x00, 0xc4, 0x8a, 0x00, 0x84, 0x7a, 0x8b, 0x84, 0x7a, 0xde, 0xc4, 0x8a, 0x00, 0xc4, 0x8a, 0x00,
    0xc4, 0x8a, 0x00, 0xc4, 0x8a, 0x00, 0xc4, 0x8a, 0x00, 0xc4, 0x8a, 0x00, 0xc4, 0x8a, 0x00, 0xc4,
    0x8a, 0x00, 0xc4, 0x8a, 0x00, 0xc4, 0x8a, 0x00, 0xc4, 0x8a, 0x00, 0xc4, 0x8a, 0x00, 0xc4, 0x8a,
    0x00, 0xc4, 0x8a, 0x00, 0xc4, 0x8a, 0x00, 0x84, 0x7a, 0x6d, 0x84, 0x7a, 0xe4, 0x84, 0x7a, 0xde,
    0x84, 0x7a, 0xba, 0x84, 0x7a, 0xe3, 0x84, 0x7a, 0xb4, 0x84, 0x7a, 0x36, 0xc4, 0x8a, 0x00, 0xc4,
    0x8a, 0x00, 0xc4, 0x8a, 0x01, 0xc4, 0x8a, 0x00, 0xc4, 0x8a, 0x01, 0xc4, 0x8a, 0x02, 0x84, 0x7a,
    0x08, 0x84, 0x7a, 0xc4, 0x84, 0x7a, 0xe4, 0x84, 0x7a, 0xe4, 0x84, 0x7a, 0xe6, 0x84, 0x7a, 0xe6,
    0x84, 0x7a, 0xe6, 0x84, 0x7a, 0xe6, 0x84, 0x7a, 0xe6, 0x84, 0x7a, 0xe4, 0x84, 0x7a, 0xe2, 0x84,
    0x7a, 0xe3, 0x84, 0x7a, 0xe3, 0x84, 0x7a, 0xa8, 0xc4, 0x8a, 0x00, 0xc4, 0x8a, 0x00, 0xc4, 0x8a,
    0x00, 0xc4, 0x8a, 0x00, 0xc4, 0x8a, 0x00, 0xc4, 0x8a, 0x00, 0xc4, 0x8a, 0x00, 0xc4, 0x8a, 0x00,
    0xc4, 0x8a, 0x00, 0xc4, 0x8a, 0x00, 0xc4, 0x8a, 0x00, 0x84, 0x7a, 0xb6, 0x84, 0x7a, 0xbd, 0xc4,
    0x8a, 0x00, 0xc4, 0x8a, 0x00, 0xc4, 0x8a, 0x00, 0xc4, 0x8a, 0x01, 0xa4, 0x82, 0x07, 0x84, 0x7a,
    0x0c, 0x84, 0x7a, 0x12, 0x84, 0x7a, 0x21, 0x84, 0x7a, 0x2f, 0x84, 0x7a, 0x3c, 0x84, 0x7a, 0x4d,
    0x84, 0x7a, 0x5b, 0x84, 0x7a, 0xab, 0x84, 0x7a, 0xe3, 0x84, 0x7a, 0xb2, 0x84, 0x7a, 0xb0, 0x84,
    0x7a, 0xca, 0x84, 0x7a, 0xdf, 0x84, 0x7a, 0xe5, 0x84, 0x7a, 0xe3, 0x84, 0x7a, 0xe2, 0x84, 0x7a,
    0xe2, 0x84, 0x7a, 0xe3, 0x84, 0x7a, 0xe5, 0x84, 0x7a, 0xca, 0x84, 0x7a, 0x8b, 0x84, 0x7a, 0x94,
    0x84, 0x7a, 0xd9, 0x84, 0x7a, 0xe4, 0x84, 0x7a, 0x51, 0xc4, 0x8a, 0x00, 0xc4, 0x8a, 0x03, 0xc4,
    0x8a, 0x00, 0xc4, 0x8a, 0x00, 0xc4, 0x8a, 0x00, 0xc4, 0x8a, 0x00, 0xc4, 0x8a, 0x00, 0xc4, 0x8a,
    0x00, 0xc4, 0x8a, 0x00, 0xc4, 0x8a, 0x00, 0xc4, 0x8a, 0x00, 0xc4, 0x8a, 0x00, 0xc4, 0x8a, 0x02,
    0xc4, 0x8a, 0x00, 0x84, 0x7a, 0x4f, 0x84, 0x7a, 0xdf, 0x84, 0x7a, 0xdd, 0x84, 0x7a, 0x71, 0x84,
    0x7a, 0x13, 0x84, 0x7a, 0x0b, 0x84, 0x7a, 0x37, 0x84, 0x7a, 0x5a, 0x84, 0x7a, 0x7c, 0x84, 0x7a,
    0x9a, 0x84, 0x7a, 0xb4, 0x84, 0x7a, 0xcb, 0x84, 0x7a, 0xe1, 0x84, 0x7a, 0xe5, 0x84, 0x7a, 0xe4,
    0x84, 0x7a, 0xe5, 0x84, 0x7a, 0xe6, 0x84, 0x7a, 0xe3, 0x84, 0x7a, 0xe2, 0x84, 0x7a, 0xe3, 0x84,
    0x7a, 0xe4, 0x84, 0x7a, 0xe5, 0x84, 0x7a, 0xe4, 0x84, 0x7a, 0xda, 0x84, 0x7a, 0xcc, 0x84, 0x7a,
    0xc0, 0x84, 0x7a, 0xb2, 0x84, 0x7a, 0xa9, 0x84, 0x7a, 0x9a, 0x84, 0x7a, 0xc0, 0x84, 0x7a, 0xe6,
    0x84, 0x7a, 0x88, 0x84, 0x7a, 0x6d, 0x84, 0x7a, 0x69, 0x84, 0x7a, 0x5a, 0x84, 0x7a, 0x59, 0x84,
    0x7a, 0x47, 0x84, 0x7a, 0x46, 0x84, 0x7a, 0x40, 0x84, 0x7a, 0x35, 0x84, 0x7a, 0x38, 0x84, 0x7a,
    0x32, 0x84, 0x7a, 0x26, 0x84, 0x7a, 0x28, 0x84, 0x7a, 0x26, 0x84, 0x7a, 0x3c, 0x84, 0x7a, 0xd9,
    0x84, 0x7a, 0xe3, 0x84, 0x7a, 0x8c, 0x84, 0x7a, 0x0d, 0x84, 0x7a, 0x3c, 0xc4, 0x8a, 0x00, 0xc4,
    0x8a, 0x00, 0xc4, 0x8a, 0x01, 0x84, 0x7a, 0x12, 0xc4, 0x8a, 0x00, 0xc4, 0x8a, 0x00, 0xc4, 0x8a,
    0x00, 0xc4, 0x8a, 0x03, 0xc4, 0x8a, 0x00, 0x84, 0x7a, 0x4d, 0x84, 0x7a, 0xe4, 0x84, 0x7a, 0xe4,
    0x84, 0x7a, 0xe6, 0x84, 0x7a, 0xe6, 0x84, 0x7a, 0xe6, 0x84, 0x7a, 0xe6, 0x84, 0x7a, 0xe6, 0x84,
    0x7a, 0x7e, 0x84, 0x7a, 0x72, 0x84, 0x7a, 0xa2, 0x84, 0x7a, 0xe2, 0x84, 0x7a, 0xcc, 0x84, 0x7a,
    0x38, 0x84, 0x7a, 0x37, 0x84, 0x7a, 0x36, 0x84, 0x7a, 0x40, 0x84, 0x7a, 0x46, 0x84, 0x7a, 0x48,
    0x84, 0x7a, 0x59, 0x84, 0x7a, 0x59, 0x84, 0x7a, 0x68, 0x84, 0x7a, 0x6e, 0x84, 0x7a, 0x7c, 0x84,
    0x7a, 0xdd, 0x84, 0x7a, 0xd0, 0x84, 0x7a, 0x9a, 0x84, 0x7a, 0xa8, 0x84, 0x7a, 0xb1, 0x84, 0x7a,
    0xbd, 0x84, 0x7a, 0xca, 0x84, 0x7a, 0xd8, 0x84, 0x7a, 0xe3, 0x84, 0x7a, 0xe5, 0x84, 0x7a, 0xe4,
    0x84, 0x7a, 0xe3, 0x84, 0x7a, 0xe2, 0x84, 0x7a, 0xe2, 0x84, 0x7a, 0xe5, 0x84, 0x7a, 0xe6, 0x84,
    0x7a, 0xe4, 0x84, 0x7a, 0xe5, 0x84, 0x7a, 0xe4, 0x84, 0x7a, 0xd0, 0x84, 0x7a, 0xb7, 0x84, 0x7a,
    0x9e, 0x84, 0x7a, 0x81, 0x84, 0x7a, 0x5f, 0x84, 0x7a, 0x3d, 0x84, 0x7a, 0x13, 0x84, 0x7a, 0x08,
    0x84, 0x7a, 0x56, 0x84, 0x7a, 0xce, 0x84, 0x7a, 0xe4, 0x84, 0x7a, 0x6a, 0xc4, 0x8a, 0x00, 0xc4,
    0x8a, 0x03, 0xc4, 0x8a, 0x00, 0xc4, 0x8a, 0x00, 0xc4, 0x8a, 0x00, 0xc4, 0x8a, 0x00, 0xc4, 0x8a,
    0x00, 0xc4, 0x8a, 0x00, 0xc4, 0x8a, 0x00, 0xc4, 0x8a, 0x00, 0xc4, 0x8a, 0x00, 0xc4, 0x8a, 0x00,
    0xc4, 0x8a, 0x00, 0xc4, 0x8a, 0x00, 0xc4, 0x8a, 0x03, 0xc4, 0x8a, 0x00, 0x84, 0x7a, 0x3b, 0x84,
    0x7a, 0xca, 0x84, 0x7a, 0xe2, 0x84, 0x7a, 0xc9, 0x84, 0x7a, 0x5c, 0xc4, 0x8a, 0x01, 0xc4, 0x8a,
    0x00, 0xc4, 0x8a, 0x00, 0xc4, 0x8a, 0x00, 0xc4, 0x8a, 0x01, 0x84, 0x7a, 0x09, 0x84, 0x7a, 0x12,
    0x84, 0x7a, 0x29, 0x84, 0x7a, 0x3a, 0x84, 0x7a, 0x8b, 0x84, 0x7a, 0xe3, 0x84, 0x7a, 0xa1, 0x84,
    0x7a, 0x84, 0x84, 0x7a, 0x9d, 0x84, 0x7a, 0xac, 0x84, 0x7a, 0xba, 0x84, 0x7a, 0xc7, 0x84, 0x7a,
    0xd3, 0x84, 0x7a, 0xe2, 0x84, 0x7a, 0xe5, 0x84, 0x7a, 0xe5, 0x84, 0x7a, 0xe4, 0x84, 0x7a, 0xe3,
    0x84, 0x7a, 0xe4, 0x84, 0x7a, 0xe6, 0x84, 0x7a, 0xe4, 0x84, 0x7a, 0xe2, 0x84, 0x7a, 0xe2, 0x84,
    0x7a, 0xe2, 0x84, 0x7a, 0xe2, 0x84, 0x7a, 0xe2, 0x84, 0x7a, 0xe2, 0x84, 0x7a, 0xe3, 0x84, 0x7a,
    0xe4, 0x84, 0x7a, 0xe3, 0x84, 0x7a, 0xe4, 0x84, 0x7a, 0xe5, 0x84, 0x7a, 0xe5, 0x84, 0x7a, 0xe5,
    0x84, 0x7a, 0xe5, 0x84, 0x7a, 0xe5, 0x84, 0x7a, 0xc9, 0x84, 0x7a, 0x13, 0xc4, 0x8a, 0x00, 0xc4,
    0x8a, 0x00, 0xc4, 0x8a, 0x02, 0xc4, 0x8a, 0x03, 0x84, 0x7a, 0x08, 0x84, 0x7a, 0xb4, 0x84, 0x7a,
    0x24, 0xc4, 0x8a, 0x00, 0xc4, 0x8a, 0x02, 0xc4, 0x8a, 0x00, 0xc4, 0x8a, 0x02, 0xc4, 0x8a, 0x01,
    0x84, 0x7a, 0xa8, 0x84, 0x7a, 0xe4, 0x84, 0x7a, 0xe3, 0x84, 0x7a, 0xe5, 0x84, 0x7a, 0xe3, 0x84,
    0x7a, 0xe6, 0x84, 0x7a, 0xe3, 0x84, 0x7a, 0x1f, 0xc4, 0x8a, 0x00, 0x84, 0x7a, 0x0e, 0x84, 0x7a,
    0xda, 0x84, 0x7a, 0xe6, 0x84, 0x7a, 0xe5, 0x84, 0x7a, 0xe4, 0x84, 0x7a, 0xe4, 0x84, 0x7a, 0xe3,
    0x84, 0x7a, 0xe2, 0x84, 0x7a, 0xe2, 0x84, 0x7a, 0xe2, 0x84, 0x7a, 0xe2, 0x84, 0x7a, 0xe2, 0x84,
    0x7a, 0xe2, 0x84, 0x7a, 0xe3, 0x84, 0x7a, 0xe6, 0x84, 0x7a, 0xe4, 0x84, 0x7a, 0xe3, 0x84, 0x7a,
    0xe4, 0x84, 0x7a, 0xe5, 0x84, 0x7a, 0xe5, 0x84, 0x7a, 0xe2, 0x84, 0x7a, 0xd5, 0x84, 0x7a, 0xc9,
    0x84, 0x7a, 0xbb, 0x84, 0x7a, 0xac, 0x84, 0x7a, 0x9e, 0x84, 0x7a, 0x89, 0x84, 0x7a, 0x8b, 0x84,
    0x7a, 0xe2, 0x84, 0x7a, 0xac, 0x84, 0x7a, 0x3d, 0x84, 0x7a, 0x2b, 0x84, 0x7a, 0x16, 0x84, 0x7a,
    0x0c, 0xc4, 0x8a, 0x02, 0xc4, 0x8a, 0x00, 0xc4, 0x8a, 0x00, 0xc4, 0x8a, 0x00, 0xc4, 0x8a, 0x00,
    0x84, 0x7a, 0x46, 0x84, 0x7a, 0xb7, 0x84, 0x7a, 0xe2, 0x84, 0x7a, 0xdd, 0x84, 0x7a, 0x55, 0xc4,
    0x8a, 0x00, 0xc4, 0x8a, 0x03, 0xc4, 0x8a, 0x00, 0xc4, 0x8a, 0x00, 0xc4, 0x8a, 0x00, 0xc4, 0x8a,
    0x00, 0xc4, 0x8a, 0x00, 0xc4, 0x8a, 0x00, 0xc4, 0x8a, 0x00, 0xc4, 0x8a, 0x00, 0xc4, 0x8a, 0x00,
    0xc4, 0x8a, 0x00, 0xc4, 0x8a, 0x00, 0xc4, 0x8a, 0x00, 0xc4, 0x8a, 0x00, 0xc4, 0x8a, 0x00, 0xc4,
    0x8a, 0x03, 0xc4, 0x8a, 0x00, 0x64, 0x7a, 0x0f, 0x84, 0x7a, 0x7d, 0x84, 0x7a, 0xe4, 0x64, 0x7a,
    0xe2, 0x84, 0x7a, 0xce, 0x84, 0x7a, 0x74, 0x84, 0x7a, 0x24, 0xc4, 0x8a, 0x00, 0xc4, 0x8a, 0x00,
    0xc4, 0x8a, 0x00, 0xc4, 0x8a, 0x00, 0xc4, 0x8a, 0x00, 0xc4, 0x8a, 0x00, 0x84, 0x7a, 0x1b, 0x84,
    0x7a, 0xe3, 0x84, 0x7a, 0x9e, 0xc4, 0x8a, 0x00, 0xc4, 0x8a, 0x00, 0xc4, 0x8a, 0x00, 0xc4, 0x8a,
    0x00, 0x64, 0x72, 0x06, 0x84, 0x7a, 0x0c, 0x84, 0x7a, 0x13, 0x84, 0x7a, 0x1a, 0x84, 0x7a, 0x26,
    0x84, 0x7a, 0x33, 0x84, 0x7a, 0x3a, 0x84, 0x7a, 0x55, 0x84, 0x7a, 0xe5, 0x84, 0x7a, 0xb3, 0x84,
    0x7a, 0x5e, 0x84, 0x7a, 0x73, 0x84, 0x7a, 0x73, 0x84, 0x7a, 0x83, 0x84, 0x7a, 0x85, 0x84, 0x7a,
    0x8d, 0x84, 0x7a, 0x9b, 0x84, 0x7a, 0x9a, 0x84, 0x7a, 0xa3, 0x84, 0x7a, 0xb0, 0x84, 0x7a, 0xb1,
    0x84, 0x7a, 0xb1, 0x84, 0x7a, 0xba, 0x84, 0x7a, 0xd9, 0x84, 0x7a, 0xe3, 0x84, 0x7a, 0x67, 0xc4,
    0x8a, 0x00, 0xc4, 0x8a, 0x05, 0xa4, 0x82, 0x04, 0xa4, 0x82, 0x07, 0xc4, 0x8a, 0x00, 0x84, 0x7a,
    0x62, 0x84, 0x7a, 0xe2, 0x84, 0x7a, 0x8b, 0xc4, 0x8a, 0x00, 0xc4, 0x8a, 0x06, 0xc4, 0x8a, 0x04,
    0xc4, 0x8a, 0x04, 0xc4, 0x8a, 0x00, 0x84, 0x7a, 0x61, 0x84, 0x7a, 0xe4, 0x84, 0x7a, 0xe0, 0x84,
    0x7a, 0xe6, 0x84, 0x7a, 0xe5, 0x84, 0x7a, 0xe6, 0x84, 0x7a, 0xda, 0x84, 0x7a, 0x19, 0xc4, 0x8a,
    0x04, 0xc4, 0x8a, 0x02, 0x84, 0x7a, 0xb1, 0x84, 0x7a, 0xe3, 0x84, 0x7a, 0xc7, 0x84, 0x7a, 0xa3,
    0x84, 0x7a, 0x9b, 0x84, 0x7a, 0x9c, 0x84, 0x7a, 0x8b, 0x84, 0x7a, 0x85, 0x84, 0x7a, 0x81, 0x84,
    0x7a, 0x72, 0x84, 0x7a, 0x74, 0x84, 0x7a, 0x5f, 0x84, 0x7a, 0x95, 0x84, 0x7a, 0xe4, 0x84, 0x7a,
    0x6d, 0x84, 0x7a, 0x3a, 0x84, 0x7a, 0x36, 0x84, 0x7a, 0x28, 0x84, 0x7a, 0x1b, 0x84, 0x7a, 0x13,
    0x84, 0x7a, 0x0d, 0x64, 0x7a, 0x07, 0xc4, 0x8a, 0x00, 0xc4, 0x8a, 0x00, 0xc4, 0x8a, 0x00, 0xc4,
    0x8a, 0x00, 0x84, 0x7a, 0x65, 0x84, 0x7a, 0xe2, 0x84, 0x7a, 0x48, 0xc4, 0x8a, 0x00, 0xc4, 0x8a,
    0x00, 0xc4, 0x8a, 0x00, 0xc4, 0x8a, 0x00, 0xc4, 0x8a, 0x00, 0xc4, 0x8a, 0x00, 0x84, 0x7a, 0x1b,
    0x84, 0x7a, 0x64, 0x84, 0x7a, 0xbe, 0x84, 0x7a, 0xe3, 0x84, 0x7a, 0xe4, 0x84, 0x7a, 0x93, 0x84,
    0x7a, 0x1f, 0xc4, 0x8a, 0x00, 0xc4, 0x8a, 0x03, 0xc4, 0x8a, 0x00, 0xc4, 0x8a, 0x00, 0xc4, 0x8a,
    0x00, 0xc4, 0x8a, 0x00, 0xc4, 0x8a, 0x00, 0xc4, 0x8a, 0x00, 0xc4, 0x8a, 0x00, 0xc4, 0x8a, 0x00,
    0xc4, 0x8a, 0x00, 0xc4, 0x8a, 0x00, 0xc4, 0x8a, 0x00, 0xc4, 0x8a, 0x00, 0xc4, 0x8a, 0x00, 0xc4,
    0x8a, 0x00, 0xc4, 0x8a, 0x00, 0xc4, 0x8a, 0x00, 0xc4, 0x8a, 0x03, 0xc4, 0x8a, 0x00, 0xc4, 0x8a,
    0x00, 0x84, 0x7a, 0x24, 0x84, 0x7a, 0x84, 0x84, 0x7a, 0xdb, 0x84, 0x7a, 0xe2, 0x84, 0x7a, 0xe5,
    0x84, 0x7a, 0xa8, 0x84, 0x7a, 0x5a, 0x84, 0x7a, 0x1d, 0xc4, 0x8a, 0x00, 0xc4, 0x8a, 0x00, 0xc4,
    0x8a, 0x00, 0xc4, 0x8a, 0x00, 0x84, 0x7a, 0xa2, 0x84, 0x7a, 0xe3, 0x84, 0x7a, 0x37, 0xc4, 0x8a,
    0x03, 0xc4, 0x8a, 0x06, 0xc4, 0x8a, 0x00, 0xc4, 0x8a, 0x00, 0xc4, 0x8a, 0x00, 0xc4, 0x8a, 0x00,
    0xc4, 0x8a, 0x00, 0xc4, 0x8a, 0x00, 0xc4, 0x8a, 0x00, 0xc4, 0x8a, 0x00, 0xc4, 0x8a, 0x00, 0x84,
    0x7a, 0xb7, 0x84, 0x7a, 0xc8, 0xc4, 0x8a, 0x00, 0xc4, 0x8a, 0x00, 0xc4, 0x8a, 0x00, 0xc4, 0x8a,
    0x00, 0xc4, 0x8a, 0x00, 0xc4, 0x8a, 0x00, 0xc4, 0x8a, 0x00, 0xc4, 0x8a, 0x00, 0xc4, 0x8a, 0x00,
    0xc4, 0x8a, 0x00, 0xc4, 0x8a, 0x00, 0xc4, 0x8a, 0x00, 0xc4, 0x8a, 0x00, 0x84, 0x7a, 0x97, 0x84,
    0x7a, 0xe2, 0x84, 0x7a, 0x7c, 0xc4, 0x8a, 0x01, 0xc4, 0x8a, 0x04, 0xc4, 0x8a, 0x00, 0xc4, 0x8a,
    0x00, 0xc4, 0x8a, 0x03, 0x84, 0x7a, 0xce, 0x84, 0x7a, 0xe3, 0x84, 0x7a, 0xe2, 0x84, 0x7a, 0x1c,
    0xc4, 0x8a, 0x00, 0xc4, 0x8a, 0x00, 0xc4, 0x8a, 0x04, 0xc4, 0x8a, 0x00, 0x84, 0x7a, 0x8e, 0x84,
    0x7a, 0xe4, 0x84, 0x7a, 0xe5, 0x84, 0x7a, 0xd7, 0x84, 0x7a, 0x98, 0x84, 0x7a, 0xe5, 0x84, 0x7a,
    0xcf, 0x84, 0x7a, 0x08, 0xc4, 0x8a, 0x00, 0x43, 0x6a, 0x04, 0x84, 0x7a, 0xbc, 0x84, 0x7a, 0xe4,
    0x84, 0x7a, 0x3f, 0xc4, 0x8a, 0x00, 0xc4, 0x8a, 0x00, 0xc4, 0x8a, 0x00, 0xc4, 0x8a, 0x00, 0xc4,
    0x8a, 0x00, 0xc4, 0x8a, 0x00, 0xc4, 0x8a, 0x00, 0xc4, 0x8a, 0x00, 0xc4, 0x8a, 0x00, 0x84, 0x7a,
    0x99, 0x84, 0x7a, 0xdc, 0xc4, 0x8a, 0x01, 0xc4, 0x8a, 0x00, 0xc4, 0x8a, 0x00, 0xc4, 0x8a, 0x00,
    0xc4, 0x8a, 0x00, 0xc4, 0x8a, 0x00, 0xc4, 0x8a, 0x00, 0xc4, 0x8a, 0x00, 0xc4, 0x8a, 0x00, 0xc4,
    0x8a, 0x04, 0xa4, 0x82, 0x04, 0x84, 0x7a, 0x13, 0x84, 0x7a, 0xd8, 0x84, 0x7a, 0xcf, 0x64, 0x72,
    0x06, 0xc4, 0x8a, 0x00, 0xc4, 0x8a, 0x00, 0xc4, 0x8a, 0x00, 0x84, 0x7a, 0x15, 0x84, 0x7a, 0x51,
    0x84, 0x7a, 0x9c, 0x84, 0x7a, 0xdf, 0x84, 0x7a, 0xe2, 0x84, 0x7a, 0xe5, 0x84, 0x7a, 0x94, 0x84,
    0x7a, 0x32, 0xc4, 0x8a, 0x00, 0xc4, 0x8a, 0x00, 0xc4, 0x8a, 0x03, 0xc4, 0x8a, 0x00, 0xc4, 0x8a,
    0x00, 0xc4, 0x8a, 0x00, 0xc4, 0x8a, 0x00, 0xc4, 0x8a, 0x00, 0xc4, 0x8a, 0x00, 0xc4, 0x8a, 0x00,
    0xc4, 0x8a, 0x00, 0xc4, 0x8a, 0x00, 0xc4, 0x8a, 0x00, 0xc4, 0x8a, 0x00, 0xc4, 0x8a, 0x00, 0xc4,
    0x8a, 0x00, 0xc4, 0x8a, 0x00, 0xc4, 0x8a, 0x00, 0xc4, 0x8a, 0x00, 0xc4, 0x8a, 0x00, 0xc4, 0x8a,
    0x00, 0xc4, 0x8a, 0x01, 0xc4, 0x8a, 0x03, 0xc4, 0x8a, 0x00, 0xc4, 0x8a, 0x00, 0x84, 0x7a, 0x14,
    0x84, 0x7a, 0x5f, 0x84, 0x7a, 0xb3, 0x84, 0x7a, 0xe4, 0x84, 0x7a, 0xe2, 0x84, 0x7a, 0xe5, 0x84,
    0x7a, 0xb1, 0x84, 0x7a, 0x70, 0x84, 0x7a, 0x39, 0x84, 0x7a, 0x0c, 0x84, 0x7a, 0x22, 0x84, 0x7a,
    0xdb, 0x84, 0x7a, 0xb1, 0xc4, 0x8a, 0x00, 0xc4, 0x8a, 0x01, 0xc4, 0x8a, 0x04, 0xa4, 0x82, 0x04,
    0xa4, 0x82, 0x04, 0xc4, 0x8a, 0x04, 0xc4, 0x8a, 0x03, 0xc4, 0x8a, 0x03, 0xc4, 0x8a, 0x03, 0xc4,
    0x8a, 0x07, 0xc4, 0x8a, 0x03, 0x84, 0x7a, 0x63, 0x84, 0x7a, 0xe3, 0x84, 0x7a, 0x3a, 0xa4, 0x82,
    0x04, 0xc4, 0x8a, 0x07, 0xc4, 0x8a, 0x03, 0xc4, 0x8a, 0x03, 0xc4, 0x8a, 0x03, 0xc4, 0x8a, 0x03,
    0xc4, 0x8a, 0x03, 0xc4, 0x8a, 0x02, 0xc4, 0x8a, 0x02, 0xc4, 0x8a, 0x02, 0xc4, 0x8a, 0x06, 0xc4,
    0x8a, 0x00, 0x84, 0x7a, 0x6f, 0x84, 0x7a, 0xe2, 0x84, 0x7a, 0xa8, 0xc4, 0x8a, 0x00, 0xc4, 0x8a,
    0x00, 0x84, 0x7a, 0x47, 0x84, 0x7a, 0x6e, 0x84, 0x7a, 0x1f, 0x84, 0x7a, 0xb3, 0x84, 0x7a, 0xe4,
    0x84, 0x7a, 0xd0, 0x84, 0x7a, 0x1e, 0x84, 0x7a, 0x3e, 0x84, 0x7a, 0x5b, 0xc4, 0x8a, 0x00, 0xc4,
    0x8a, 0x02, 0x84, 0x7a, 0xb9, 0x84, 0x7a, 0xe4, 0x84, 0x7a, 0xbe, 0x84, 0x7a, 0x25, 0x84, 0x7a,
    0x46, 0x84, 0x7a, 0xe3, 0x84, 0x7a, 0xb9, 0xc4, 0x8a, 0x03, 0xc4, 0x8a, 0x01, 0x84, 0x7a, 0x3f,
    0x84, 0x7a, 0xe4, 0x84, 0x7a, 0xc6, 0x84, 0x7a, 0x09, 0xc4, 0x8a, 0x03, 0xc4, 0x8a, 0x03, 0xc4,
    0x8a, 0x03, 0xc4, 0x8a, 0x03, 0xc4, 0x8a, 0x03, 0xc4, 0x8a, 0x03, 0xc4, 0x8a, 0x05, 0x84, 0x7a,
    0x03, 0x84, 0x7a, 0x19, 0x84, 0x7a, 0xe2, 0x84, 0x7a, 0x97, 0xc4, 0x8a, 0x01, 0xc4, 0x8a, 0x06,
    0xc4, 0x8a, 0x03, 0xc4, 0x8a, 0x03, 0xc4, 0x8a, 0x03, 0xc4, 0x8a, 0x03, 0xa4, 0x82, 0x04, 0xa4,
    0x82, 0x04, 0xc4, 0x8a, 0x04, 0xc4, 0x8a, 0x03, 0xc4, 0x8a, 0x00, 0x84, 0x7a, 0x81, 0x84, 0x7a,
    0xe3, 0x84, 0x7a, 0x4f, 0x44, 0x72, 0x05, 0x84, 0x7a, 0x2e, 0x84, 0x7a, 0x64, 0x84, 0x7a, 0xa5,
    0x84, 0x7a, 0xdf, 0x84, 0x7a, 0xe2, 0x84, 0x7a, 0xe3, 0x84, 0x7a, 0xc2, 0x84, 0x7a, 0x71, 0x84,
    0x7a, 0x20, 0xc4, 0x8a, 0x00, 0xc4, 0x8a, 0x00, 0xc4, 0x8a, 0x03, 0xc4, 0x8a, 0x02, 0xc4, 0x8a,
    0x00, 0xc4, 0x8a, 0x00, 0xc4, 0x8a, 0x00, 0xc4, 0x8a, 0x00, 0xc4, 0x8a, 0x00, 0xc4, 0x8a, 0x00,
    0xc4, 0x8a, 0x00, 0xc4, 0x8a, 0x00, 0xc4, 0x8a, 0x00, 0xc4, 0x8a, 0x00, 0xc4, 0x8a, 0x00, 0xc4,
    0x8a, 0x00, 0xc4, 0x8a, 0x00, 0xc4, 0x8a, 0x00, 0xc4, 0x8a, 0x00, 0xc4, 0x8a, 0x00, 0xc4, 0x8a,
    0x00, 0xc4, 0x8a, 0x00, 0xc4, 0x8a, 0x00, 0xc4, 0x8a, 0x00, 0xc4, 0x8a, 0x00, 0xc4, 0x8a, 0x02,
    0xc4, 0x8a, 0x03, 0xc4, 0x8a, 0x00, 0xc4, 0x8a, 0x00, 0xc4, 0x8a, 0x00, 0x84, 0x7a, 0x27, 0x84,
    0x7a, 0x6c, 0x84, 0x7a, 0xb3, 0x84, 0x7a, 0xe5, 0x84, 0x7a, 0xe2, 0x84, 0x7a, 0xe3, 0x84, 0x7a,
    0xd5, 0x84, 0x7a, 0xa2, 0x84, 0x7a, 0xcb, 0x84, 0x7a, 0xe4, 0x84, 0x7a, 0x6b, 0x84, 0x7a, 0x03,
    0xc4, 0x8a, 0x00, 0xc4, 0x8a, 0x00, 0xc4, 0x8a, 0x00, 0xc4, 0x8a, 0x00, 0xc4, 0x8a, 0x00, 0xc4,
    0x8a, 0x00, 0xc4, 0x8a, 0x03, 0xc4, 0x8a, 0x05, 0xc4, 0x8a, 0x04, 0x84, 0x7a, 0x19, 0x84, 0x7a,
    0xe2, 0x84, 0x7a, 0x9d, 0xc4, 0x8a, 0x00, 0xc4, 0x8a, 0x03, 0xc4, 0x8a, 0x00, 0xc4, 0x8a, 0x00,
    0xc4, 0x8a, 0x00, 0xc4, 0x8a, 0x00, 0xc4, 0x8a, 0x00, 0xc4, 0x8a, 0x00, 0xc4, 0x8a, 0x00, 0xc4,
    0x8a, 0x00, 0xc4, 0x8a, 0x03, 0xc4, 0x8a, 0x00, 0x84, 0x7a, 0x49, 0x84, 0x7a, 0xe4, 0x84, 0x7a,
    0xcc, 0x84, 0x7a, 0x08, 0x64, 0x7a, 0x07, 0x84, 0x7a, 0xca, 0x84, 0x7a, 0xe2, 0x84, 0x7a, 0xc6,
    0x84, 0x7a, 0x8d, 0x84, 0x7a, 0xe3, 0x84, 0x7a, 0xac, 0x84, 0x7a, 0xaf, 0x84, 0x7a, 0xe4, 0x84,
    0x7a, 0xe4, 0x84, 0x7a, 0x2f, 0x84, 0x7a, 0x0a, 0x84, 0x7a, 0xdf, 0x84, 0x7a, 0xdb, 0x84, 0x7a,
    0x1d, 0xc4, 0x8a, 0x00, 0x84, 0x7a, 0x67, 0x84, 0x7a, 0xe3, 0x84, 0x7a, 0xa5, 0xc4, 0x8a, 0x00,
    0xc4, 0x8a, 0x00, 0x84, 0x7a, 0x98, 0x84, 0x7a, 0xe2, 0x84, 0x7a, 0x6e, 0xc4, 0x8a, 0x00, 0xc4,
    0x8a, 0x04, 0xc4, 0x8a, 0x00, 0xc4, 0x8a, 0x00, 0xc4, 0x8a, 0x00, 0xc4, 0x8a, 0x00, 0xc4, 0x8a,
    0x00, 0xc4, 0x8a, 0x04, 0xc4, 0x8a, 0x00, 0x84, 0x7a, 0x6c, 0x84, 0x7a, 0xe3, 0x84, 0x7a, 0x3c,
    0xc4, 0x8a, 0x04, 0xc4, 0x8a, 0x07, 0xc4, 0x8a, 0x03, 0xc4, 0x8a, 0x00, 0xc4, 0x8a, 0x00, 0xc4,
    0x8a, 0x00, 0xc4, 0x8a, 0x00, 0xc4, 0x8a, 0x00, 0xc4, 0x8a, 0x00, 0xc4, 0x8a, 0x00, 0x84, 0x7a,
    0x42, 0x84, 0x7a, 0xe1, 0x84, 0x7a, 0xd9, 0x84, 0x7a, 0x9f, 0x84, 0x7a, 0xce, 0x84, 0x7a, 0xe4,
    0x84, 0x7a, 0xe2, 0x84, 0x7a, 0xe4, 0x84, 0x7a, 0xbf, 0x84, 0x7a, 0x7b, 0x84, 0x7a, 0x36, 0xc4,
    0x8a, 0x05, 0xc4, 0x8a, 0x00, 0xc4, 0x8a, 0x00, 0xc4, 0x8a, 0x03, 0xc4, 0x8a, 0x02, 0xc4, 0x8a,
    0x00, 0xc4, 0x8a, 0x00, 0xc4, 0x8a, 0x00, 0xc4, 0x8a, 0x00, 0xc4, 0x8a, 0x00, 0xc4, 0x8a, 0x00,
    0xc4, 0x8a, 0x00, 0xc4, 0x8a, 0x00, 0xc4, 0x8a, 0x00, 0xc4, 0x8a, 0x00, 0xc4, 0x8a, 0x00, 0xc4,
    0x8a, 0x00, 0xc4, 0x8a, 0x00, 0xc4, 0x8a, 0x00, 0xc4, 0x8a, 0x00, 0xc4, 0x8a, 0x00, 0xc4, 0x8a,
    0x00, 0xc4, 0x8a, 0x00, 0xc4, 0x8a, 0x00, 0xc4, 0x8a, 0x00, 0xc4, 0x8a, 0x00, 0xc4, 0x8a, 0x00,
    0xc4, 0x8a, 0x00, 0xc4, 0x8a, 0x00, 0xc4, 0x8a, 0x00, 0xc4, 0x8a, 0x01, 0xc4, 0x8a, 0x04, 0xc4,
    0x8a, 0x01, 0xc4, 0x8a, 0x00, 0xc4, 0x8a, 0x00, 0xc4, 0x8a, 0x00, 0x84, 0x7a, 0x1e, 0x84, 0x7a,
    0x51, 0x84, 0x7a, 0x8e, 0x84, 0x7a, 0xc6, 0x84, 0x7a, 0xe5, 0x84, 0x7a, 0xe4, 0x84, 0x7a, 0xe4,
    0x84, 0x7a, 0xe6, 0x84, 0x7a, 0xc0, 0x84, 0x7a, 0x9c, 0x84, 0x7a, 0x70, 0x84, 0x7a, 0x4b, 0x84,
    0x7a, 0x27, 0x84, 0x7a, 0x0d, 0xc4, 0x8a, 0x00, 0xc4, 0x8a, 0x00, 0xc4, 0x8a, 0x00, 0xc4, 0x8a,
    0x00, 0xc4, 0x8a, 0x00, 0x84, 0x7a, 0x86, 0x84, 0x7a, 0xe4, 0x84, 0x7a, 0x24, 0xc4, 0x8a, 0x00,
    0xc4, 0x8a, 0x04, 0xc4, 0x8a, 0x04, 0xc4, 0x8a, 0x04, 0xc4, 0x8a, 0x04, 0xc4, 0x8a, 0x04, 0xc4,
    0x8a, 0x04, 0xc4, 0x8a, 0x03, 0xc4, 0x8a, 0x03, 0xc4, 0x8a, 0x05, 0xc4, 0x8a, 0x02, 0x84, 0x7a,
    0x27, 0x84, 0x7a, 0xe2, 0x84, 0x7a, 0xe4, 0x84, 0x7a, 0x17, 0x84, 0x7a, 0x4f, 0x84, 0x7a, 0xe4,
    0x84, 0x7a, 0xdd, 0x84, 0x7a, 0xe6, 0x84, 0x7a, 0xc0, 0x84, 0x7a, 0xe3, 0x84, 0x7a, 0xba, 0x84,
    0x7a, 0xe6, 0x84, 0x7a, 0xe5, 0x84, 0x7a, 0xe1, 0x84, 0x7a, 0x93, 0x84, 0x7a, 0x2e, 0x84, 0x7a,
    0xe3, 0x84, 0x7a, 0xb1, 0xc4, 0x8a, 0x00, 0xc4, 0x8a, 0x02, 0x84, 0x7a, 0x70, 0x84, 0x7a, 0xe2,
    0x84, 0x7a, 0x92, 0xc4, 0x8a, 0x00, 0x84, 0x7a, 0x1c, 0x84, 0x7a, 0xdd, 0x84, 0x7a, 0xe1, 0x84,
    0x7a, 0x20, 0xc4, 0x8a, 0x03, 0xc4, 0x8a, 0x05, 0xc4, 0x8a, 0x04, 0xc4, 0x8a, 0x04, 0xc4, 0x8a,
    0x04, 0xc4, 0x8a, 0x04, 0xc4, 0x8a, 0x03, 0xc4, 0x8a, 0x00, 0x84, 0x7a, 0x08, 0x84, 0x7a, 0xd2,
    0x84, 0x7a, 0xb7, 0xc4, 0x8a, 0x00, 0xc4, 0x8a, 0x00, 0xc4, 0x8a, 0x00, 0xc4, 0x8a, 0x00, 0xc4,
    0x8a, 0x00, 0x84, 0x7a, 0x0c, 0x84, 0x7a, 0x20, 0x84, 0x7a, 0x44, 0x84, 0x7a, 0x68, 0x84, 0x7a,
    0x99, 0x84, 0x7a, 0xb8, 0x84, 0x7a, 0xe1, 0x84, 0x7a, 0xe4, 0x84, 0x7a, 0xe4, 0x84, 0x7a, 0xe4,
    0x84, 0x7a, 0xd0, 0x84, 0x7a, 0x98, 0x84, 0x7a, 0x5c, 0x84, 0x7a, 0x25, 0xc4, 0x8a, 0x00, 0xc4,
    0x8a, 0x00, 0xc4, 0x8a, 0x00, 0xc4, 0x8a, 0x00, 0xc4, 0x8a, 0x04, 0xc4, 0x8a, 0x02, 0xc4, 0x8a,
    0x00, 0xc4, 0x8a, 0x00, 0xc4, 0x8a, 0x00, 0xc4, 0x8a, 0x00, 0xc4, 0x8a, 0x00, 0xc4, 0x8a, 0x00,
    0xc4, 0x8a, 0x00, 0xc4, 0x8a, 0x00, 0xc4, 0x8a, 0x00, 0xc4, 0x8a, 0x00, 0xc4, 0x8a, 0x00, 0xc4,
    0x8a, 0x00, 0xc4, 0x8a, 0x00, 0xc4, 0x8a, 0x00, 0xc4, 0x8a, 0x00, 0xc4, 0x8a, 0x00, 0xc4, 0x8a,
    0x00, 0xc4, 0x8a, 0x00, 0xc4, 0x8a, 0x00, 0xc4, 0x8a, 0x00, 0xc4, 0x8a, 0x00, 0xc4, 0x8a, 0x00,
    0xc4, 0x8a, 0x00, 0xc4, 0x8a, 0x00, 0xc4, 0x8a, 0x00, 0xc4, 0x8a, 0x00, 0xc4, 0x8a, 0x00, 0xc4,
    0x8a, 0x00, 0xc4, 0x8a, 0x00, 0xc4, 0x8a, 0x00, 0xc4, 0x8a, 0x02, 0xc4, 0x8a, 0x04, 0xc4, 0x8a,
    0x01, 0xc4, 0x8a, 0x00, 0xc4, 0x8a, 0x00, 0xc4, 0x8a, 0x00, 0xc4, 0x8a, 0x02, 0x84, 0x7a, 0x21,
    0x84, 0x7a, 0x4d, 0x84, 0x7a, 0x85, 0x84, 0x7a, 0xe2, 0x84, 0x7a, 0xe4, 0x84, 0x7a, 0xe5, 0x84,
    0x7a, 0xe3, 0x84, 0x7a, 0xe2, 0x84, 0x7a, 0xe4, 0x84, 0x7a, 0xe0, 0x84, 0x7a, 0xc0, 0x84, 0x7a,
    0xa3, 0x84, 0x7a, 0x82, 0x84, 0x7a, 0x5f, 0x84, 0x7a, 0x43, 0x84, 0x7a, 0x4d, 0x84, 0x7a, 0xe0,
    0x84, 0x7a, 0x9c, 0xc4, 0x8a, 0x03, 0xc4, 0x8a, 0x00, 0xc4, 0x8a, 0x00, 0xc4, 0x8a, 0x00, 0xc4,
    0x8a, 0x00, 0xc4, 0x8a, 0x00, 0xc4, 0x8a, 0x00, 0xc4, 0x8a, 0x00, 0xc4, 0x8a, 0x00, 0xc4, 0x8a,
    0x00, 0xc4, 0x8a, 0x00, 0xa4, 0x82, 0x07, 0x84, 0x7a, 0xcc, 0x84, 0x7a, 0xe3, 0x84, 0x7a, 0x43,
    0x84, 0x7a, 0x1c, 0x84, 0x7a, 0xe2, 0x84, 0x7a, 0xc5, 0x84, 0x7a, 0x52, 0x84, 0x7a, 0xe5, 0x84,
    0x7a, 0xe0, 0x84, 0x7a, 0xe5, 0x84, 0x7a, 0x73, 0x84, 0x7a, 0xa8, 0x84, 0x7a, 0xe2, 0x84, 0x7a,
    0x5f, 0x84, 0x7a, 0x56, 0x84, 0x7a, 0xe1, 0x84, 0x7a, 0x7e, 0xc4, 0x8a, 0x00, 0xc4, 0x8a, 0x00,
    0x84, 0x7a, 0x7f, 0x84, 0x7a, 0xe2, 0x84, 0x7a, 0x7f, 0xc4, 0x8a, 0x00, 0x84, 0x7a, 0x6c, 0x84,
    0x7a, 0xe2, 0x84, 0x7a, 0x93, 0xc4, 0x8a, 0x00, 0xc4, 0x8a, 0x00, 0xc4, 0x8a, 0x00, 0xc4, 0x8a,
    0x00, 0xc4, 0x8a, 0x00, 0xc4, 0x8a, 0x00, 0xc4, 0x8a, 0x00, 0xc4, 0x8a, 0x00, 0xc4, 0x8a, 0x00,
    0x84, 0x7a, 0x71, 0x84, 0x7a, 0xe4, 0x84, 0x7a, 0x6d, 0x84, 0x7a, 0x3f, 0x84, 0x7a, 0x5b, 0x84,
    0x7a, 0x79, 0x84, 0x7a, 0x9c, 0x84, 0x7a, 0xb9, 0x84, 0x7a, 0xdb, 0x84, 0x7a, 0xe5, 0x84, 0x7a,
    0xe3, 0x84, 0x7a, 0xe3, 0x84, 0x7a, 0xe5, 0x84, 0x7a, 0xe5, 0x84, 0x7a, 0xe5, 0x84, 0x7a, 0x95,
    0x84, 0x7a, 0x55, 0x84, 0x7a, 0x2a, 0xc4, 0x8a, 0x06, 0xc4, 0x8a, 0x00, 0xc4, 0x8a, 0x00, 0xc4,
    0x8a, 0x00, 0xc4, 0x8a, 0x00, 0xc4, 0x8a, 0x04, 0xc4, 0x8a, 0x03, 0xc4, 0x8a, 0x01, 0xc4, 0x8a,
    0x00, 0xc4, 0x8a, 0x00, 0xc4, 0x8a, 0x00, 0xc4, 0x8a, 0x00, 0xc4, 0x8a, 0x00, 0xc4, 0x8a, 0x00,
    0xc4, 0x8a, 0x00, 0xc4, 0x8a, 0x00, 0xc4, 0x8a, 0x00, 0xc4, 0x8a, 0x00, 0xc4, 0x8a, 0x00, 0xc4,
    0x8a, 0x00, 0xc4, 0x8a, 0x00, 0xc4, 0x8a, 0x00, 0xc4, 0x8a, 0x00, 0xc4, 0x8a, 0x00, 0xc4, 0x8a,
    0x00, 0xc4, 0x8a, 0x00, 0xc4, 0x8a, 0x00, 0xc4, 0x8a, 0x00, 0xc4, 0x8a, 0x00, 0xc4, 0x8a, 0x00,
    0xc4, 0x8a, 0x00, 0xc4, 0x8a, 0x00, 0xc4, 0x8a, 0x00, 0xc4, 0x8a, 0x00, 0xc4, 0x8a, 0x00, 0xc4,
    0x8a, 0x00, 0xc4, 0x8a, 0x00, 0xc4, 0x8a, 0x00, 0xc4, 0x8a, 0x00, 0xc4, 0x8a, 0x00, 0xc4, 0x8a,
    0x00, 0xc4, 0x8a, 0x00, 0xc4, 0x8a, 0x00, 0xc4, 0x8a, 0x02, 0xc4, 0x8a, 0x03, 0xc4, 0x8a, 0x03,
    0xc4, 0x8a, 0x00, 0xc4, 0x8a, 0x00, 0xc4, 0x8a, 0x00, 0xc4, 0x8a, 0x00, 0x84, 0x7a, 0x58, 0x84,
    0x7a, 0xe3, 0x84, 0x7a, 0xd5, 0x84, 0x7a, 0x69, 0x84, 0x7a, 0x62, 0x84, 0x7a, 0x9b, 0x84, 0x7a,
    0xb8, 0x84, 0x7a, 0xd9, 0x84, 0x7a, 0xe5, 0x84, 0x7a, 0xe3, 0x84, 0x7a, 0xe2, 0x84, 0x7a, 0xe2,
    0x84, 0x7a, 0xe4, 0x84, 0x7a, 0xe5, 0x84, 0x7a, 0xe5, 0x84, 0x7a, 0xbd, 0x84, 0x7a, 0xab, 0x84,
    0x7a, 0x99, 0x84, 0x7a, 0x84, 0x84, 0x7a, 0x6e, 0x84, 0x7a, 0x5a, 0x84, 0x7a, 0x49, 0x84, 0x7a,
    0x3b, 0x84, 0x7a, 0x2f, 0x84, 0x7a, 0x24, 0x84, 0x7a, 0x1c, 0x64, 0x7a, 0x0f, 0x84, 0x7a, 0xb1,
    0x84, 0x7a, 0xe3, 0x84, 0x7a, 0x78, 0xc4, 0x8a, 0x00, 0x84, 0x7a, 0x92, 0x84, 0x7a, 0xde, 0xc4,
    0x8a, 0x00, 0x84, 0x7a, 0xa7, 0x84, 0x7a, 0xe3, 0x84, 0x7a, 0xcd, 0xc4, 0x8a, 0x00, 0x84, 0x7a,
    0x77, 0x84, 0x7a, 0xe1, 0x64, 0x72, 0x04, 0x84, 0x7a, 0x89, 0x84, 0x7a, 0xe3, 0x84, 0x7a, 0x47,
    0xc4, 0x8a, 0x00, 0xc4, 0x8a, 0x00, 0x84, 0x7a, 0x8e, 0x84, 0x7a, 0xe2, 0x84, 0x7a, 0x65, 0xc4,
    0x8a, 0x00, 0x84, 0x7a, 0xc3, 0x84, 0x7a, 0xe2, 0x84, 0x7a, 0x5e, 0x84, 0x7a, 0x2e, 0x84, 0x7a,
    0x3b, 0x84, 0x7a, 0x44, 0x84, 0x7a, 0x58, 0x84, 0x7a, 0x6b, 0x84, 0x7a, 0x80, 0x84, 0x7a, 0x94,
    0x84, 0x7a, 0xa8, 0x84, 0x7a, 0xb8, 0x84, 0x7a, 0xe4, 0x84, 0x7a, 0xe5, 0x84, 0x7a, 0xe5, 0x84,
    0x7a, 0xe3, 0x84, 0x7a, 0xe2, 0x84, 0x7a, 0xe3, 0x84, 0x7a, 0xe4, 0x84, 0x7a, 0xdf, 0x84, 0x7a,
    0xbd, 0x84, 0x7a, 0xa2, 0x84, 0x7a, 0x72, 0x84, 0x7a, 0x55, 0x84, 0x7a, 0xc0, 0x84, 0x7a, 0xe3,
    0x84, 0x7a, 0x84, 0xc4, 0x8a, 0x00, 0xc4, 0x8a, 0x00, 0xc4, 0x8a, 0x00, 0xc4, 0x8a, 0x00, 0xc4,
    0x8a, 0x03, 0xc4, 0x8a, 0x04, 0xc4, 0x8a, 0x02, 0xc4, 0x8a, 0x01, 0xc4, 0x8a, 0x00, 0xc4, 0x8a,
    0x00, 0xc4, 0x8a, 0x00, 0xc4, 0x8a, 0x00, 0xc4, 0x8a, 0x00, 0xc4, 0x8a, 0x00, 0xc4, 0x8a, 0x00,
    0xc4, 0x8a, 0x00, 0xc4, 0x8a, 0x00, 0xc4, 0x8a, 0x00, 0xc4, 0x8a, 0x00, 0xc4, 0x8a, 0x00, 0xc4,
    0x8a, 0x00, 0xc4, 0x8a, 0x00, 0xc4, 0x8a, 0x00, 0xc4, 0x8a, 0x00, 0xc4, 0x8a, 0x00, 0xc4, 0x8a,
    0x00, 0xc4, 0x8a, 0x00, 0xc4, 0x8a, 0x00, 0xc4, 0x8a, 0x00, 0xc4, 0x8a, 0x00, 0xc4, 0x8a, 0x00,
    0xc4, 0x8a, 0x00, 0xc4, 0x8a, 0x00, 0xc4, 0x8a, 0x00, 0xc4, 0x8a, 0x00, 0xc4, 0x8a, 0x00, 0xc4,
    0x8a, 0x00, 0xc4, 0x8a, 0x00, 0xc4, 0x8a, 0x00, 0xc4, 0x8a, 0x00, 0xc4, 0x8a, 0x00, 0xc4, 0x8a,
    0x00, 0xc4, 0x8a, 0x00, 0xc4, 0x8a, 0x00, 0xc4, 0x8a, 0x00, 0xc4, 0x8a, 0x00, 0xc4, 0x8a, 0x00,
    0xc4, 0x8a, 0x00, 0xc4, 0x8a, 0x00, 0xc4, 0x8a, 0x01, 0xc4, 0x8a, 0x02, 0xc4, 0x8a, 0x04, 0xc4,
    0x8a, 0x06, 0xc4, 0x8a, 0x00, 0x84, 0x7a, 0x65, 0x84, 0x7a, 0xe4, 0x84, 0x7a, 0xbc, 0x84, 0x7a,
    0x1e, 0xc4, 0x8a, 0x00, 0xc4, 0x8a, 0x00, 0x84, 0x7a, 0x0c, 0x84, 0x7a, 0x1c, 0x84, 0x7a, 0x39,
    0x84, 0x7a, 0x54, 0x84, 0x7a, 0x6f, 0x84, 0x7a, 0x8e, 0x84, 0x7a, 0xa8, 0x84, 0x7a, 0xd9, 0x84,
    0x7a, 0xe4, 0x84, 0x7a, 0xe6, 0x84, 0x7a, 0xe4, 0x84, 0x7a, 0xe3, 0x84, 0x7a, 0xe3, 0x84, 0x7a,
    0xe2, 0x84, 0x7a, 0xe2, 0x84, 0x7a, 0xe3, 0x84, 0x7a, 0xe4, 0x84, 0x7a, 0xe5, 0x84, 0x7a, 0xe5,
    0x84, 0x7a, 0xe3, 0x84, 0x7a, 0xe6, 0x84, 0x7a, 0xe3, 0x84, 0x7a, 0xa5, 0xc4, 0x8a, 0x00, 0x84,
    0x7a, 0x52, 0x84, 0x7a, 0xa9, 0xc4, 0x8a, 0x01, 0x84, 0x7a, 0x32, 0x84, 0x7a, 0xe2, 0x84, 0x7a,
    0x5c, 0xc4, 0x8a, 0x00, 0x84, 0x7a, 0x35, 0x84, 0x7a, 0xa3, 0xc4, 0x8a, 0x02, 0x84, 0x7a, 0xbf,
    0x84, 0x7a, 0xe2, 0x84, 0x7a, 0x18, 0xc4, 0x8a, 0x00, 0xc4, 0x8a, 0x00, 0x84, 0x7a, 0x9c, 0x84,
    0x7a, 0xe2, 0x84, 0x7a, 0x41, 0x84, 0x7a, 0x33, 0x84, 0x7a, 0xe4, 0x84, 0x7a, 0xe5, 0x84, 0x7a,
    0xe5, 0x84, 0x7a, 0xe4, 0x84, 0x7a, 0xe3, 0x84, 0x7a, 0xe2, 0x84, 0x7a, 0xe2, 0x84, 0x7a, 0xe3,
    0x84, 0x7a, 0xe3, 0x84, 0x7a, 0xe4, 0x84, 0x7a, 0xe5, 0x84, 0x7a, 0xe5, 0x84, 0x7a, 0xe5, 0x84,
    0x7a, 0xac, 0x84, 0x7a, 0x93, 0x84, 0x7a, 0x76, 0x84, 0x7a, 0x59, 0x84, 0x7a, 0x40, 0x84, 0x7a,
    0x22, 0x84, 0x7a, 0x0e, 0xc4, 0x8a, 0x03, 0xc4, 0x8a, 0x00, 0xa4, 0x82, 0x04, 0x84, 0x7a, 0x9c,
    0x84, 0x7a, 0xe2, 0x84, 0x7a, 0x93, 0xc4, 0x8a, 0x00, 0xc4, 0x8a, 0x04, 0xc4, 0x8a, 0x04, 0xc4,
    0x8a, 0x02, 0xc4, 0x8a, 0x01, 0xc4, 0x8a, 0x00, 0xc4, 0x8a, 0x00, 0xc4, 0x8a, 0x00, 0xc4, 0x8a,
    0x00, 0xc4, 0x8a, 0x00, 0xc4, 0x8a, 0x00, 0xc4, 0x8a, 0x00, 0xc4, 0x8a, 0x00, 0xc4, 0x8a, 0x00,
    0xc4, 0x8a, 0x00, 0xc4, 0x8a, 0x00, 0xc4, 0x8a, 0x00, 0xc4, 0x8a, 0x00, 0xc4, 0x8a, 0x00, 0xc4,
    0x8a, 0x00, 0xc4, 0x8a, 0x00, 0xc4, 0x8a, 0x00, 0xc4, 0x8a, 0x00, 0xc4, 0x8a, 0x00, 0xc4, 0x8a,
    0x00, 0xc4, 0x8a, 0x00, 0xc4, 0x8a, 0x00, 0xc4, 0x8a, 0x00, 0xc4, 0x8a, 0x00, 0xc4, 0x8a, 0x00,
    0xc4, 0x8a, 0x00, 0xc4, 0x8a, 0x00, 0xc4, 0x8a, 0x00, 0xc4, 0x8a, 0x00, 0xc4, 0x8a, 0x00, 0xc4,
    0x8a, 0x00, 0xc4, 0x8a, 0x00, 0xc4, 0x8a, 0x00, 0xc4, 0x8a, 0x00, 0xc4, 0x8a, 0x00, 0xc4, 0x8a,
    0x00, 0xc4, 0x8a, 0x00, 0xc4, 0x8a, 0x00, 0xc4, 0x8a, 0x00, 0xc4, 0x8a, 0x00, 0xc4, 0x8a, 0x00,
    0xc4, 0x8a, 0x00, 0xc4, 0x8a, 0x00, 0xc4, 0x8a, 0x00, 0xc4, 0x8a, 0x00, 0xc4, 0x8a, 0x00, 0xc4,
    0x8a, 0x00, 0xc4, 0x8a, 0x00, 0xc4, 0x8a, 0x00, 0xc4, 0x8a, 0x04, 0xc4, 0x8a, 0x00, 0x84, 0x7a,
    0x5e, 0x84, 0x7a, 0xe4, 0x84, 0x7a, 0xde, 0x84, 0x7a, 0x4f, 0xc4, 0x8a, 0x00, 0xc4, 0x8a, 0x00,
    0xc4, 0x8a, 0x00, 0xc4, 0x8a, 0x00, 0xc4, 0x8a, 0x00, 0xc4, 0x8a, 0x00, 0xc4, 0x8a, 0x00, 0xc4,
    0x8a, 0x00, 0x84, 0x7a, 0x42, 0x84, 0x7a, 0xe4, 0x84, 0x7a, 0xab, 0x84, 0x7a, 0x1c, 0x84, 0x7a,
    0x36, 0x84, 0x7a, 0x47, 0x84, 0x7a, 0x58, 0x84, 0x7a, 0x66, 0x84, 0x7a, 0x75, 0x84, 0x7a, 0x87,
    0x84, 0x7a, 0x93, 0x84, 0x7a, 0xa2, 0x84, 0x7a, 0xaf, 0x84, 0x7a, 0xc2, 0x84, 0x7a, 0xe5, 0x84,
    0x7a, 0xd9, 0x84, 0x7a, 0x13, 0x84, 0x7a, 0x1c, 0x84, 0x7a, 0x14, 0xc4, 0x8a, 0x00, 0x84, 0x7a,
    0x4c, 0x84, 0x7a, 0xe3, 0x84, 0x7a, 0x6a, 0xc4, 0x8a, 0x01, 0xc4, 0x8a, 0x00, 0x84, 0x7a, 0x18,
    0x84, 0x7a, 0x2d, 0x84, 0x7a, 0xe4, 0x84, 0x7a, 0xc4, 0x44, 0x72, 0x05, 0xc4, 0x8a, 0x00, 0xc4,
    0x8a, 0x00, 0x84, 0x7a, 0xac, 0x84, 0x7a, 0xe3, 0x84, 0x7a, 0x2e, 0x84, 0x7a, 0x8e, 0x84, 0x7a,
    0xe4, 0x84, 0x7a, 0xb8, 0x84, 0x7a, 0x95, 0x84, 0x7a, 0x89, 0x84, 0x7a, 0x78, 0x84, 0x7a, 0x68,
    0x84, 0x7a, 0x59, 0x84, 0x7a, 0x49, 0x84, 0x7a, 0x3c, 0x84, 0x7a, 0x18, 0x84, 0x7a, 0x88, 0x84,
    0x7a, 0xe3, 0x84, 0x7a, 0x6b, 0xc4, 0x8a, 0x00, 0xc4, 0x8a, 0x00, 0xc4, 0x8a, 0x00, 0xc4, 0x8a,
    0x00, 0xc4, 0x8a, 0x00, 0xc4, 0x8a, 0x00, 0xc4, 0x8a, 0x00, 0xc4, 0x8a, 0x00, 0x84, 0x7a, 0x30,
    0x84, 0x7a, 0xc6, 0x84, 0x7a, 0xe2, 0x84, 0x7a, 0x85, 0xc4, 0x8a, 0x00, 0xc4, 0x8a, 0x02, 0xc4,
    0x8a, 0x01, 0xc4, 0x8a, 0x00, 0xc4, 0x8a, 0x00, 0xc4, 0x8a, 0x00, 0xc4, 0x8a, 0x00, 0xc4, 0x8a,
    0x00, 0xc4, 0x8a, 0x00, 0xc4, 0x8a, 0x00, 0xc4, 0x8a, 0x00, 0xc4, 0x8a, 0x00, 0xc4, 0x8a, 0x00,
    0xc4, 0x8a, 0x00, 0xc4, 0x8a, 0x00, 0xc4, 0x8a, 0x00, 0xc4, 0x8a, 0x00, 0xc4, 0x8a, 0x00, 0xc4,
    0x8a, 0x00, 0xc4, 0x8a, 0x00, 0xc4, 0x8a, 0x00, 0xc4, 0x8a, 0x00, 0xc4, 0x8a, 0x00, 0xc4, 0x8a,
    0x00, 0xc4, 0x8a, 0x00, 0xc4, 0x8a, 0x00, 0xc4, 0x8a, 0x00, 0xc4, 0x8a, 0x00, 0xc4, 0x8a, 0x00,
    0xc4, 0x8a, 0x00, 0xc4, 0x8a, 0x00, 0xc4, 0x8a, 0x00, 0xc4, 0x8a, 0x00, 0xc4, 0x8a, 0x00, 0xc4,
    0x8a, 0x00, 0xc4, 0x8a, 0x00, 0xc4, 0x8a, 0x00, 0xc4, 0x8a, 0x00, 0xc4, 0x8a, 0x00, 0xc4, 0x8a,
    0x00, 0xc4, 0x8a, 0x00, 0xc4, 0x8a, 0x00, 0xc4, 0x8a, 0x00, 0xc4, 0x8a, 0x00, 0xc4, 0x8a, 0x00,
    0xc4, 0x8a, 0x00, 0xc4, 0x8a, 0x00, 0xc4, 0x8a, 0x00, 0xc4, 0x8a, 0x00, 0xc4, 0x8a, 0x00, 0xc4,
    0x8a, 0x00, 0xc4, 0x8a, 0x00, 0xc4, 0x8a, 0x00, 0xc4, 0x8a, 0x00, 0xc4, 0x8a, 0x00, 0xc4, 0x8a,
    0x00, 0xc4, 0x8a, 0x03, 0xc4, 0x8a, 0x00, 0x84, 0x7a, 0x47, 0x84, 0x7a, 0xd9, 0x84, 0x7a, 0xe3,
    0x84, 0x7a, 0x7d, 0x84, 0x7a, 0x09, 0xc4, 0x8a, 0x00, 0xa4, 0x82, 0x05, 0x44, 0x72, 0x05, 0xc4,
    0x8a, 0x04, 0xc4, 0x8a, 0x03, 0xc4, 0x8a, 0x05, 0xc4, 0x8a, 0x00, 0x84, 0x7a, 0x75, 0x84, 0x7a,
    0xe2, 0x84, 0x7a, 0x75, 0xc4, 0x8a, 0x00, 0xc4, 0x8a, 0x00, 0xc4, 0x8a, 0x00, 0xc4, 0x8a, 0x00,
    0xc4, 0x8a, 0x00, 0xc4, 0x8a, 0x00, 0xc4, 0x8a, 0x00, 0xc4, 0x8a, 0x00, 0xc4, 0x8a, 0x00, 0x84,
    0x7a, 0x0b, 0x84, 0x7a, 0xce, 0x84, 0x7a, 0xe4, 0x84, 0x7a, 0x5c, 0xc4, 0x8a, 0x00, 0x03, 0x62,
    0x03, 0xc4, 0x8a, 0x00, 0x84, 0x7a, 0x3e, 0x84, 0x7a, 0xe2, 0x84, 0x7a, 0x59, 0xc4, 0x8a, 0x00,
    0x64, 0x7a, 0x07, 0xc4, 0x8a, 0x00, 0x84, 0x7a, 0x74, 0x84, 0x7a, 0xe3, 0x84, 0x7a, 0xc0, 0x64,
    0x72, 0x06, 0xc4, 0x8a, 0x00, 0xc4, 0x8a, 0x01, 0x84, 0x7a, 0xbd, 0x84, 0x7a, 0xe4, 0x84, 0x7a,
    0x46, 0x84, 0x7a, 0xd6, 0x84, 0x7a, 0xdd, 0x84, 0x7a, 0x16, 0xc4, 0x8a, 0x00, 0xc4, 0x8a, 0x00,
    0xc4, 0x8a, 0x00, 0xc4, 0x8a, 0x00, 0xc4, 0x8a, 0x00, 0xc4, 0x8a, 0x00, 0xc4, 0x8a, 0x00, 0x84,
    0x7a, 0x4d, 0x84, 0x7a, 0xe3, 0x84, 0x7a, 0x9d, 0xc4, 0x8a, 0x00, 0xc4, 0x8a, 0x04, 0xc4, 0x8a,
    0x04, 0xc4, 0x8a, 0x04, 0xa4, 0x82, 0x04, 0x64, 0x72, 0x06, 0xc4, 0x8a, 0x00, 0xc4, 0x8a, 0x00,
    0x84, 0x7a, 0x60, 0x84, 0x7a, 0xe2, 0x84, 0x7a, 0xe4, 0x84, 0x7a, 0x69, 0xc4, 0x8a, 0x00, 0xc4,
    0x8a, 0x02, 0xc4, 0x8a, 0x01, 0xc4, 0x8a, 0x00, 0xc4, 0x8a, 0x00, 0xc4, 0x8a, 0x00, 0xc4, 0x8a,
    0x00, 0xc4, 0x8a, 0x00, 0xc4, 0x8a, 0x00, 0xc4, 0x8a, 0x00, 0xc4, 0x8a, 0x00, 0xc4, 0x8a, 0x00,
    0xc4, 0x8a, 0x00, 0xc4, 0x8a, 0x00, 0xc4, 0x8a, 0x00, 0xc4, 0x8a, 0x00, 0xc4, 0x8a, 0x00, 0xc4,
    0x8a, 0x00, 0xc4, 0x8a, 0x00, 0xc4, 0x8a, 0x00, 0xc4, 0x8a, 0x00, 0xc4, 0x8a, 0x00, 0xc4, 0x8a,
    0x00, 0xc4, 0x8a, 0x00, 0xc4, 0x8a, 0x00, 0xc4, 0x8a, 0x00, 0xc4, 0x8a, 0x00, 0xc4, 0x8a, 0x00,
    0xc4, 0x8a, 0x00, 0xc4, 0x8a, 0x00, 0xc4, 0x8a, 0x00, 0xc4, 0x8a, 0x00, 0xc4, 0x8a, 0x00, 0xc4,
    0x8a, 0x00, 0xc4, 0x8a, 0x00, 0xc4, 0x8a, 0x00, 0xc4, 0x8a, 0x00, 0xc4, 0x8a, 0x00, 0xc4, 0x8a,
    0x00, 0xc4, 0x8a, 0x00, 0xc4, 0x8a, 0x00, 0xc4, 0x8a, 0x00, 0xc4, 0x8a, 0x00, 0xc4, 0x8a, 0x00,
    0xc4, 0x8a, 0x00, 0xc4, 0x8a, 0x00, 0xc4, 0x8a, 0x00, 0xc4, 0x8a, 0x00, 0xc4, 0x8a, 0x00, 0xc4,
    0x8a, 0x00, 0xc4, 0x8a, 0x00, 0xc4, 0x8a, 0x00, 0xc4, 0x8a, 0x00, 0xc4, 0x8a, 0x00, 0xc4, 0x8a,
    0x00, 0xc4, 0x8a, 0x00, 0xc4, 0x8a, 0x00, 0xc4, 0x8a, 0x00, 0xc4, 0x8a, 0x04, 0xc4, 0x8a, 0x00,
    0x84, 0x7a, 0x25, 0x84, 0x7a, 0xb3, 0x84, 0x7a, 0xe2, 0x84, 0x7a, 0xbd, 0x84, 0x7a, 0x3a, 0xc4,
    0x8a, 0x00, 0xc4, 0x8a, 0x00, 0xc4, 0x8a, 0x04, 0xc4, 0x8a, 0x02, 0xc4, 0x8a, 0x01, 0xc4, 0x8a,
    0x03, 0xc4, 0x8a, 0x00, 0x84, 0x7a, 0x93, 0x64, 0x7a, 0xe2, 0x84, 0x7a, 0x79, 0xc4, 0x8a, 0x00,
    0xa4, 0x82, 0x05, 0x44, 0x72, 0x05, 0xc4, 0x8a, 0x04, 0xc4, 0x8a, 0x03, 0xc4, 0x8a, 0x03, 0xc4,
    0x8a, 0x02, 0xc4, 0x8a, 0x05, 0xc4, 0x8a, 0x00, 0x84, 0x7a, 0x83, 0x84, 0x7a, 0xe3, 0x84, 0x7a,
    0xac, 0xc4, 0x8a, 0x01, 0xa4, 0x82, 0x04, 0xc4, 0x8a, 0x00, 0x84, 0x7a, 0x33, 0x84, 0x7a, 0xe3,
    0x84, 0x7a, 0x4f, 0xc4, 0x8a, 0x00, 0xc4, 0x8a, 0x03, 0x84, 0x7a, 0x05, 0x84, 0x7a, 0xbe, 0x84,
    0x7a, 0xe4, 0x84, 0x7a, 0xc1, 0x64, 0x72, 0x06, 0xc4, 0x8a, 0x00, 0x44, 0x72, 0x05, 0x84, 0x7a,
    0xcb, 0x84, 0x7a, 0xd3, 0x84, 0x7a, 0x83, 0x84, 0x7a, 0xe3, 0x84, 0x7a, 0x95, 0xc4, 0x8a, 0x00,
    0xc4, 0x8a, 0x06, 0xc4, 0x8a, 0x03, 0xc4, 0x8a, 0x04, 0xa4, 0x82, 0x04, 0x64, 0x7a, 0x07, 0xc4,
    0x8a, 0x00, 0x84, 0x7a, 0x51, 0x84, 0x7a, 0xe4, 0x84, 0x7a, 0xb7, 0x84, 0x82, 0x0d, 0xc4, 0x8a,
    0x02, 0xc4, 0x8a, 0x01, 0xc4, 0x8a, 0x01, 0xc4, 0x8a, 0x04, 0xc4, 0x8a, 0x00, 0xc4, 0x8a, 0x00,
    0x84, 0x7a, 0x23, 0x84, 0x7a, 0xa2, 0x84, 0x7a, 0xe3, 0x84, 0x7a, 0xce, 0x84, 0x7a, 0x41, 0xc4,
    0x8a, 0x00, 0xc4, 0x8a, 0x02, 0xc4, 0x8a, 0x01, 0xc4, 0x8a, 0x00, 0xc4, 0x8a, 0x00, 0xc4, 0x8a,
    0x00, 0xc4, 0x8a, 0x00, 0xc4, 0x8a, 0x00, 0xc4, 0x8a, 0x00, 0xc4, 0x8a, 0x00, 0xc4, 0x8a, 0x00,
    0xc4, 0x8a, 0x00, 0xc4, 0x8a, 0x00, 0xc4, 0x8a, 0x00, 0xc4, 0x8a, 0x00, 0xc4, 0x8a, 0x00, 0xc4,
    0x8a, 0x00, 0xc4, 0x8a, 0x00, 0xc4, 0x8a, 0x00, 0xc4, 0x8a, 0x00, 0xc4, 0x8a, 0x00, 0xc4, 0x8a,
    0x00, 0xc4, 0x8a, 0x00, 0xc4, 0x8a, 0x00, 0xc4, 0x8a, 0x00, 0xc4, 0x8a, 0x00, 0xc4, 0x8a, 0x00,
    0xc4, 0x8a, 0x00, 0xc4, 0x8a, 0x00, 0xc4, 0x8a, 0x00, 0xc4, 0x8a, 0x00, 0xc4, 0x8a, 0x00, 0xc4,
    0x8a, 0x00, 0xc4, 0x8a, 0x00, 0xc4, 0x8a, 0x00, 0xc4, 0x8a, 0x00, 0xc4, 0x8a, 0x00, 0xc4, 0x8a,
    0x00, 0xc4, 0x8a, 0x00, 0xc4, 0x8a, 0x00, 0xc4, 0x8a, 0x00, 0xc4, 0x8a, 0x00, 0xc4, 0x8a, 0x00,
    0xc4, 0x8a, 0x00, 0xc4, 0x8a, 0x00, 0xc4, 0x8a, 0x00, 0xc4, 0x8a, 0x00, 0xc4, 0x8a, 0x00, 0xc4,
    0x8a, 0x00, 0xc4, 0x8a, 0x00, 0xc4, 0x8a, 0x00, 0xc4, 0x8a, 0x00, 0xc4, 0x8a, 0x00, 0xc4, 0x8a,
    0x00, 0xc4, 0x8a, 0x00, 0xc4, 0x8a, 0x00, 0xc4, 0x8a, 0x00, 0xc4, 0x8a, 0x00, 0xc4, 0x8a, 0x00,
    0xc4, 0x8a, 0x00, 0xc4, 0x8a, 0x03, 0xc4, 0x8a, 0x00, 0x64, 0x72, 0x06, 0x84, 0x7a, 0x79, 0x84,
    0x7a, 0xe5, 0x84, 0x7a, 0xe4, 0x84, 0x7a, 0x90, 0x84, 0x7a, 0x20, 0xc4, 0x8a, 0x00, 0xc4, 0x8a,
    0x00, 0xc4, 0x8a, 0x03, 0xc4, 0x8a, 0x03, 0xc4, 0x8a, 0x02, 0xc4, 0x8a, 0x04, 0x84, 0x7a, 0x9a,
    0x84, 0x7a, 0xe2, 0x84, 0x7a, 0x7a, 0xc4, 0x8a, 0x00, 0xc4, 0x8a, 0x00, 0xc4, 0x8a, 0x03, 0xc4,
    0x8a, 0x00, 0xc4, 0x8a, 0x00, 0xc4, 0x8a, 0x00, 0xc4, 0x8a, 0x03, 0xc4, 0x8a, 0x00, 0x84, 0x7a,
    0x2e, 0x84, 0x7a, 0xe2, 0x84, 0x7a, 0xe0, 0x84, 0x7a, 0x25, 0xc4, 0x8a, 0x00, 0xc4, 0x8a, 0x00,
    0x84, 0x7a, 0x2b, 0x84, 0x7a, 0xe4, 0x84, 0x7a, 0x4b, 0xc4, 0x8a, 0x00, 0xc4, 0x8a, 0x00, 0x84,
    0x7a, 0x36, 0x84, 0x7a, 0xe5, 0x84, 0x7a, 0xe5, 0x84, 0x7a, 0xc2, 0x64, 0x7a, 0x07, 0xc4, 0x8a,
    0x00, 0x64, 0x7a, 0x0e, 0x84, 0x7a, 0xd2, 0x84, 0x7a, 0xd9, 0x84, 0x7a, 0xca, 0x84, 0x7a, 0xe4,
    0x84, 0x7a, 0x3d, 0xc4, 0x8a, 0x02, 0xc4, 0x8a, 0x03, 0xc4, 0x8a, 0x00, 0xc4, 0x8a, 0x02, 0xc4,
    0x8a, 0x02, 0xc4, 0x8a, 0x00, 0x84, 0x7a, 0x58, 0x84, 0x7a, 0xe4, 0x84, 0x7a, 0xbc, 0x84, 0x7a,
    0x16, 0xc4, 0x8a, 0x00, 0xc4, 0x8a, 0x04, 0xc4, 0x8a, 0x04, 0xc4, 0x8a, 0x00, 0xc4, 0x8a, 0x00,
    0x84, 0x7a, 0x0f, 0x84, 0x7a, 0x72, 0x84, 0x7a, 0xe2, 0x84, 0x7a, 0xe3, 0x84, 0x7a, 0x94, 0x84,
    0x7a, 0x16, 0xc4, 0x8a, 0x00, 0xc4, 0x8a, 0x04, 0xc4, 0x8a, 0x00, 0xc4, 0x8a, 0x00, 0xc4, 0x8a,
    0x00, 0xc4, 0x8a, 0x00, 0xc4, 0x8a, 0x00, 0xc4, 0x8a, 0x00, 0xc4, 0x8a, 0x00, 0xc4, 0x8a, 0x00,
    0xc4, 0x8a, 0x00, 0xc4, 0x8a, 0x00, 0xc4, 0x8a, 0x00, 0xc4, 0x8a, 0x00, 0xc4, 0x8a, 0x00, 0xc4,
    0x8a, 0x00, 0xc4, 0x8a, 0x00, 0xc4, 0x8a, 0x00, 0xc4, 0x8a, 0x00, 0xc4, 0x8a, 0x00, 0xc4, 0x8a,
    0x00, 0xc4, 0x8a, 0x00, 0xc4, 0x8a, 0x00, 0xc4, 0x8a, 0x00, 0xc4, 0x8a, 0x00, 0xc4, 0x8a, 0x00,
    0xc4, 0x8a, 0x00, 0xc4, 0x8a, 0x00, 0xc4, 0x8a, 0x00, 0xc4, 0x8a, 0x00, 0xc4, 0x8a, 0x00, 0xc4,
    0x8a, 0x00, 0xc4, 0x8a, 0x00, 0xc4, 0x8a, 0x00, 0xc4, 0x8a, 0x00, 0xc4, 0x8a, 0x00, 0xc4, 0x8a,
    0x00, 0xc4, 0x8a, 0x00, 0xc4, 0x8a, 0x00, 0xc4, 0x8a, 0x00, 0xc4, 0x8a, 0x00, 0xc4, 0x8a, 0x00,
    0xc4, 0x8a, 0x00, 0xc4, 0x8a, 0x00, 0xc4, 0x8a, 0x00, 0xc4, 0x8a, 0x00, 0xc4, 0x8a, 0x00, 0xc4,
    0x8a, 0x00, 0xc4, 0x8a, 0x00, 0xc4, 0x8a, 0x00, 0xc4, 0x8a, 0x00, 0xc4, 0x8a, 0x00, 0xc4, 0x8a,
    0x00, 0xc4, 0x8a, 0x00, 0xc4, 0x8a, 0x00, 0xc4, 0x8a, 0x00, 0xc4, 0x8a, 0x00, 0xc4, 0x8a, 0x00,
    0xc4, 0x8a, 0x00, 0xc4, 0x8a, 0x00, 0xc4, 0x8a, 0x00, 0xc4, 0x8a, 0x00, 0xc4, 0x8a, 0x02, 0xc4,
    0x8a, 0x00, 0xc4, 0x8a, 0x00, 0x84, 0x7a, 0x30, 0x84, 0x7a, 0xa9, 0x84, 0x7a, 0xe3, 0x84, 0x7a,
    0xe2, 0x84, 0x7a, 0x7b, 0x84, 0x7a, 0x1e, 0xc4, 0x8a, 0x00, 0xc4, 0x8a, 0x00, 0xc4, 0x8a, 0x02,
    0xc4, 0x8a, 0x04, 0xa4, 0x82, 0x05, 0x84, 0x7a, 0x95, 0x84, 0x7a, 0xe2, 0x84, 0x7a, 0x98, 0x84,
    0x7a, 0x0f, 0xc4, 0x8a, 0x00, 0xc4, 0x8a, 0x03, 0xc4, 0x8a, 0x01, 0xc4, 0x8a, 0x00, 0xc4, 0x8a,
    0x00, 0xc4, 0x8a, 0x02, 0xc4, 0x8a, 0x02, 0x84, 0x7a, 0xb1, 0x84, 0x7a, 0xe3, 0x84, 0x7a, 0x73,
    0xc4, 0x8a, 0x00, 0xc4, 0x8a, 0x03, 0xc4, 0x8a, 0x00, 0x84, 0x7a, 0x7f, 0x64, 0x72, 0x0d, 0xc4,
    0x8a, 0x00, 0xc4, 0x8a, 0x00, 0x84, 0x7a, 0x86, 0x84, 0x7a, 0xe4, 0x84, 0x7a, 0xe5, 0x84, 0x7a,
    0xc2, 0x64, 0x7a, 0x07, 0xc4, 0x8a, 0x01, 0x84, 0x7a, 0x18, 0x84, 0x7a, 0xd6, 0x84, 0x7a, 0xe6,
    0x84, 0x7a, 0xe5, 0x84, 0x7a, 0xb7, 0xc4, 0x8a, 0x00, 0xc4, 0x8a, 0x00, 0xc4, 0x8a, 0x01, 0xc4,
    0x8a, 0x04, 0xc4, 0x8a, 0x00, 0xc4, 0x8a, 0x01, 0x84, 0x7a, 0x78, 0x84, 0x7a, 0xe3, 0x84, 0x7a,
    0xb5, 0x84, 0x7a, 0x17, 0xc4, 0x8a, 0x00, 0xc4, 0x8a, 0x05, 0xc4, 0x8a, 0x00, 0xc4, 0x8a, 0x00,
    0x84, 0x7a, 0x0d, 0x84, 0x7a, 0x63, 0x84, 0x7a, 0xcf, 0x84, 0x7a, 0xe2, 0x84, 0x7a, 0xc4, 0x84,
    0x7a, 0x47, 0xc4, 0x8a, 0x00, 0xc4, 0x8a, 0x00, 0xc4, 0x8a, 0x03, 0xc4, 0x8a, 0x00, 0xc4, 0x8a,
    0x00, 0xc4, 0x8a, 0x00, 0xc4, 0x8a, 0x00, 0xc4, 0x8a, 0x00, 0xc4, 0x8a, 0x00, 0xc4, 0x8a, 0x00,
    0xc4, 0x8a, 0x00, 0xc4, 0x8a, 0x00, 0xc4, 0x8a, 0x00, 0xc4, 0x8a, 0x00, 0xc4, 0x8a, 0x00, 0xc4,
    0x8a, 0x00, 0xc4, 0x8a, 0x00, 0xc4, 0x8a, 0x00, 0xc4, 0x8a, 0x00, 0xc4, 0x8a, 0x00, 0xc4, 0x8a,
    0x00, 0xc4, 0x8a, 0x00, 0xc4, 0x8a, 0x00, 0xc4, 0x8a, 0x00, 0xc4, 0x8a, 0x00, 0xc4, 0x8a, 0x00,
    0xc4, 0x8a, 0x00, 0xc4, 0x8a, 0x00, 0xc4, 0x8a, 0x00, 0xc4, 0x8a, 0x00, 0xc4, 0x8a, 0x00, 0xc4,
    0x8a, 0x00, 0xc4, 0x8a, 0x00, 0xc4, 0x8a, 0x00, 0xc4, 0x8a, 0x00, 0xc4, 0x8a, 0x00, 0xc4, 0x8a,
    0x00, 0xc4, 0x8a, 0x00, 0xc4, 0x8a, 0x00, 0xc4, 0x8a, 0x00, 0xc4, 0x8a, 0x00, 0xc4, 0x8a, 0x00,
    0xc4, 0x8a, 0x00, 0xc4, 0x8a, 0x00, 0xc4, 0x8a, 0x00, 0xc4, 0x8a, 0x00, 0xc4, 0x8a, 0x00, 0xc4,
    0x8a, 0x00, 0xc4, 0x8a, 0x00, 0xc4, 0x8a, 0x00, 0xc4, 0x8a, 0x00, 0xc4, 0x8a, 0x00, 0xc4, 0x8a,
    0x00, 0xc4, 0x8a, 0x00, 0xc4, 0x8a, 0x00, 0xc4, 0x8a, 0x00, 0xc4, 0x8a, 0x00, 0xc4, 0x8a, 0x00,
    0xc4, 0x8a, 0x00, 0xc4, 0x8a, 0x00, 0xc4, 0x8a, 0x00, 0xc4, 0x8a, 0x00, 0xc4, 0x8a, 0x00, 0xc4,
    0x8a, 0x00, 0xc4, 0x8a, 0x00, 0xc4, 0x8a, 0x01, 0xc4, 0x8a, 0x03, 0xc4, 0x8a, 0x00, 0xc4, 0x8a,
    0x00, 0x84, 0x7a, 0x4e, 0x84, 0x7a, 0xc1, 0x84, 0x7a, 0xe2, 0x84, 0x7a, 0xe2, 0x84, 0x7a, 0x87,
    0x84, 0x7a, 0x2c, 0xc4, 0x8a, 0x00, 0xc4, 0x8a, 0x00, 0xc4, 0x8a, 0x00, 0xc4, 0x8a, 0x02, 0x84,
    0x7a, 0x7d, 0x84, 0x7a, 0xe2, 0x84, 0x7a, 0xc7, 0x84, 0x7a, 0x37, 0xc4, 0x8a, 0x00, 0xc4, 0x8a,
    0x00, 0xc4, 0x8a, 0x04, 0xc4, 0x8a, 0x01, 0xc4, 0x8a, 0x04, 0xc4, 0x8a, 0x00, 0x84, 0x7a, 0x5c,
    0x84, 0x7a, 0xe3, 0x84, 0x7a, 0xc0, 0xc4, 0x8a, 0x06, 0xc4, 0x8a, 0x01, 0xc4, 0x8a, 0x01, 0xc4,
    0x8a, 0x03, 0xc4, 0x8a, 0x01, 0xc4, 0x8a, 0x00, 0x84, 0x7a, 0x0c, 0x84, 0x7a, 0xcf, 0x84, 0x7a,
    0xe5, 0x84, 0x7a, 0xe5, 0x84, 0x7a, 0xc2, 0x64, 0x7a, 0x07, 0xc4, 0x8a, 0x00, 0x84, 0x7a, 0x1b,
    0x84, 0x7a, 0xe2, 0x84, 0x7a, 0xe6, 0x84, 0x7a, 0xe5, 0x84, 0x7a, 0xca, 0x84, 0x7a, 0xa5, 0x84,
    0x7a, 0x71, 0xc4, 0x8a, 0x00, 0xc4, 0x8a, 0x00, 0x84, 0x7a, 0x22, 0x84, 0x7a, 0xaa, 0x84, 0x7a,
    0xe2, 0x84, 0x7a, 0x9c, 0x84, 0x7a, 0x0f, 0xc4, 0x8a, 0x00, 0xc4, 0x8a, 0x00, 0xc4, 0x8a, 0x00,
    0x84, 0x7a, 0x1f, 0x84, 0x7a, 0x70, 0x84, 0x7a, 0xd1, 0x84, 0x7a, 0xe3, 0x84, 0x7a, 0xd3, 0x84,
    0x7a, 0x67, 0x84, 0x7a, 0x0a, 0xc4, 0x8a, 0x00, 0xc4, 0x8a, 0x02, 0xc4, 0x8a, 0x01, 0xc4, 0x8a,
    0x00, 0xc4, 0x8a, 0x00, 0xc4, 0x8a, 0x00, 0xc4, 0x8a, 0x00, 0xc4, 0x8a, 0x00, 0xc4, 0x8a, 0x00,
    0xc4, 0x8a, 0x00, 0xc4, 0x8a, 0x00, 0xc4, 0x8a, 0x00, 0xc4, 0x8a, 0x00, 0xc4, 0x8a, 0x00, 0xc4,
    0x8a, 0x00, 0xc4, 0x8a, 0x00, 0xc4, 0x8a, 0x00, 0xc4, 0x8a, 0x00, 0xc4, 0x8a, 0x00, 0xc4, 0x8a,
    0x00, 0xc4, 0x8a, 0x00, 0xc4, 0x8a, 0x00, 0xc4, 0x8a, 0x00, 0xc4, 0x8a, 0x00, 0xc4, 0x8a, 0x00,
    0xc4, 0x8a, 0x00, 0xc4, 0x8a, 0x00, 0xc4, 0x8a, 0x00, 0xc4, 0x8a, 0x00, 0xc4, 0x8a, 0x00, 0xc4,
    0x8a, 0x00, 0xc4, 0x8a, 0x00, 0xc4, 0x8a, 0x00, 0xc4, 0x8a, 0x00, 0xc4, 0x8a, 0x00, 0xc4, 0x8a,
    0x00, 0xc4, 0x8a, 0x00, 0xc4, 0x8a, 0x00, 0xc4, 0x8a, 0x00, 0xc4, 0x8a, 0x00, 0xc4, 0x8a, 0x00,
    0xc4, 0x8a, 0x00, 0xc4, 0x8a, 0x00, 0xc4, 0x8a, 0x00, 0xc4, 0x8a, 0x00, 0xc4, 0x8a, 0x00, 0xc4,
    0x8a, 0x00, 0xc4, 0x8a, 0x00, 0xc4, 0x8a, 0x00, 0xc4, 0x8a, 0x00, 0xc4, 0x8a, 0x00, 0xc4, 0x8a,
    0x00, 0xc4, 0x8a, 0x00, 0xc4, 0x8a, 0x00, 0xc4, 0x8a, 0x00, 0xc4, 0x8a, 0x00, 0xc4, 0x8a, 0x00,
    0xc4, 0x8a, 0x00, 0xc4, 0x8a, 0x00, 0xc4, 0x8a, 0x00, 0xc4, 0x8a, 0x00, 0xc4, 0x8a, 0x00, 0xc4,
    0x8a, 0x00, 0xc4, 0x8a, 0x00, 0xc4, 0x8a, 0x00, 0xc4, 0x8a, 0x00, 0xc4, 0x8a, 0x00, 0xc4, 0x8a,
    0x00, 0xc4, 0x8a, 0x02, 0xc4, 0x8a, 0x01, 0xc4, 0x8a, 0x00, 0xc4, 0x8a, 0x05, 0x84, 0x7a, 0x53,
    0x84, 0x7a, 0xb9, 0x84, 0x7a, 0xe3, 0x84, 0x7a, 0xe4, 0x84, 0x7a, 0xb0, 0x84, 0x7a, 0x59, 0x84,
    0x7a, 0x19, 0xc4, 0x8a, 0x00, 0xc4, 0x8a, 0x00, 0x84, 0x7a, 0x46, 0x84, 0x7a, 0xd9, 0x84, 0x7a,
    0xe4, 0x84, 0x7a, 0x87, 0x84, 0x7a, 0x15, 0xc4, 0x8a, 0x00, 0xc4, 0x8a, 0x00, 0xc4, 0x8a, 0x05,
    0xc4, 0x8a, 0x03, 0xa4, 0x82, 0x13, 0x84, 0x7a, 0xd5, 0x84, 0x7a, 0xe4, 0x84, 0x7a, 0x38, 0xc4,
    0x8a, 0x00, 0xc4, 0x8a, 0x03, 0xc4, 0x8a, 0x00, 0xc4, 0x8a, 0x04, 0xc4, 0x8a, 0x01, 0x84, 0x7a,
    0x4d, 0x84, 0x7a, 0xe4, 0x84, 0x7a, 0xe2, 0x84, 0x7a, 0xe5, 0x84, 0x7a, 0xc2, 0x64, 0x7a, 0x07,
    0x84, 0x7a, 0x0a, 0x84, 0x7a, 0x3d, 0x84, 0x7a, 0xe2, 0x84, 0x7a, 0xe4, 0x84, 0x7a, 0xe5, 0x84,
    0x7a, 0xe5, 0x84, 0x7a, 0xe2, 0x84, 0x7a, 0x8a, 0x84, 0x7a, 0x03, 0x84, 0x7a, 0x70, 0x84, 0x7a,
    0xe5, 0x84, 0x7a, 0xe4, 0x84, 0x7a, 0x65, 0xc4, 0x8a, 0x00, 0xc4, 0x8a, 0x00, 0x84, 0x7a, 0x0d,
    0x84, 0x7a, 0x47, 0x84, 0x7a, 0x9c, 0x84, 0x7a, 0xe5, 0x84, 0x7a, 0xe2, 0x84, 0x7a, 0xcd, 0x84,
    0x7a, 0x6c, 0x84, 0x7a, 0x11, 0xc4, 0x8a, 0x00, 0xc4, 0x8a, 0x00, 0xc4, 0x8a, 0x03, 0xc4, 0x8a,
    0x00, 0xc4, 0x8a, 0x00, 0xc4, 0x8a, 0x00, 0xc4, 0x8a, 0x00, 0xc4, 0x8a, 0x00, 0xc4, 0x8a, 0x00,
    0xc4, 0x8a, 0x00, 0xc4, 0x8a, 0x00, 0xc4, 0x8a, 0x00, 0xc4, 0x8a, 0x00, 0xc4, 0x8a, 0x00, 0xc4,
    0x8a, 0x00, 0xc4, 0x8a, 0x00, 0xc4, 0x8a, 0x00, 0xc4, 0x8a, 0x00, 0xc4, 0x8a, 0x00, 0xc4, 0x8a,
    0x00, 0xc4, 0x8a, 0x00, 0xc4, 0x8a, 0x00, 0xc4, 0x8a, 0x00, 0xc4, 0x8a, 0x00, 0xc4, 0x8a, 0x00,
    0xc4, 0x8a, 0x00, 0xc4, 0x8a, 0x00, 0xc4, 0x8a, 0x00, 0xc4, 0x8a, 0x00, 0xc4, 0x8a, 0x00, 0xc4,
    0x8a, 0x00, 0xc4, 0x8a, 0x00, 0xc4, 0x8a, 0x00, 0xc4, 0x8a, 0x00, 0xc4, 0x8a, 0x00, 0xc4, 0x8a,
    0x00, 0xc4, 0x8a, 0x00, 0xc4, 0x8a, 0x00, 0xc4, 0x8a, 0x00, 0xc4, 0x8a, 0x00, 0xc4, 0x8a, 0x00,
    0xc4, 0x8a, 0x00, 0xc4, 0x8a, 0x00, 0xc4, 0x8a, 0x00, 0xc4, 0x8a, 0x00, 0xc4, 0x8a, 0x00, 0xc4,
    0x8a, 0x00, 0xc4, 0x8a, 0x00, 0xc4, 0x8a, 0x00, 0xc4, 0x8a, 0x00, 0xc4, 0x8a, 0x00, 0xc4, 0x8a,
    0x00, 0xc4, 0x8a, 0x00, 0xc4, 0x8a, 0x00, 0xc4, 0x8a, 0x00, 0xc4, 0x8a, 0x00, 0xc4, 0x8a, 0x00,
    0xc4, 0x8a, 0x00, 0xc4, 0x8a, 0x00, 0xc4, 0x8a, 0x00, 0xc4, 0x8a, 0x00, 0xc4, 0x8a, 0x00, 0xc4,
    0x8a, 0x00, 0xc4, 0x8a, 0x00, 0xc4, 0x8a, 0x00, 0xc4, 0x8a, 0x00, 0xc4, 0x8a, 0x00, 0xc4, 0x8a,
    0x00, 0xc4, 0x8a, 0x00, 0xc4, 0x8a, 0x00, 0xc4, 0x8a, 0x00, 0xc4, 0x8a, 0x00, 0xc4, 0x8a, 0x03,
    0xc4, 0x8a, 0x00, 0xc4, 0x8a, 0x00, 0xc4, 0x8a, 0x02, 0x84, 0x7a, 0x3e, 0x84, 0x7a, 0x99, 0x84,
    0x7a, 0xe5, 0x84, 0x7a, 0xe2, 0x84, 0x7a, 0xe4, 0x84, 0x7a, 0xa3, 0x84, 0x7a, 0x5a, 0x84, 0x7a,
    0x13, 0x84, 0x7a, 0x15, 0x84, 0x7a, 0x89, 0x84, 0x7a, 0xe5, 0x84, 0x7a, 0xd3, 0x84, 0x7a, 0x6b,
    0x84, 0x7a, 0x15, 0xc4, 0x8a, 0x00, 0xc4, 0x8a, 0x00, 0xc4, 0x8a, 0x00, 0x84, 0x7a, 0x90, 0x84,
    0x7a, 0xe2, 0x84, 0x7a, 0x8a, 0xc4, 0x8a, 0x00, 0xc4, 0x8a, 0x04, 0xc4, 0x8a, 0x01, 0xc4, 0x8a,
    0x02, 0xc4, 0x8a, 0x00, 0x84, 0x7a, 0xa1, 0x84, 0x7a, 0xe3, 0x84, 0x7a, 0xe0, 0x84, 0x7a, 0xe5,
    0x84, 0x7a, 0xc4, 0xc4, 0x8a, 0x01, 0x84, 0x7a, 0x99, 0x84, 0x7a, 0xcf, 0x84, 0x7a, 0x1c, 0x84,
    0x7a, 0xae, 0x84, 0x7a, 0xc1, 0x84, 0x7a, 0x1c, 0x84, 0x7a, 0xce, 0x84, 0x7a, 0xb2, 0x84, 0x7a,
    0xb6, 0x84, 0x7a, 0xe4, 0x84, 0x7a, 0xa1, 0x84, 0x7a, 0x26, 0x84, 0x7a, 0x0a, 0x84, 0x7a, 0x49,
    0x84, 0x7a, 0x91, 0x84, 0x7a, 0xd5, 0x84, 0x7a, 0xe3, 0x84, 0x7a, 0xe4, 0x84, 0x7a, 0xae, 0x84,
    0x7a, 0x52, 0x84, 0x7a, 0x09, 0xc4, 0x8a, 0x00, 0xc4, 0x8a, 0x00, 0xc4, 0x8a, 0x04, 0xc4, 0x8a,
    0x01, 0xc4, 0x8a, 0x00, 0xc4, 0x8a, 0x00, 0xc4, 0x8a, 0x00, 0xc4, 0x8a, 0x00, 0xc4, 0x8a, 0x00,
    0xc4, 0x8a, 0x00, 0xc4, 0x8a, 0x00, 0xc4, 0x8a, 0x00, 0xc4, 0x8a, 0x00, 0xc4, 0x8a, 0x00, 0xc4,
    0x8a, 0x00, 0xc4, 0x8a, 0x00, 0xc4, 0x8a, 0x00, 0xc4, 0x8a, 0x00, 0xc4, 0x8a, 0x00, 0xc4, 0x8a,
    0x00, 0xc4, 0x8a, 0x00, 0xc4, 0x8a, 0x00, 0xc4, 0x8a, 0x00, 0xc4, 0x8a, 0x00, 0xc4, 0x8a, 0x00,
    0xc4, 0x8a, 0x00, 0xc4, 0x8a, 0x00, 0xc4, 0x8a, 0x00, 0xc4, 0x8a, 0x00, 0xc4, 0x8a, 0x00, 0xc4,
    0x8a, 0x00, 0xc4, 0x8a, 0x00, 0xc4, 0x8a, 0x00, 0xc4, 0x8a, 0x00, 0xc4, 0x8a, 0x00, 0xc4, 0x8a,
    0x00, 0xc4, 0x8a, 0x00, 0xc4, 0x8a, 0x00, 0xc4, 0x8a, 0x00, 0xc4, 0x8a, 0x00, 0xc4, 0x8a, 0x00,
    0xc4, 0x8a, 0x00, 0xc4, 0x8a, 0x00, 0xc4, 0x8a, 0x00, 0xc4, 0x8a, 0x00, 0xc4, 0x8a, 0x00, 0xc4,
    0x8a, 0x00, 0xc4, 0x8a, 0x00, 0xc4, 0x8a, 0x00, 0xc4, 0x8a, 0x00, 0xc4, 0x8a, 0x00, 0xc4, 0x8a,
    0x00, 0xc4, 0x8a, 0x00, 0xc4, 0x8a, 0x00, 0xc4, 0x8a, 0x00, 0xc4, 0x8a, 0x00, 0xc4, 0x8a, 0x00,
    0xc4, 0x8a, 0x00, 0xc4, 0x8a, 0x00, 0xc4, 0x8a, 0x00, 0xc4, 0x8a, 0x00, 0xc4, 0x8a, 0x00, 0xc4,
    0x8a, 0x00, 0xc4, 0x8a, 0x00, 0xc4, 0x8a, 0x00, 0xc4, 0x8a, 0x00, 0xc4, 0x8a, 0x00, 0xc4, 0x8a,
    0x00, 0xc4, 0x8a, 0x00, 0xc4, 0x8a, 0x00, 0xc4, 0x8a, 0x00, 0xc4, 0x8a, 0x00, 0xc4, 0x8a, 0x00,
    0xc4, 0x8a, 0x00, 0xc4, 0x8a, 0x00, 0xc4, 0x8a, 0x01, 0xc4, 0x8a, 0x03, 0xc4, 0x8a, 0x00, 0xc4,
    0x8a, 0x00, 0xc4, 0x8a, 0x00, 0x84, 0x7a, 0x1a, 0x84, 0x7a, 0x61, 0x84, 0x7a, 0xb1, 0x84, 0x7a,
    0xe5, 0x84, 0x7a, 0xe2, 0x84, 0x7a, 0xe4, 0x84, 0x7a, 0xb8, 0x84, 0x7a, 0x76, 0x84, 0x7a, 0x89,
    0x84, 0x7a, 0xd3, 0x84, 0x7a, 0xe4, 0x84, 0x7a, 0xd3, 0x84, 0x7a, 0x84, 0x84, 0x7a, 0x34, 0xc4,
    0x8a, 0x01, 0x84, 0x7a, 0x27, 0x84, 0x7a, 0xe1, 0x84, 0x7a, 0xd2, 0x84, 0x7a, 0x0b, 0xc4, 0x8a,
    0x00, 0xc4, 0x8a, 0x03, 0xc4, 0x8a, 0x02, 0x84, 0x7a, 0x1d, 0x84, 0x7a, 0xdd, 0x84, 0x7a, 0xe6,
    0x84, 0x7a, 0xe4, 0x84, 0x7a, 0xe5, 0x84, 0x7a, 0xc5, 0xc4, 0x8a, 0x01, 0x84, 0x7a, 0xac, 0x84,
    0x7a, 0xda, 0xc4, 0x8a, 0x00, 0x84, 0x7a, 0xa3, 0x84, 0x7a, 0xb7, 0xc4, 0x8a, 0x00, 0x84, 0x7a,
    0xc4, 0x84, 0x7a, 0xe4, 0x84, 0x7a, 0xe0, 0x84, 0x7a, 0x94, 0x84, 0x7a, 0x6e, 0x84, 0x7a, 0xa7,
    0x84, 0x7a, 0xe5, 0x84, 0x7a, 0xe2, 0x84, 0x7a, 0xe4, 0x84, 0x7a, 0xc3, 0x84, 0x7a, 0x76, 0x84,
    0x7a, 0x2b, 0xc4, 0x8a, 0x00, 0xc4, 0x8a, 0x00, 0xc4, 0x8a, 0x00, 0xc4, 0x8a, 0x03, 0xc4, 0x8a,
    0x01, 0xc4, 0x8a, 0x00, 0xc4, 0x8a, 0x00, 0xc4, 0x8a, 0x00, 0xc4, 0x8a, 0x00, 0xc4, 0x8a, 0x00,
    0xc4, 0x8a, 0x00, 0xc4, 0x8a, 0x00, 0xc4, 0x8a, 0x00, 0xc4, 0x8a, 0x00, 0xc4, 0x8a, 0x00, 0xc4,
    0x8a, 0x00, 0xc4, 0x8a, 0x00, 0xc4, 0x8a, 0x00, 0xc4, 0x8a, 0x00, 0xc4, 0x8a, 0x00, 0xc4, 0x8a,
    0x00, 0xc4, 0x8a, 0x00, 0xc4, 0x8a, 0x00, 0xc4, 0x8a, 0x00, 0xc4, 0x8a, 0x00, 0xc4, 0x8a, 0x00,
    0xc4, 0x8a, 0x00, 0xc4, 0x8a, 0x00, 0xc4, 0x8a, 0x00, 0xc4, 0x8a, 0x00, 0xc4, 0x8a, 0x00, 0xc4,
    0x8a, 0x00, 0xc4, 0x8a, 0x00, 0xc4, 0x8a, 0x00, 0xc4, 0x8a, 0x00, 0xc4, 0x8a, 0x00, 0xc4, 0x8a,
    0x00, 0xc4, 0x8a, 0x00, 0xc4, 0x8a, 0x00, 0xc4, 0x8a, 0x00, 0xc4, 0x8a, 0x00, 0xc4, 0x8a, 0x00,
    0xc4, 0x8a, 0x00, 0xc4, 0x8a, 0x00, 0xc4, 0x8a, 0x00, 0xc4, 0x8a, 0x00, 0xc4, 0x8a, 0x00, 0xc4,
    0x8a, 0x00, 0xc4, 0x8a, 0x00, 0xc4, 0x8a, 0x00, 0xc4, 0x8a, 0x00, 0xc4, 0x8a, 0x00, 0xc4, 0x8a,
    0x00, 0xc4, 0x8a, 0x00, 0xc4, 0x8a, 0x00, 0xc4, 0x8a, 0x00, 0xc4, 0x8a, 0x00, 0xc4, 0x8a, 0x00,
    0xc4, 0x8a, 0x00, 0xc4, 0x8a, 0x00, 0xc4, 0x8a, 0x00, 0xc4, 0x8a, 0x00, 0xc4, 0x8a, 0x00, 0xc4,
    0x8a, 0x00, 0xc4, 0x8a, 0x00, 0xc4, 0x8a, 0x00, 0xc4, 0x8a, 0x00, 0xc4, 0x8a, 0x00, 0xc4, 0x8a,
    0x00, 0xc4, 0x8a, 0x00, 0xc4, 0x8a, 0x00, 0xc4, 0x8a, 0x00, 0xc4, 0x8a, 0x00, 0xc4, 0x8a, 0x00,
    0xc4, 0x8a, 0x00, 0xc4, 0x8a, 0x00, 0xc4, 0x8a, 0x00, 0xc4, 0x8a, 0x00, 0xc4, 0x8a, 0x00, 0xc4,
    0x8a, 0x00, 0xc4, 0x8a, 0x01, 0xc4, 0x8a, 0x03, 0xc4, 0x8a, 0x03, 0xc4, 0x8a, 0x00, 0xc4, 0x8a,
    0x00, 0xc4, 0x8a, 0x00, 0x84, 0x7a, 0x1c, 0x84, 0x7a, 0x5c, 0x84, 0x7a, 0x9d, 0x84, 0x7a, 0xd7,
    0x84, 0x7a, 0xe3, 0x84, 0x7a, 0xe4, 0x84, 0x7a, 0xe5, 0x84, 0x7a, 0xe5, 0x84, 0x7a, 0xe5, 0x84,
    0x7a, 0xe4, 0x84, 0x7a, 0xe6, 0x84, 0x7a, 0xb8, 0x84, 0x7a, 0x7b, 0x84, 0x7a, 0xcc, 0x84, 0x7a,
    0xe4, 0x84, 0x7a, 0x56, 0xc4, 0x8a, 0x02, 0x43, 0x6a, 0x04, 0xc4, 0x8a, 0x00, 0x84, 0x7a, 0x6b,
    0x84, 0x7a, 0xe4, 0x84, 0x7a, 0xe2, 0x84, 0x7a, 0xe3, 0x84, 0x7a, 0xe4, 0x84, 0x7a, 0xc1, 0xc4,
    0x8a, 0x00, 0x84, 0x7a, 0xa5, 0x84, 0x7a, 0xd6, 0x84, 0x7a, 0x1a, 0x84, 0x7a, 0xac, 0x84, 0x7a,
    0xcb, 0x84, 0x7a, 0x74, 0x84, 0x7a, 0xdf, 0x84, 0x7a, 0xe5, 0x84, 0x7a, 0xe5, 0x84, 0x7a, 0xe5,
    0x84, 0x7a, 0xe3, 0x84, 0x7a, 0xe2, 0x84, 0x7a, 0xad, 0x84, 0x7a, 0x6a, 0x84, 0x7a, 0x2b, 0xc4,
    0x8a, 0x01, 0xc4, 0x8a, 0x00, 0xc4, 0x8a, 0x00, 0xc4, 0x8a, 0x01, 0xc4, 0x8a, 0x03, 0xc4, 0x8a,
    0x01, 0xc4, 0x8a, 0x00, 0xc4, 0x8a, 0x00, 0xc4, 0x8a, 0x00, 0xc4, 0x8a, 0x00, 0xc4, 0x8a, 0x00,
    0xc4, 0x8a, 0x00, 0xc4, 0x8a, 0x00, 0xc4, 0x8a, 0x00, 0xc4, 0x8a, 0x00, 0xc4, 0x8a, 0x00, 0xc4,
    0x8a, 0x00, 0xc4, 0x8a, 0x00, 0xc4, 0x8a, 0x00, 0xc4, 0x8a, 0x00, 0xc4, 0x8a, 0x00, 0xc4, 0x8a,
    0x00, 0xc4, 0x8a, 0x00, 0xc4, 0x8a, 0x00, 0xc4, 0x8a, 0x00, 0xc4, 0x8a, 0x00, 0xc4, 0x8a, 0x00,
    0xc4, 0x8a, 0x00, 0xc4, 0x8a, 0x00, 0xc4, 0x8a, 0x00, 0xc4, 0x8a, 0x00, 0xc4, 0x8a, 0x00, 0xc4,
    0x8a, 0x00, 0xc4, 0x8a, 0x00, 0xc4, 0x8a, 0x00, 0xc4, 0x8a, 0x00, 0xc4, 0x8a, 0x00, 0xc4, 0x8a,
    0x00, 0xc4, 0x8a, 0x00, 0xc4, 0x8a, 0x00, 0xc4, 0x8a, 0x00, 0xc4, 0x8a, 0x00, 0xc4, 0x8a, 0x00,
    0xc4, 0x8a, 0x00, 0xc4, 0x8a, 0x00, 0xc4, 0x8a, 0x00, 0xc4, 0x8a, 0x00, 0xc4, 0x8a, 0x00, 0xc4,
    0x8a, 0x00, 0xc4, 0x8a, 0x00, 0xc4, 0x8a, 0x00, 0xc4, 0x8a, 0x00, 0xc4, 0x8a, 0x00, 0xc4, 0x8a,
    0x00, 0xc4, 0x8a, 0x00, 0xc4, 0x8a, 0x00, 0xc4, 0x8a, 0x00, 0xc4, 0x8a, 0x00, 0xc4, 0x8a, 0x00,
    0xc4, 0x8a, 0x00, 0xc4, 0x8a, 0x00, 0xc4, 0x8a, 0x00, 0xc4, 0x8a, 0x00, 0xc4, 0x8a, 0x00, 0xc4,
    0x8a, 0x00, 0xc4, 0x8a, 0x00, 0xc4, 0x8a, 0x00, 0xc4, 0x8a, 0x00, 0xc4, 0x8a, 0x00, 0xc4, 0x8a,
    0x00, 0xc4, 0x8a, 0x00, 0xc4, 0x8a, 0x00, 0xc4, 0x8a, 0x00, 0xc4, 0x8a, 0x00, 0xc4, 0x8a, 0x00,
    0xc4, 0x8a, 0x00, 0xc4, 0x8a, 0x00, 0xc4, 0x8a, 0x00, 0xc4, 0x8a, 0x00, 0xc4, 0x8a, 0x00, 0xc4,
    0x8a, 0x00, 0xc4, 0x8a, 0x00, 0xc4, 0x8a, 0x00, 0xc4, 0x8a, 0x00, 0xc4, 0x8a, 0x00, 0xc4, 0x8a,
    0x00, 0xc4, 0x8a, 0x02, 0xc4, 0x8a, 0x04, 0xc4, 0x8a, 0x01, 0xc4, 0x8a, 0x00, 0xc4, 0x8a, 0x00,
    0xc4, 0x8a, 0x00, 0x84, 0x7a, 0x08, 0x84, 0x7a, 0x2e, 0x84, 0x7a, 0x63, 0x84, 0x7a, 0x91, 0x84,
    0x7a, 0xb9, 0x84, 0x7a, 0xd4, 0x84, 0x7a, 0xe5, 0x84, 0x7a, 0xe4, 0x84, 0x7a, 0xe3, 0x84, 0x7a,
    0xe2, 0x84, 0x7a, 0xe4, 0x84, 0x7a, 0xe5, 0x84, 0x7a, 0xe4, 0x84, 0x7a, 0xc5, 0x84, 0x7a, 0xc0,
    0x84, 0x7a, 0xb2, 0x84, 0x7a, 0xd8, 0x84, 0x7a, 0xe5, 0x84, 0x7a, 0xe6, 0x84, 0x7a, 0xe6, 0x84,
    0x7a, 0xe5, 0x84, 0x7a, 0xe3, 0x84, 0x7a, 0xc0, 0x84, 0x7a, 0xe6, 0x84, 0x7a, 0xe4, 0x84, 0x7a,
    0xe5, 0x84, 0x7a, 0xe4, 0x84, 0x7a, 0xe4, 0x84, 0x7a, 0xe3, 0x84, 0x7a, 0xdc, 0x84, 0x7a, 0xc5,
    0x84, 0x7a, 0x9c, 0x84, 0x7a, 0x74, 0x84, 0x7a, 0x3b, 0x84, 0x7a, 0x13, 0xc4, 0x8a, 0x00, 0xc4,
    0x8a, 0x00, 0xc4, 0x8a, 0x00, 0xc4, 0x8a, 0x00, 0xc4, 0x8a, 0x04, 0xc4, 0x8a, 0x02, 0xc4, 0x8a,
    0x00, 0xc4, 0x8a, 0x00, 0xc4, 0x8a, 0x00, 0xc4, 0x8a, 0x00, 0xc4, 0x8a, 0x00, 0xc4, 0x8a, 0x00,
    0xc4, 0x8a, 0x00, 0xc4, 0x8a, 0x00, 0xc4, 0x8a, 0x00, 0xc4, 0x8a, 0x00, 0xc4, 0x8a, 0x00, 0xc4,
    0x8a, 0x00, 0xc4, 0x8a, 0x00, 0xc4, 0x8a, 0x00, 0xc4, 0x8a, 0x00, 0xc4, 0x8a, 0x00, 0xc4, 0x8a,
    0x00, 0xc4, 0x8a, 0x00, 0xc4, 0x8a, 0x00, 0xc4, 0x8a, 0x00, 0xc4, 0x8a, 0x00, 0xc4, 0x8a, 0x00,
    0xc4, 0x8a, 0x00, 0xc4, 0x8a, 0x00, 0xc4, 0x8a, 0x00, 0xc4, 0x8a, 0x00, 0xc4, 0x8a, 0x00, 0xc4,
    0x8a, 0x00, 0xc4, 0x8a, 0x00, 0xc4, 0x8a, 0x00, 0xc4, 0x8a, 0x00, 0xc4, 0x8a, 0x00, 0xc4, 0x8a,
    0x00, 0xc4, 0x8a, 0x00, 0xc4, 0x8a, 0x00, 0xc4, 0x8a, 0x00, 0xc4, 0x8a, 0x00, 0xc4, 0x8a, 0x00,
    0xc4, 0x8a, 0x00, 0xc4, 0x8a, 0x00, 0xc4, 0x8a, 0x00, 0xc4, 0x8a, 0x00, 0xc4, 0x8a, 0x00, 0xc4,
    0x8a, 0x00, 0xc4, 0x8a, 0x00, 0xc4, 0x8a, 0x00, 0xc4, 0x8a, 0x00, 0xc4, 0x8a, 0x00, 0xc4, 0x8a,
    0x00, 0xc4, 0x8a, 0x00, 0xc4, 0x8a, 0x00, 0xc4, 0x8a, 0x00, 0xc4, 0x8a, 0x00, 0xc4, 0x8a, 0x00,
    0xc4, 0x8a, 0x00, 0xc4, 0x8a, 0x00, 0xc4, 0x8a, 0x00, 0xc4, 0x8a, 0x00, 0xc4, 0x8a, 0x00, 0xc4,
    0x8a, 0x00, 0xc4, 0x8a, 0x00, 0xc4, 0x8a, 0x00, 0xc4, 0x8a, 0x00, 0xc4, 0x8a, 0x00, 0xc4, 0x8a,
    0x00, 0xc4, 0x8a, 0x00, 0xc4, 0x8a, 0x00, 0xc4, 0x8a, 0x00, 0xc4, 0x8a, 0x00, 0xc4, 0x8a, 0x00,
    0xc4, 0x8a, 0x00, 0xc4, 0x8a, 0x00, 0xc4, 0x8a, 0x00, 0xc4, 0x8a, 0x00, 0xc4, 0x8a, 0x00, 0xc4,
    0x8a, 0x00, 0xc4, 0x8a, 0x00, 0xc4, 0x8a, 0x00, 0xc4, 0x8a, 0x00, 0xc4, 0x8a, 0x00, 0xc4, 0x8a,
    0x00, 0xc4, 0x8a, 0x00, 0xc4, 0x8a, 0x00, 0xc4, 0x8a, 0x00, 0xc4, 0x8a, 0x00, 0xc4, 0x8a, 0x00,
    0xc4, 0x8a, 0x02, 0xc4, 0x8a, 0x04, 0xc4, 0x8a, 0x02, 0xc4, 0x8a, 0x00, 0xc4, 0x8a, 0x00, 0xc4,
    0x8a, 0x00, 0xc4, 0x8a, 0x00, 0xc4, 0x8a, 0x00, 0x84, 0x7a, 0x12, 0x84, 0x7a, 0x2f, 0x84, 0x7a,
    0x49, 0x84, 0x7a, 0x67, 0x84, 0x7a, 0x81, 0x84, 0x7a, 0x9a, 0x84, 0x7a, 0xb3, 0x84, 0x7a, 0xc6,
    0x84, 0x7a, 0xda, 0x84, 0x7a, 0xe1, 0x84, 0x7a, 0xe5, 0x84, 0x7a, 0xe6, 0x84, 0x7a, 0xe4, 0x84,
    0x7a, 0xe5, 0x84, 0x7a, 0xe0, 0x84, 0x7a, 0xd8, 0x84, 0x7a, 0xcf, 0x84, 0x7a, 0xca, 0x84, 0x7a,
    0xb4, 0x84, 0x7a, 0xa2, 0x84, 0x7a, 0x90, 0x84, 0x7a, 0x74, 0x84, 0x7a, 0x52, 0x84, 0x7a, 0x34,
    0x84, 0x7a, 0x1a, 0xc4, 0x8a, 0x03, 0xc4, 0x8a, 0x00, 0xc4, 0x8a, 0x00, 0xc4, 0x8a, 0x00, 0xc4,
    0x8a, 0x00, 0xc4, 0x8a, 0x01, 0xc4, 0x8a, 0x04, 0xc4, 0x8a, 0x02, 0xc4, 0x8a, 0x01, 0xc4, 0x8a,
    0x00, 0xc4, 0x8a, 0x00, 0xc4, 0x8a, 0x00, 0xc4, 0x8a, 0x00, 0xc4, 0x8a, 0x00, 0xc4, 0x8a, 0x00,
    0xc4, 0x8a, 0x00, 0xc4, 0x8a, 0x00, 0xc4, 0x8a, 0x00, 0xc4, 0x8a, 0x00, 0xc4, 0x8a, 0x00, 0xc4,
    0x8a, 0x00, 0xc4, 0x8a, 0x00, 0xc4, 0x8a, 0x00, 0xc4, 0x8a, 0x00, 0xc4, 0x8a, 0x00, 0xc4, 0x8a,
    0x00, 0xc4, 0x8a, 0x00, 0xc4, 0x8a, 0x00, 0xc4, 0x8a, 0x00, 0xc4, 0x8a, 0x00, 0xc4, 0x8a, 0x00,
    0xc4, 0x8a, 0x00, 0xc4, 0x8a, 0x00, 0xc4, 0x8a, 0x00, 0xc4, 0x8a, 0x00, 0xc4, 0x8a, 0x00, 0xc4,
    0x8a, 0x00, 0xc4, 0x8a, 0x00, 0xc4, 0x8a, 0x00, 0xc4, 0x8a, 0x00, 0xc4, 0x8a, 0x00, 0xc4, 0x8a,
    0x00, 0xc4, 0x8a, 0x00, 0xc4, 0x8a, 0x00, 0xc4, 0x8a, 0x00, 0xc4, 0x8a, 0x00, 0xc4, 0x8a, 0x00,
    0xc4, 0x8a, 0x00, 0xc4, 0x8a, 0x00, 0xc4, 0x8a, 0x00, 0xc4, 0x8a, 0x00, 0xc4, 0x8a, 0x00, 0xc4,
    0x8a, 0x00, 0xc4, 0x8a, 0x00, 0xc4, 0x8a, 0x00, 0xc4, 0x8a, 0x00, 0xc4, 0x8a, 0x00, 0xc4, 0x8a,
    0x00, 0xc4, 0x8a, 0x00, 0xc4, 0x8a, 0x00, 0xc4, 0x8a, 0x00, 0xc4, 0x8a, 0x00, 0xc4, 0x8a, 0x00,
    0xc4, 0x8a, 0x00, 0xc4, 0x8a, 0x00, 0xc4, 0x8a, 0x00, 0xc4, 0x8a, 0x00, 0xc4, 0x8a, 0x00, 0xc4,
    0x8a, 0x00, 0xc4, 0x8a, 0x00, 0xc4, 0x8a, 0x00, 0xc4, 0x8a, 0x00, 0xc4, 0x8a, 0x00, 0xc4, 0x8a,
    0x00, 0xc4, 0x8a, 0x00, 0xc4, 0x8a, 0x00, 0xc4, 0x8a, 0x00, 0xc4, 0x8a, 0x00, 0xc4, 0x8a, 0x00,
    0xc4, 0x8a, 0x00, 0xc4, 0x8a, 0x00, 0xc4, 0x8a, 0x00, 0xc4, 0x8a, 0x00, 0xc4, 0x8a, 0x00, 0xc4,
    0x8a, 0x00, 0xc4, 0x8a, 0x00, 0xc4, 0x8a, 0x00, 0xc4, 0x8a, 0x00, 0xc4, 0x8a, 0x00, 0xc4, 0x8a,
    0x00, 0xc4, 0x8a, 0x00, 0xc4, 0x8a, 0x00, 0xc4, 0x8a, 0x00, 0xc4, 0x8a, 0x00, 0xc4, 0x8a, 0x00,
    0xc4, 0x8a, 0x00, 0xc4, 0x8a, 0x00, 0xc4, 0x8a, 0x00, 0xc4, 0x8a, 0x00, 0xc4, 0x8a, 0x00, 0xc4,
    0x8a, 0x01, 0xc4, 0x8a, 0x03, 0xc4, 0x8a, 0x04, 0xc4, 0x8a, 0x03, 0xc4, 0x8a, 0x00, 0xc4, 0x8a,
    0x00, 0xc4, 0x8a, 0x00, 0xc4, 0x8a, 0x00, 0xc4, 0x8a, 0x00, 0xc4, 0x8a, 0x00, 0xc4, 0x8a, 0x00,
    0xc4, 0x8a, 0x00, 0xc4, 0x8a, 0x04, 0x64, 0x7a, 0x07, 0x84, 0x7a, 0x0e, 0x84, 0x7a, 0x1e, 0x84,
    0x7a, 0x29, 0x84, 0x7a, 0x29, 0x84, 0x7a, 0x2a, 0x84, 0x7a, 0x23, 0x84, 0x7a, 0x13, 0x64, 0x7a,
    0x07, 0xc4, 0x8a, 0x00, 0xc4, 0x8a, 0x00, 0xc4, 0x8a, 0x00, 0xc4, 0x8a, 0x00, 0xc4, 0x8a, 0x00,
    0xc4, 0x8a, 0x00, 0xc4, 0x8a, 0x00, 0xc4, 0x8a, 0x00, 0xc4, 0x8a, 0x00, 0xc4, 0x8a, 0x02, 0xc4,
    0x8a, 0x04, 0xc4, 0x8a, 0x03, 0xc4, 0x8a, 0x01, 0xc4, 0x8a, 0x00, 0xc4, 0x8a, 0x00, 0xc4, 0x8a,
    0x00, 0xc4, 0x8a, 0x00, 0xc4, 0x8a, 0x00, 0xc4, 0x8a, 0x00, 0xc4, 0x8a, 0x00, 0xc4, 0x8a, 0x00,
    0xc4, 0x8a, 0x00, 0xc4, 0x8a, 0x00, 0xc4, 0x8a, 0x00, 0xc4, 0x8a, 0x00, 0xc4, 0x8a, 0x00, 0xc4,
    0x8a, 0x00, 0xc4, 0x8a, 0x00, 0xc4, 0x8a, 0x00, 0xc4, 0x8a, 0x00, 0xc4, 0x8a, 0x00, 0xc4, 0x8a,
    0x00, 0xc4, 0x8a, 0x00, 0xc4, 0x8a, 0x00, 0xc4, 0x8a, 0x00, 0xc4, 0x8a, 0x00, 0xc4, 0x8a, 0x00,
    0xc4, 0x8a, 0x00, 0xc4, 0x8a, 0x00, 0xc4, 0x8a, 0x00, 0xc4, 0x8a, 0x00, 0xc4, 0x8a, 0x00, 0xc4,
    0x8a, 0x00, 0xc4, 0x8a, 0x00, 0xc4, 0x8a, 0x00, 0xc4, 0x8a, 0x00, 0xc4, 0x8a, 0x00, 0xc4, 0x8a,
    0x00, 0xc4, 0x8a, 0x00, 0xc4, 0x8a, 0x00, 0xc4, 0x8a, 0x00, 0xc4, 0x8a, 0x00, 0xc4, 0x8a, 0x00,
    0xc4, 0x8a, 0x00, 0xc4, 0x8a, 0x00, 0xc4, 0x8a, 0x00, 0xc4, 0x8a, 0x00, 0xc4, 0x8a, 0x00, 0xc4,
    0x8a, 0x00, 0xc4, 0x8a, 0x00, 0xc4, 0x8a, 0x00, 0xc4, 0x8a, 0x00, 0xc4, 0x8a, 0x00, 0xc4, 0x8a,
    0x00, 0xc4, 0x8a, 0x00, 0xc4, 0x8a, 0x00, 0xc4, 0x8a, 0x00, 0xc4, 0x8a, 0x00, 0xc4, 0x8a, 0x00,
    0xc4, 0x8a, 0x00, 0xc4, 0x8a, 0x00, 0xc4, 0x8a, 0x00, 0xc4, 0x8a, 0x00, 0xc4, 0x8a, 0x00, 0xc4,
    0x8a, 0x00, 0xc4, 0x8a, 0x00, 0xc4, 0x8a, 0x00, 0xc4, 0x8a, 0x00, 0xc4, 0x8a, 0x00, 0xc4, 0x8a,
    0x00, 0xc4, 0x8a, 0x00, 0xc4, 0x8a, 0x00, 0xc4, 0x8a, 0x00, 0xc4, 0x8a, 0x00, 0xc4, 0x8a, 0x00,
    0xc4, 0x8a, 0x00, 0xc4, 0x8a, 0x00, 0xc4, 0x8a, 0x00, 0xc4, 0x8a, 0x00, 0xc4, 0x8a, 0x00, 0xc4,
    0x8a, 0x00, 0xc4, 0x8a, 0x00, 0xc4, 0x8a, 0x00, 0xc4, 0x8a, 0x00, 0xc4, 0x8a, 0x00, 0xc4, 0x8a,
    0x00, 0xc4, 0x8a, 0x00, 0xc4, 0x8a, 0x00, 0xc4, 0x8a, 0x00, 0xc4, 0x8a, 0x00, 0xc4, 0x8a, 0x00,
    0xc4, 0x8a, 0x00, 0xc4, 0x8a, 0x00, 0xc4, 0x8a, 0x00, 0xc4, 0x8a, 0x00, 0xc4, 0x8a, 0x00, 0xc4,
    0x8a, 0x00, 0xc4, 0x8a, 0x00, 0xc4, 0x8a, 0x00, 0xc4, 0x8a, 0x00, 0xc4, 0x8a, 0x00, 0xc4, 0x8a,
    0x00, 0xc4, 0x8a, 0x00, 0xc4, 0x8a, 0x01, 0xc4, 0x8a, 0x03, 0xc4, 0x8a, 0x03, 0xc4, 0x8a, 0x04,
    0xc4, 0x8a, 0x04, 0xc4, 0x8a, 0x03, 0xc4, 0x8a, 0x00, 0xc4, 0x8a, 0x00, 0xc4, 0x8a, 0x00, 0xc4,
    0x8a, 0x00, 0xc4, 0x8a, 0x00, 0xc4, 0x8a, 0x00, 0xc4, 0x8a, 0x00, 0xc4, 0x8a, 0x00, 0xc4, 0x8a,
    0x00, 0xc4, 0x8a, 0x00, 0xc4, 0x8a, 0x00, 0xc4, 0x8a, 0x00, 0xc4, 0x8a, 0x00, 0xc4, 0x8a, 0x02,
    0xc4, 0x8a, 0x04, 0xc4, 0x8a, 0x04, 0xc4, 0x8a, 0x03, 0xc4, 0x8a, 0x03, 0xc4, 0x8a, 0x02, 0xc4,
    0x8a, 0x01, 0xc4, 0x8a, 0x00, 0xc4, 0x8a, 0x00, 0xc4, 0x8a, 0x00, 0xc4, 0x8a, 0x00, 0xc4, 0x8a,
    0x00, 0xc4, 0x8a, 0x00, 0xc4, 0x8a, 0x00, 0xc4, 0x8a, 0x00, 0xc4, 0x8a, 0x00, 0xc4, 0x8a, 0x00,
    0xc4, 0x8a, 0x00, 0xc4, 0x8a, 0x00, 0xc4, 0x8a, 0x00, 0xc4, 0x8a, 0x00, 0xc4, 0x8a, 0x00, 0xc4,
    0x8a, 0x00, 0xc4, 0x8a, 0x00, 0xc4, 0x8a, 0x00, 0xc4, 0x8a, 0x00, 0xc4, 0x8a, 0x00, 0xc4, 0x8a,
    0x00, 0xc4, 0x8a, 0x00, 0xc4, 0x8a, 0x00, 0xc4, 0x8a, 0x00, 0xc4, 0x8a, 0x00, 0xc4, 0x8a, 0x00,
    0xc4, 0x8a, 0x00, 0xc4, 0x8a, 0x00, 0xc4, 0x8a, 0x00, 0xc4, 0x8a, 0x00, 0xc4, 0x8a, 0x00, 0xc4,
    0x8a, 0x00, 0xc4, 0x8a, 0x00, 0xc4, 0x8a, 0x00, 0xc4, 0x8a, 0x00, 0xc4, 0x8a, 0x00, 0xc4, 0x8a,
    0x00, 0xc4, 0x8a, 0x00, 0xc4, 0x8a, 0x00, 0xc4, 0x8a, 0x00, 0xc4, 0x8a, 0x00, 0xc4, 0x8a, 0x00,
    0xc4, 0x8a, 0x00, 0xc4, 0x8a, 0x00, 0xc4, 0x8a, 0x00, 0xc4, 0x8a, 0x00, 0xc4, 0x8a, 0x00, 0xc4,
    0x8a, 0x00, 0xc4, 0x8a, 0x00, 0xc4, 0x8a, 0x00, 0xc4, 0x8a, 0x00, 0xc4, 0x8a, 0x00, 0xc4, 0x8a,
    0x00, 0xc4, 0x8a, 0x00, 0xc4, 0x8a, 0x00, 0xc4, 0x8a, 0x00, 0xc4, 0x8a, 0x00, 0xc4, 0x8a, 0x00,
    0xc4, 0x8a, 0x00, 0xc4, 0x8a, 0x00, 0xc4, 0x8a, 0x00, 0xc4, 0x8a, 0x00, 0xc4, 0x8a, 0x00, 0xc4,
    0x8a, 0x00, 0xc4, 0x8a, 0x00, 0xc4, 0x8a, 0x00, 0xc4, 0x8a, 0x00, 0xc4, 0x8a, 0x00, 0xc4, 0x8a,
    0x00, 0xc4, 0x8a, 0x00, 0xc4, 0x8a, 0x00, 0xc4, 0x8a, 0x00, 0xc4, 0x8a, 0x00, 0xc4, 0x8a, 0x00,
    0xc4, 0x8a, 0x00, 0xc4, 0x8a, 0x00, 0xc4, 0x8a, 0x00, 0xc4, 0x8a, 0x00, 0xc4, 0x8a, 0x00, 0xc4,
    0x8a, 0x00, 0xc4, 0x8a, 0x00, 0xc4, 0x8a, 0x00, 0xc4, 0x8a, 0x00, 0xc4, 0x8a, 0x00, 0xc4, 0x8a,
    0x00, 0xc4, 0x8a, 0x00, 0xc4, 0x8a, 0x00, 0xc4, 0x8a, 0x00, 0xc4, 0x8a, 0x00, 0xc4, 0x8a, 0x00,
    0xc4, 0x8a, 0x00, 0xc4, 0x8a, 0x00, 0xc4, 0x8a, 0x00, 0xc4, 0x8a, 0x00, 0xc4, 0x8a, 0x00, 0xc4,
    0x8a, 0x00, 0xc4, 0x8a, 0x00, 0xc4, 0x8a, 0x00, 0xc4, 0x8a, 0x00, 0xc4, 0x8a, 0x00, 0xc4, 0x8a,
    0x00, 0xc4, 0x8a, 0x00, 0xc4, 0x8a, 0x00, 0xc4, 0x8a, 0x00, 0xc4, 0x8a, 0x00, 0xc4, 0x8a, 0x00,
    0xc4, 0x8a, 0x00, 0xc4, 0x8a, 0x00, 0xc4, 0x8a, 0x00, 0xc4, 0x8a, 0x00, 0xc4, 0x8a, 0x00, 0xc4,
    0x8a, 0x01, 0xc4, 0x8a, 0x01, 0xc4, 0x8a, 0x01, 0xc4, 0x8a, 0x02, 0xc4, 0x8a, 0x02, 0xc4, 0x8a,
    0x02, 0xc4, 0x8a, 0x02, 0xc4, 0x8a, 0x02, 0xc4, 0x8a, 0x01, 0xc4, 0x8a, 0x01, 0xc4, 0x8a, 0x01,
    0xc4, 0x8a, 0x00, 0xc4, 0x8a, 0x00, 0xc4, 0x8a, 0x00, 0xc4, 0x8a, 0x00, 0xc4, 0x8a, 0x00, 0xc4,
    0x8a, 0x00, 0xc4, 0x8a, 0x00, 0xc4, 0x8a, 0x00, 0xc4, 0x8a, 0x00, 0xc4, 0x8a, 0x00, 0xc4, 0x8a,
    0x00, 0xc4, 0x8a, 0x00, 0xc4, 0x8a, 0x00, 0xc4, 0x8a, 0x00, 0xc4, 0x8a, 0x00, 0xc4, 0x8a, 0x00,
    0xc4, 0x8a, 0x00, 0xc4, 0x8a, 0x00, 0xc4, 0x8a, 0x00, 0xc4, 0x8a, 0x00, 0xc4, 0x8a, 0x00, 0xc4,
    0x8a, 0x00, 0xc4, 0x8a, 0x00, 0xc4, 0x8a, 0x00, 0xc4, 0x8a, 0x00, 0xc4, 0x8a, 0x00, 0xc4, 0x8a,
    0x00, 0xc4, 0x8a, 0x00, 0xc4, 0x8a, 0x00, 0xc4, 0x8a, 0x00, 0xc4, 0x8a, 0x00, 0xc4, 0x8a, 0x00,
    0xc4, 0x8a, 0x00, 0xc4, 0x8a, 0x00, 0xc4, 0x8a, 0x00, 0xc4, 0x8a, 0x00, 0xc4, 0x8a, 0x00, 0xc4,
    0x8a, 0x00, 0xc4, 0x8a, 0x00, 0xc4, 0x8a, 0x00, 0xc4, 0x8a, 0x00, 0xc4, 0x8a, 0x00, 0xc4, 0x8a,
    0x00, 0xc4, 0x8a, 0x00, 0xc4, 0x8a, 0x00, 0xc4, 0x8a, 0x00, 0xc4, 0x8a, 0x00, 0xc4, 0x8a, 0x00,
    0xc4, 0x8a, 0x00, 0xc4, 0x8a, 0x00, 0xc4, 0x8a, 0x00, 0xc4, 0x8a, 0x00, 0xc4, 0x8a, 0x00, 0xc4,
    0x8a, 0x00, 0xc4, 0x8a, 0x00, 0xc4, 0x8a, 0x00, 0xc4, 0x8a, 0x00, 0xc4, 0x8a, 0x00, 0xc4, 0x8a,
    0x00, 0xc4, 0x8a, 0x00, 0xc4, 0x8a, 0x00, 0xc4, 0x8a, 0x00, 0xc4, 0x8a, 0x00, 0xc4, 0x8a, 0x00,
    0xc4, 0x8a, 0x00, 0xc4, 0x8a, 0x00, 0xc4, 0x8a, 0x00, 0xc4, 0x8a, 0x00, 0xc4, 0x8a, 0x00, 0xc4,
    0x8a, 0x00, 0xc4, 0x8a, 0x00, 0xc4, 0x8a, 0x00, 0xc4, 0x8a, 0x00, 0xc4, 0x8a, 0x00, 0xc4, 0x8a,
    0x00, 0xc4, 0x8a, 0x00, 0xc4, 0x8a, 0x00, 0xc4, 0x8a, 0x00, 0xc4, 0x8a, 0x00, 0xc4, 0x8a, 0x00,
    0xc4, 0x8a, 0x00, 0xc4, 0x8a, 0x00, 0xc4, 0x8a, 0x00, 0xc4, 0x8a, 0x00, 0xc4, 0x8a, 0x00, 0xc4,
    0x8a, 0x00, 0xc4, 0x8a, 0x00, 0xc4, 0x8a, 0x00, 0xc4, 0x8a, 0x00, 0xc4, 0x8a, 0x00, 0xc4, 0x8a,
    0x00, 0xc4, 0x8a, 0x00, 0xc4, 0x8a, 0x00, 0xc4, 0x8a, 0x00, 0xc4, 0x8a, 0x00, 0xc4, 0x8a, 0x00,
    0xc4, 0x8a, 0x00, 0xc4, 0x8a, 0x00, 0xc4, 0x8a, 0x00, 0xc4, 0x8a, 0x00, 0xc4, 0x8a, 0x00, 0xc4,
    0x8a, 0x00, 0xc4, 0x8a, 0x00, 0xc4, 0x8a, 0x00, 0xc4, 0x8a, 0x00, 0xc4, 0x8a, 0x00, 0xc4, 0x8a,
    0x00, 0xc4, 0x8a, 0x00, 0xc4, 0x8a, 0x00, 0xc4, 0x8a, 0x00, 0xc4, 0x8a, 0x00, 0xc4, 0x8a, 0x00,
    0xc4, 0x8a, 0x00, 0xc4, 0x8a, 0x00, 0xc4, 0x8a, 0x00, 0xc4, 0x8a, 0x00, 0xc4, 0x8a, 0x00, 0xc4,
    0x8a, 0x00, 0xc4, 0x8a, 0x00, 0xc4, 0x8a, 0x00, 0xc4, 0x8a, 0x00, 0xc4, 0x8a, 0x00, 0xc4, 0x8a,
    0x00, 0xc4, 0x8a, 0x00, 0xc4, 0x8a, 0x00, 0xc4, 0x8a, 0x00, 0xc4, 0x8a, 0x00, 0xc4, 0x8a, 0x00,
    0xc4, 0x8a, 0x00, 0xc4, 0x8a, 0x00, 0xc4, 0x8a, 0x00, 0xc4, 0x8a, 0x00, 0xc4, 0x8a, 0x00, 0xc4,
    0x8a, 0x00, 0xc4, 0x8a, 0x00, 0xc4, 0x8a, 0x00, 0xc4, 0x8a, 0x00, 0xc4, 0x8a, 0x00, 0xc4, 0x8a,
    0x00, 0xc4, 0x8a, 0x00, 0xc4, 0x8a, 0x00, 0xc4, 0x8a, 0x00, 0xc4, 0x8a, 0x00, 0xc4, 0x8a, 0x00,
    0xc4, 0x8a, 0x00, 0xc4, 0x8a, 0x00, 0xc4, 0x8a, 0x00, 0xc4, 0x8a, 0x00, 0xc4, 0x8a, 0x00, 0xc4,
    0x8a, 0x00, 0xc4, 0x8a, 0x00, 0xc4, 0x8a, 0x00, 0xc4, 0x8a, 0x00, 0xc4, 0x8a, 0x00, 0xc4, 0x8a,
    0x00, 0xc4, 0x8a, 0x00, 0xc4, 0x8a, 0x00, 0xc4, 0x8a, 0x00, 0xc4, 0x8a, 0x00, 0xc4, 0x8a, 0x00,
    0xc4, 0x8a, 0x00, 0xc4, 0x8a, 0x00, 0xc4, 0x8a, 0x00, 0xc4, 0x8a, 0x00, 0xc4, 0x8a, 0x00, 0xc4,
    0x8a, 0x00, 0xc4, 0x8a, 0x00, 0xc4, 0x8a, 0x00, 0xc4, 0x8a, 0x00, 0xc4, 0x8a, 0x00, 0xc4, 0x8a,
    0x00, 0xc4, 0x8a, 0x00, 0xc4, 0x8a, 0x00, 0xc4, 0x8a, 0x00, 0xc4, 0x8a, 0x00, 0xc4, 0x8a, 0x00,
    0xc4, 0x8a, 0x00, 0xc4, 0x8a, 0x00, 0xc4, 0x8a, 0x00, 0xc4, 0x8a, 0x00, 0xc4, 0x8a, 0x00, 0xc4,
    0x8a, 0x00, 0xc4, 0x8a, 0x00, 0xc4, 0x8a, 0x00, 0xc4, 0x8a, 0x00, 0xc4, 0x8a, 0x00, 0xc4, 0x8a,
    0x00, 0xc4, 0x8a, 0x00, 0xc4, 0x8a, 0x00, 0xc4, 0x8a, 0x00, 0xc4, 0x8a, 0x00, 0xc4, 0x8a, 0x00,
    0xc4, 0x8a, 0x00, 0xc4, 0x8a, 0x00, 0xc4, 0x8a, 0x00, 0xc4, 0x8a, 0x00, 0xc4, 0x8a, 0x00, 0xc4,
    0x8a, 0x00, 0xc4, 0x8a, 0x00, 0xc4, 0x8a, 0x00, 0xc4, 0x8a, 0x00, 0xc4, 0x8a, 0x00, 0xc4, 0x8a,
    0x00, 0xc4, 0x8a, 0x00, 0xc4, 0x8a, 0x00, 0xc4, 0x8a, 0x00, 0xc4, 0x8a, 0x00, 0xc4, 0x8a, 0x00,
    0xc4, 0x8a, 0x00, 0xc4, 0x8a, 0x00, 0xc4, 0x8a, 0x00, 0xc4, 0x8a, 0x00, 0xc4, 0x8a, 0x00, 0xc4,
    0x8a, 0x00, 0xc4, 0x8a, 0x00, 0xc4, 0x8a, 0x00, 0xc4, 0x8a, 0x00, 0xc4, 0x8a, 0x00, 0xc4, 0x8a,
    0x00, 0xc4, 0x8a, 0x00, 0xc4, 0x8a, 0x00, 0xc4, 0x8a, 0x00, 0xc4, 0x8a, 0x00, 0xc4, 0x8a, 0x00,
    0xc4, 0x8a, 0x00, 0xc4, 0x8a, 0x00, 0xc4, 0x8a, 0x00, 0xc4, 0x8a, 0x00, 0xc4, 0x8a, 0x00, 0xc4,
    0x8a, 0x00, 0xc4, 0x8a, 0x00, 0xc4, 0x8a, 0x00, 0xc4, 0x8a, 0x00, 0xc4, 0x8a, 0x00, 0xc4, 0x8a,
    0x00, 0xc4, 0x8a, 0x00, 0xc4, 0x8a, 0x00, 0xc4, 0x8a, 0x00, 0xc4, 0x8a, 0x00, 0xc4, 0x8a, 0x00,
    0xc4, 0x8a, 0x00, 0xc4, 0x8a, 0x00, 0xc4, 0x8a, 0x00, 0xc4, 0x8a, 0x00, 0xc4, 0x8a, 0x00, 0xc4,
    0x8a, 0x00, 0xc4, 0x8a, 0x00, 0xc4, 0x8a, 0x00, 0xc4, 0x8a, 0x00, 0xc4, 0x8a, 0x00, 0xc4, 0x8a,
    0x00, 0xc4, 0x8a, 0x00, 0xc4, 0x8a, 0x00, 0xc4, 0x8a, 0x00, 0xc4, 0x8a, 0x00, 0xc4, 0x8a, 0x00,
    0xc4, 0x8a, 0x00, 0xc4, 0x8a, 0x00, 0xc4, 0x8a, 0x00, 0xc4, 0x8a, 0x00, 0xc4, 0x8a, 0x00, 0xc4,
    0x8a, 0x00, 0xc4, 0x8a, 0x00, 0xc4, 0x8a, 0x00, 0xc4, 0x8a, 0x00, 0xc4, 0x8a, 0x00, 0xc4, 0x8a,
    0x00, 0xc4, 0x8a, 0x00, 0xc4, 0x8a, 0x00, 0xc4, 0x8a, 0x00, 0xc4, 0x8a, 0x00, 0xc4, 0x8a, 0x00,
    0xc4, 0x8a, 0x00, 0xc4, 0x8a, 0x00, 0xc4, 0x8a, 0x00, 0xc4, 0x8a, 0x00, 0xc4, 0x8a, 0x00, 0xc4,
    0x8a, 0x00, 0xc4, 0x8a, 0x00, 0xc4, 0x8a, 0x00, 0xc4, 0x8a, 0x00, 0xc4, 0x8a, 0x00, 0xc4, 0x8a,
    0x00, 0xc4, 0x8a, 0x00, 0xc4, 0x8a, 0x00, 0xc4, 0x8a, 0x00, 0xc4, 0x8a, 0x00, 0xc4, 0x8a, 0x00,
    0xc4, 0x8a, 0x00, 0xc4, 0x8a, 0x00, 0xc4, 0x8a, 0x00, 0xc4, 0x8a, 0x00, 0xc4, 0x8a, 0x00, 0xc4,
    0x8a, 0x00, 0xc4, 0x8a, 0x00, 0xc4, 0x8a, 0x00, 0xc4, 0x8a, 0x00, 0xc4, 0x8a, 0x00, 0xc4, 0x8a,
    0x00, 0xc4, 0x8a, 0x00, 0xc4, 0x8a, 0x00, 0xc4, 0x8a, 0x00, 0xc4, 0x8a, 0x00, 0xc4, 0x8a, 0x00,
    0xc4, 0x8a, 0x00, 0xc4, 0x8a, 0x00, 0xc4, 0x8a, 0x00, 0xc4, 0x8a, 0x00, 0xc4, 0x8a, 0x00, 0xc4,
    0x8a, 0x00, 0xc4, 0x8a, 0x00, 0xc4, 0x8a, 0x00, 0xc4, 0x8a, 0x00, 0xc4, 0x8a, 0x00, 0xc4, 0x8a,
    0x00, 0xc4, 0x8a, 0x00, 0xc4, 0x8a, 0x00, 0xc4, 0x8a, 0x00, 0xc4, 0x8a, 0x00, 0xc4, 0x8a, 0x00,
    0xc4, 0x8a, 0x00, 0xc4, 0x8a, 0x00, 0xc4, 0x8a, 0x00, 0xc4, 0x8a, 0x00, 0xc4, 0x8a, 0x00, 0xc4,
    0x8a, 0x00, 0xc4, 0x8a, 0x00, 0xc4, 0x8a, 0x00, 0xc4, 0x8a, 0x00, 0xc4, 0x8a, 0x00, 0xc4, 0x8a,
    0x00, 0xc4, 0x8a, 0x00, 0xc4, 0x8a, 0x00, 0xc4, 0x8a, 0x00, 0xc4, 0x8a, 0x00, 0xc4, 0x8a, 0x00,
    0xc4, 0x8a, 0x00, 0xc4, 0x8a, 0x00, 0xc4, 0x8a, 0x00, 0xc4, 0x8a, 0x00, 0xc4, 0x8a, 0x00, 0xc4,
    0x8a, 0x00, 0xc4, 0x8a, 0x00, 0xc4, 0x8a, 0x00, 0xc4, 0x8a, 0x00, 0xc4, 0x8a, 0x00, 0xc4, 0x8a,
    0x00, 0xc4, 0x8a, 0x00, 0xc4, 0x8a, 0x00, 0xc4, 0x8a, 0x00, 0xc4, 0x8a, 0x00, 0xc4, 0x8a, 0x00,
    0xc4, 0x8a, 0x00, 0xc4, 0x8a, 0x00, 0xc4, 0x8a, 0x00, 0xc4, 0x8a, 0x00, 0xc4, 0x8a, 0x00, 0xc4,
    0x8a, 0x00, 0xc4, 0x8a, 0x00, 0xc4, 0x8a, 0x00, 0xc4, 0x8a, 0x00, 0xc4, 0x8a, 0x00, 0xc4, 0x8a,
    0x00, 0xc4, 0x8a, 0x00, 0xc4, 0x8a, 0x00, 0xc4, 0x8a, 0x00, 0xc4, 0x8a, 0x00, 0xc4, 0x8a, 0x00,
    0xc4, 0x8a, 0x00, 0xc4, 0x8a, 0x00, 0xc4, 0x8a, 0x00, 0xc4, 0x8a, 0x00, 0xc4, 0x8a, 0x00, 0xc4,
    0x8a, 0x00, 0xc4, 0x8a, 0x00, 0xc4, 0x8a, 0x00, 0xc4, 0x8a, 0x00, 0xc4, 0x8a, 0x00, 0xc4, 0x8a,
    0x00, 0xc4, 0x8a, 0x00, 0xc4, 0x8a, 0x00, 0xc4, 0x8a, 0x00, 0xc4, 0x8a, 0x00, 0xc4, 0x8a, 0x00,
    0xc4, 0x8a, 0x00, 0xc4, 0x8a, 0x00, 0xc4, 0x8a, 0x00, 0xc4, 0x8a, 0x00, 0xc4, 0x8a, 0x00, 0xc4,
    0x8a, 0x00, 0xc4, 0x8a, 0x00, 0xc4, 0x8a, 0x00, 0xc4, 0x8a, 0x00, 0xc4, 0x8a, 0x00, 0xc4, 0x8a,
    0x00, 0xc4, 0x8a, 0x00, 0xc4, 0x8a, 0x00, 0xc4, 0x8a, 0x00, 0xc4, 0x8a, 0x00, 0xc4, 0x8a, 0x00,
    0xc4, 0x8a, 0x00, 0xc4, 0x8a, 0x00, 0xc4, 0x8a, 0x00, 0xc4, 0x8a, 0x00, 0xc4, 0x8a, 0x00, 0xc4,
    0x8a, 0x00, 0xc4, 0x8a, 0x00, 0xc4, 0x8a, 0x00, 0xc4, 0x8a, 0x00, 0xc4, 0x8a, 0x00, 0xc4, 0x8a,
    0x00, 0xc4, 0x8a, 0x00, 0xc4, 0x8a, 0x00, 0xc4, 0x8a, 0x00, 0xc4, 0x8a, 0x00, 0xc4, 0x8a, 0x00,
    0xc4, 0x8a, 0x00, 0xc4, 0x8a, 0x00, 0xc4, 0x8a, 0x00, 0xc4, 0x8a, 0x00, 0xc4, 0x8a, 0x00, 0xc4,
    0x8a, 0x00, 0xc4, 0x8a, 0x00, 0xc4, 0x8a, 0x00, 0xc4, 0x8a, 0x00, 0xc4, 0x8a, 0x00, 0xc4, 0x8a,
    0x00, 0xc4, 0x8a, 0x00, 0xc4, 0x8a, 0x00, 0xc4, 0x8a, 0x00, 0xc4, 0x8a, 0x00, 0xc4, 0x8a, 0x00,
    0xc4, 0x8a, 0x00, 0xc4, 0x8a, 0x00, 0xc4, 0x8a, 0x00, 0xc4, 0x8a, 0x00, 0xc4, 0x8a, 0x00, 0xc4,
    0x8a, 0x00, 0xc4, 0x8a, 0x00, 0xc4, 0x8a, 0x00, 0xc4, 0x8a, 0x00, 0xc4, 0x8a, 0x00, 0xc4, 0x8a,
    0x00, 0xc4, 0x8a, 0x00, 0xc4, 0x8a, 0x00, 0xc4, 0x8a, 0x00, 0xc4, 0x8a, 0x00, 0xc4, 0x8a, 0x00,
    0xc4, 0x8a, 0x00, 0xc4, 0x8a, 0x00, 0xc4, 0x8a, 0x00, 0xc4, 0x8a, 0x00, 0xc4, 0x8a, 0x00, 0xc4,
    0x8a, 0x00, 0xc4, 0x8a, 0x00, 0xc4, 0x8a, 0x00, 0xc4, 0x8a, 0x00, 0xc4, 0x8a, 0x00, 0xc4, 0x8a,
    0x00, 0xc4, 0x8a, 0x00, 0xc4, 0x8a, 0x00, 0xc4, 0x8a, 0x00, 0xc4, 0x8a, 0x00, 0xc4, 0x8a, 0x00,
    0xc4, 0x8a, 0x00, 0xc4, 0x8a, 0x00, 0xc4, 0x8a, 0x00, 0xc4, 0x8a, 0x00, 0xc4, 0x8a, 0x00, 0xc4,
    0x8a, 0x00, 0xc4, 0x8a, 0x00, 0xc4, 0x8a, 0x00, 0xc4, 0x8a, 0x00, 0xc4, 0x8a, 0x00, 0xc4, 0x8a,
    0x00, 0xc4, 0x8a, 0x00, 0xc4, 0x8a, 0x00, 0xc4, 0x8a, 0x00, 0xc4, 0x8a, 0x00, 0xc4, 0x8a, 0x00,
    0xc4, 0x8a, 0x00, 0xc4, 0x8a, 0x00, 0xc4, 0x8a, 0x00, 0xc4, 0x8a, 0x00, 0xc4, 0x8a, 0x00, 0xc4,
    0x8a, 0x00, 0xc4, 0x8a, 0x00, 0xc4, 0x8a, 0x00, 0xc4, 0x8a, 0x00, 0xc4, 0x8a, 0x00, 0xc4, 0x8a,
    0x00, 0xc4, 0x8a, 0x00, 0xc4, 0x8a, 0x00, 0xc4, 0x8a, 0x00, 0xc4, 0x8a, 0x00, 0xc4, 0x8a, 0x00,
    0xc4, 0x8a, 0x00, 0xc4, 0x8a, 0x00, 0xc4, 0x8a, 0x00, 0xc4, 0x8a, 0x00, 0xc4, 0x8a, 0x00, 0xc4,
    0x8a, 0x00, 0xc4, 0x8a, 0x00, 0xc4, 0x8a, 0x00, 0xc4, 0x8a, 0x00, 0xc4, 0x8a, 0x00, 0xc4, 0x8a,
    0x00, 0xc4, 0x8a, 0x00, 0xc4, 0x8a, 0x00, 0xc4, 0x8a, 0x00, 0xc4, 0x8a, 0x00, 0xc4, 0x8a, 0x00,
    0xc4, 0x8a, 0x00, 0xc4, 0x8a, 0x00, 0xc4, 0x8a, 0x00, 0xc4, 0x8a, 0x00, 0xc4, 0x8a, 0x00, 0xc4,
    0x8a, 0x00, 0xc4, 0x8a, 0x00, 0xc4, 0x8a, 0x00, 0xc4, 0x8a, 0x00, 0xc4, 0x8a, 0x00, 0xc4, 0x8a,
    0x00, 0xc4, 0x8a, 0x00, 0xc4, 0x8a, 0x00, 0xc4, 0x8a, 0x00, 0xc4, 0x8a, 0x00, 0xc4, 0x8a, 0x00,
    0xc4, 0x8a, 0x00, 0xc4, 0x8a, 0x00, 0xc4, 0x8a, 0x00, 0xc4, 0x8a, 0x00, 0xc4, 0x8a, 0x00, 0xc4,
    0x8a, 0x00, 0xc4, 0x8a, 0x00, 0xc4, 0x8a, 0x00, 0xc4, 0x8a, 0x00, 0xc4, 0x8a, 0x00, 0xc4, 0x8a,
    0x00, 0xc4, 0x8a, 0x00, 0xc4, 0x8a, 0x00, 0xc4, 0x8a, 0x00, 0xc4, 0x8a, 0x00, 0xc4, 0x8a, 0x00,
    0xc4, 0x8a, 0x00, 0xc4, 0x8a, 0x00, 0xc4, 0x8a, 0x00, 0xc4, 0x8a, 0x00, 0xc4, 0x8a, 0x00, 0xc4,
    0x8a, 0x00, 0xc4, 0x8a, 0x00, 0xc4, 0x8a, 0x00, 0xc4, 0x8a, 0x00, 0xc4, 0x8a, 0x00, 0xc4, 0x8a,
    0x00, 0xc4, 0x8a, 0x00, 0xc4, 0x8a, 0x00, 0xc4, 0x8a, 0x00, 0xc4, 0x8a, 0x00, 0xc4, 0x8a, 0x00,
    0xc4, 0x8a, 0x00, 0xc4, 0x8a, 0x00, 0xc4, 0x8a, 0x00, 0xc4, 0x8a, 0x00, 0xc4, 0x8a, 0x00, 0xc4,
    0x8a, 0x00, 0xc4, 0x8a, 0x00, 0xc4, 0x8a, 0x00, 0xc4, 0x8a, 0x00, 0xc4, 0x8a, 0x00, 0xc4, 0x8a,
    0x00, 0xc4, 0x8a, 0x00, 0xc4, 0x8a, 0x00, 0xc4, 0x8a, 0x00, 0xc4, 0x8a, 0x00, 0xc4, 0x8a, 0x00,
    0xc4, 0x8a, 0x00, 0xc4, 0x8a, 0x00, 0xc4, 0x8a, 0x00, 0xc4, 0x8a, 0x00, 0xc4, 0x8a, 0x00, 0xc4,
    0x8a, 0x00, 0xc4, 0x8a, 0x00, 0xc4, 0x8a, 0x00, 0xc4, 0x8a, 0x00, 0xc4, 0x8a, 0x00, 0xc4, 0x8a,
    0x00, 0xc4, 0x8a, 0x00, 0xc4, 0x8a, 0x00, 0xc4, 0x8a, 0x00, 0xc4, 0x8a, 0x00, 0xc4, 0x8a, 0x00,
    0xc4, 0x8a, 0x00, 0xc4, 0x8a, 0x00, 0xc4, 0x8a, 0x00, 0xc4, 0x8a, 0x00, 0xc4, 0x8a, 0x00, 0xc4,
    0x8a, 0x00, 0xc4, 0x8a, 0x00, 0xc4, 0x8a, 0x00, 0xc4, 0x8a, 0x00, 0xc4, 0x8a, 0x00, 0xc4, 0x8a,
    0x00, 0xc4, 0x8a, 0x00, 0xc4, 0x8a, 0x00, 0xc4, 0x8a, 0x00, 0xc4, 0x8a, 0x00, 0xc4, 0x8a, 0x00,
    0xc4, 0x8a, 0x00, 0xc4, 0x8a, 0x00, 0xc4, 0x8a, 0x00, 0xc4, 0x8a, 0x00, 0xc4, 0x8a, 0x00, 0xc4,
    0x8a, 0x00, 0xc4, 0x8a, 0x00, 0xc4, 0x8a, 0x00, 0xc4, 0x8a, 0x00, 0xc4, 0x8a, 0x00, 0xc4, 0x8a,
    0x00, 0xc4, 0x8a, 0x00, 0xc4, 0x8a, 0x00, 0xc4, 0x8a, 0x00, 0xc4, 0x8a, 0x00, 0xc4, 0x8a, 0x00,
    0xc4, 0x8a, 0x00, 0xc4, 0x8a, 0x00, 0xc4, 0x8a, 0x00, 0xc4, 0x8a, 0x00, 0xc4, 0x8a, 0x00, 0xc4,
    0x8a, 0x00, 0xc4, 0x8a, 0x00, 0xc4, 0x8a, 0x00, 0xc4, 0x8a, 0x00, 0xc4, 0x8a, 0x00, 0xc4, 0x8a,
    0x00, 0xc4, 0x8a, 0x00, 0xc4, 0x8a, 0x00, 0xc4, 0x8a, 0x00, 0xc4, 0x8a, 0x00, 0xc4, 0x8a, 0x00,
    0xc4, 0x8a, 0x00, 0xc4, 0x8a, 0x00, 0xc4, 0x8a, 0x00, 0xc4, 0x8a, 0x00, 0xc4, 0x8a, 0x00, 0xc4,
    0x8a, 0x00, 0xc4, 0x8a, 0x00, 0xc4, 0x8a, 0x00, 0xc4, 0x8a, 0x00, 0xc4, 0x8a, 0x00, 0xc4, 0x8a,
    0x00, 0xc4, 0x8a, 0x00, 0xc4, 0x8a, 0x00, 0xc4, 0x8a, 0x00, 0xc4, 0x8a, 0x00, 0xc4, 0x8a, 0x00,
    0xc4, 0x8a, 0x00, 0xc4, 0x8a, 0x00, 0xc4, 0x8a, 0x00, 0xc4, 0x8a, 0x00, 0xc4, 0x8a, 0x00, 0xc4,
    0x8a, 0x00, 0xc4, 0x8a, 0x00, 0xc4, 0x8a, 0x00, 0xc4, 0x8a, 0x00, 0xc4, 0x8a, 0x00, 0xc4, 0x8a,
    0x00, 0xc4, 0x8a, 0x00, 0xc4, 0x8a, 0x00, 0xc4, 0x8a, 0x00, 0xc4, 0x8a, 0x00, 0xc4, 0x8a, 0x00,
    0xc4, 0x8a, 0x00, 0xc4, 0x8a, 0x00, 0xc4, 0x8a, 0x00, 0xc4, 0x8a, 0x00, 0xc4, 0x8a, 0x00, 0xc4,
    0x8a, 0x00, 0xc4, 0x8a, 0x00, 0xc4, 0x8a, 0x00, 0xc4, 0x8a, 0x00, 0xc4, 0x8a, 0x00, 0xc4, 0x8a,
    0x00, 0xc4, 0x8a, 0x00, 0xc4, 0x8a, 0x00, 0xc4, 0x8a, 0x00, 0xc4, 0x8a, 0x00, 0xc4, 0x8a, 0x00,
    0xc4, 0x8a, 0x00, 0xc4, 0x8a, 0x00, 0xc4, 0x8a, 0x00, 0xc4, 0x8a, 0x00, 0xc4, 0x8a, 0x00, 0xc4,
    0x8a, 0x00, 0xc4, 0x8a, 0x00, 0xc4, 0x8a, 0x00, 0xc4, 0x8a, 0x00, 0xc4, 0x8a, 0x00, 0xc4, 0x8a,
    0x00, 0xc4, 0x8a, 0x00, 0xc4, 0x8a, 0x00, 0xc4, 0x8a, 0x00, 0xc4, 0x8a, 0x00, 0xc4, 0x8a, 0x00,
    0xc4, 0x8a, 0x00, 0xc4, 0x8a, 0x00, 0xc4, 0x8a, 0x00, 0xc4, 0x8a, 0x00,
};

const lv_img_dsc_t lv_img_logo = {
    .header = {
        .cf = LV_IMG_CF_TRUE_COLOR_ALPHA,
        .always_zero = 0, .reserved = 0,
        .w = 130, .h = 74,
    },
    .data_size = 28860,
    .data = lv_img_logo_map,
};
